"question","slug","metaTitle","metaDescription","shortAnswer","body","datePublished","dateModified","parentGuide","parentGuideUrl","siblingAnswers","sourceNote","status"
"Are Boerne ISD schools good?","are-boerne-isd-schools-good","Are Boerne ISD schools good?","Boerne ISD scored 92 points with 20 distinctions in 2024-2025 and six straight A ratings, but four Kendall County elementaries graded lower.","By the state's own measure, yes. Boerne ISD has earned an A rating from the Texas Education Agency for six consecutive years, scoring 92 points in the 2024-2025 ratings with 20 distinction designations. Not every campus rated A — the Boerne Star reported lower grades at four elementaries.","<h2>The record</h2>
<p><strong>Six consecutive years of &quot;A&quot; ratings from the Texas Education Agency</strong>, including the 2024 and 2025 rating years. In the <strong>2024–2025 ratings, Boerne ISD scored 92 points and earned 20 distinction designations</strong> (<a href=""https://www.boernestar.com/article/11432,boerne-isd-six-straight-years-of-a-ratings"">Boerne Star</a>; <a href=""https://tea.texas.gov/texas-schools/accountability/academic-accountability/performance-reporting/2025-accountability-rating-system"">TEA 2025 Accountability Rating System</a>).</p>
<p>Six years is the number that carries weight. Any district can post one strong year. Six in a row, through a period in which the county's population grew sharply, is a durable result rather than a fluctuation.</p>
<h2>What an &quot;A&quot; actually measures, precisely</h2>
<p>Most explanations stop at &quot;it's a state rating.&quot; The actual arithmetic is public, and it changes how you should read a 92 (<a href=""https://tea.texas.gov/texas-schools/accountability/academic-accountability/performance-reporting/2025-a-f-statewide-summary-deck.pdf"">TEA, 2025 A–F Accountability Ratings summary</a>).</p>
<p>The overall grade is built from three domains, combined this way:</p>
<ul>
<li><strong>The better of Student Achievement or School Progress, weighted 70 percent</strong>, plus</li>
<li><strong>Closing the Gaps, weighted 30 percent.</strong></li>
</ul>
<p>And each domain measures something specific:</p>
<ul>
<li><strong>Student Achievement</strong> — &quot;What students know and can do.&quot; Built from <strong>STAAR, CCMR and graduation</strong>.</li>
<li><strong>School Progress</strong> — &quot;How far students have come or how campuses have done compared to similar comparison groups.&quot; It is itself a better-of: the higher of <strong>Academic Growth or Relative Performance</strong>.</li>
<li><strong>Closing the Gaps</strong> — &quot;How different student groups are performing.&quot;</li>
</ul>
<p><strong>A is the 90–100 band.</strong> Boerne ISD's 92 sits in the lower half of that band, not at the top of it.</p>
<p>There is also a floor rule worth knowing, printed in TEA's own summary: &quot;If a campus receives a D or an F for 3 of the 4 domains listed above, their final scale score is capped at 69 and 59 (respectively), unless the campus is not scored on all four domains, or the student achievement domain is above a D or F (respectively).&quot;</p>
<h2>The honest reading of a 70/30 better-of formula</h2>
<p>Put the structure and the campus results side by side, because they explain each other.</p>
<p>A &quot;better of&quot; weighted composite means <strong>a strong achievement score can carry a weaker growth score</strong>. If a district's students already test well, the achievement domain can supply the 70 percent on its own, and how far those students moved this year never has to be the number that counts. The reverse is also true and is how a district serving a harder population can rate well on growth alone.</p>
<p>That is exactly why <strong>Boerne ISD can hold six straight A ratings while four of its elementaries rate lower.</strong> Both facts are real. The district composite is not an average of campus grades, and it is not a promise about any individual campus.</p>
<p>Neither half of that should be softened. A six-year A is a genuine, hard-to-fake result. It is also a weighted composite of standardized assessment, CCMR and graduation outcomes, and it does not measure class size, teacher retention, the arts program, athletics, special education services, counselor load, or whether a particular child will be happy in a particular building.</p>
<p><strong>Distinction designations</strong> are a separate award layer — campuses earn them for top-quartile performance in specific areas relative to a comparison group of similar campuses. Twenty of them across a district the size of Boerne ISD is a broad result, not one flagship school carrying the average.</p>
<h2>The district rating is not the campus rating</h2>
<p><strong>Not every Boerne ISD campus rated A.</strong> The Boerne Star reported that <strong>Viola Wilson, Currington, Herff and Kendall elementaries received lower grades</strong> (<a href=""https://www.boernestar.com/article/11432,boerne-isd-six-straight-years-of-a-ratings"">Boerne Star</a>).</p>
<p>That matters more to a buyer than the district average does, because a child attends one campus, not a district. Two houses a mile apart inside the same &quot;A-rated district&quot; can zone to campuses with different ratings, different demographics and different programs.</p>
<p>This is also why &quot;we bought in the A district&quot; is an incomplete diligence story. Look up the individual campus rating for the attendance zone of the specific address, on TEA's own reporting rather than a real estate portal's summary score, and confirm the zone with the district office. When you pull it, look at the <strong>domain breakdown</strong>, not just the letter — a campus rated on growth and a campus rated on achievement got there by different routes, and the routes tell you different things about what your child would walk into.</p>
<h2>Attendance zones move in growing districts</h2>
<p><strong>Kendall County grew 20.3 percent between 2020 and 2025</strong>, from an estimated 44,568 to 53,289 residents, mostly through domestic migration (<a href=""https://communityimpact.com/san-antonio/boerne-fair-oaks-ranch/government/2026/03/30/kendall-county-population-increases-by-203-from-2020-2025/"">Community Impact</a>).</p>
<p>Districts absorbing that kind of growth rezone. New campuses open, boundaries shift, and a home that zones to one elementary this year may zone elsewhere after the next boundary study. No listing, no agent and no website can promise a future attendance zone. The district is the only source, and even the district can only tell you the current one.</p>
<p>If a specific campus is the reason you are buying a specific house, ask the district directly, in writing, what the current zone is and whether a boundary study is underway.</p>
<h2>The rating has a cost line</h2>
<p>Building classrooms for a growing enrollment is financed with bonds, and bond debt appears on the tax rate. Boerne ISD's <strong>2025 rate was 1.0109 per $100</strong> of taxable value — <strong>0.6969 maintenance and operations plus 0.3140 debt service</strong>. Recent history: 0.9909 in 2024, 0.9932 in 2023, 1.1786 in 2022 and 1.2046 in 2021 (<a href=""https://www.co.kendall.tx.us/295/Boerne-ISD"">Kendall County</a>).</p>
<p>Two things to read out of that series. First, the rate is not a straight line; it has come down substantially from 2021 while the debt component funds growth. Second, the school district is the largest single line on most Boerne-area tax bills, which is the trade a buyer makes for the rating.</p>
<p>Texas school districts are required to grant a <strong>residence homestead exemption</strong>, and Kendall AD notes that <strong>Boerne ISD is among the local jurisdictions offering over-65 and disability tax &quot;freezes,&quot;</strong> along with the City of Boerne, Comfort ISD and Kendall County (<a href=""https://kendallad.org/adopted-tax-rates-and-exemptions/"">Kendall Appraisal District</a>). Kendall AD is the office that applies those to your account.</p>
<h2>Who else is in Boerne ISD — and who is not</h2>
<p><strong>Most of Fair Oaks Ranch is served by Boerne ISD</strong>, even though that city's limits span Bexar, Comal and Kendall counties (<a href=""https://en.wikipedia.org/wiki/Fair_Oaks_Ranch,_Texas"">Wikipedia, Fair Oaks Ranch</a>). So a Fair Oaks Ranch address can be in a different county from a Boerne address and still feed the same district.</p>
<p><strong>Bulverde is served by Comal ISD</strong>, not Boerne ISD (<a href=""https://en.wikipedia.org/wiki/Bulverde,_Texas"">Wikipedia, Bulverde</a>). Comal ISD is a separate district with its own rating record and its own adopted rate. Do not carry Boerne ISD's numbers across that line.</p>
<p><strong>Comfort ISD</strong> also appears on Kendall County tax bills, serving the western part of the county (<a href=""https://kendallad.org/adopted-tax-rates-and-exemptions/"">Kendall Appraisal District</a>).</p>
<h2>What to actually do</h2>
<ol>
<li>Get the exact address, not the subdivision name.</li>
<li>Ask the district for the current attendance zone for that address, in writing.</li>
<li>Pull that campus's own TEA rating, and read the domain breakdown, not just the letter.</li>
<li>Tour the campus. A rating cannot tell you whether the principal is any good.</li>
<li>Confirm the taxing units on the parcel's appraisal record with Kendall AD before you build a payment estimate around them.</li>
</ol>
<h2>Related questions</h2>
<ul>
<li><a href=""/answers/is-boerne-texas-a-good-place-to-live"">Is Boerne, Texas a good place to live?</a></li>
<li><a href=""/answers/why-are-homes-in-boerne-so-expensive"">Why are homes in Boerne, Texas so expensive?</a></li>
<li><a href=""/answers/boerne-vs-fair-oaks-ranch-vs-bulverde"">Boerne vs. Fair Oaks Ranch vs. Bulverde: which should I buy in?</a></li>
<li><a href=""/answers/what-are-property-taxes-like-in-boerne"">What are property taxes like in Boerne, Texas?</a></li>
<li><a href=""/answers/is-boerne-texas-growing"">Is Boerne, Texas growing?</a></li>
</ul>
<h2>Questions about a specific property?</h2>
<p>Call or text <strong><a href=""tel:+1-830-446-3847"">830-446-3847</a></strong> · Email <strong><a href=""mailto:heath.shepard@kw.com"">heath.shepard@kw.com</a></strong></p>
<hr>
<p><em>School ratings and attendance zones are published and changed by the Texas Education Agency and the school district, not by real estate professionals. Verify the campus and zone for a specific address with Boerne ISD, and exemption questions with Kendall Appraisal District.</em></p>","","2026-09-17","schools","https://www.theheathshepardrealestateteam.com/boerne/schools","is-boerne-texas-a-good-place-to-live,why-are-homes-in-boerne-so-expensive,boerne-vs-fair-oaks-ranch-vs-bulverde,what-are-property-taxes-like-in-boerne,is-boerne-texas-growing","https://www.boernestar.com/article/11432,boerne-isd-six-straight-years-of-a-ratings
https://tea.texas.gov/texas-schools/accountability/academic-accountability/performance-reporting/2025-a-f-statewide-summary-deck.pdf
https://tea.texas.gov/texas-schools/accountability/academic-accountability/performance-reporting/2025-accountability-rating-system
https://www.co.kendall.tx.us/295/Boerne-ISD
https://kendallad.org/adopted-tax-rates-and-exemptions/
https://en.wikipedia.org/wiki/Fair_Oaks_Ranch,_Texas
https://en.wikipedia.org/wiki/Bulverde,_Texas
https://communityimpact.com/san-antonio/boerne-fair-oaks-ranch/government/2026/03/30/kendall-county-population-increases-by-203-from-2020-2025/","draft"
"Are property taxes prorated at closing in Texas?","are-property-taxes-prorated-at-closing-in-texas","Are property taxes prorated at closing in Texas?","TREC 20-19 Paragraph 13 prorates taxes through the Closing Date, lets an exemption change count, and leaves buyer and seller to true up later.","Yes. Under Paragraph 13 of the TREC 20-19 contract, taxes for the current year are prorated through the Closing Date. The title company allocates the year between seller and buyer on the settlement statement, the proration may take a change in exemptions into account, and the parties must adjust it once the actual tax statements are available.","<h2>The exact language, because paraphrases of it are wrong</h2>
<p>Proration is not a custom or a title company convention. It is a paragraph in the promulgated contract. Here is <strong>Paragraph 13 of the One to Four Family Residential Contract (Resale), TREC form 20-19</strong>, in full (<a href=""https://www.trec.texas.gov/sites/default/files/pdf-forms/20-19_4.pdf"">TREC 20-19</a>):</p>
<blockquote>
<p>&quot;Taxes for the current year, interest, rents, and regular periodic maintenance fees, assessments, and dues (including prepaid items) will be prorated through the Closing Date. The tax proration may be calculated taking into consideration any change in exemptions that will affect the current year's taxes. If taxes for the current year vary from the amount prorated at closing, the parties shall adjust the prorations when tax statements for the current year are available. If taxes are not paid at or prior to closing, Buyer shall pay taxes for the current year.&quot;</p>
</blockquote>
<p>Four sentences. Each one does something, and three of them routinely surprise people. Note also that taxes are not the only thing ¶13 prorates — interest, rents, and regular periodic maintenance fees, assessments and dues are in the same sentence, which matters on an HOA property or a home with a tenant in place.</p>
<p>Form 20-19 is the current resale contract, carrying a <strong>05-04-2026</strong> form date (<a href=""https://www.trec.texas.gov/forms/one-four-family-residential-contract-resale"">TREC</a>). Condominiums, builder new construction and farm and ranch each use a different promulgated form, and the proration language should be read in the form actually being used.</p>
<h2>Why proration exists: the calendar does not line up with the closing</h2>
<p>A Texas property tax bill covers a <strong>calendar year</strong>, and the statement for that year does not arrive until late in it. Nobody is paying in January for the year ahead.</p>
<p>So a June closing splits a year whose bill has not been issued yet. The seller owned part of the year; the buyer will own the rest; and whoever owns the property when the statement lands is the one who pays it. That is what the last sentence of ¶13 is doing: &quot;If taxes are not paid at or prior to closing, <strong>Buyer shall pay taxes for the current year.</strong>&quot;</p>
<p>The practical mechanic: the seller's share of the year is <strong>credited to the buyer on the settlement statement</strong>, and the buyer pays the full-year bill when it comes. In an ordinary resale the seller does not write a check to the tax office at closing.</p>
<h2>&quot;Prorated through the Closing Date&quot;</h2>
<p>The split point is the <strong>Closing Date</strong> as defined in the contract, not the effective date, not the funding date, not the day the movers arrive. Everything ¶13 lists is divided at that line.</p>
<p>Because the current year's rates and values are frequently not final at closing, the figures used are estimates. Taxing units adopt rates in late summer and fall; appraisal districts certify values on their own schedule. A March closing is prorating a year nobody has finished calculating.</p>
<p>Rates do move. Boerne ISD adopted <strong>1.0109 per $100</strong> of taxable value for 2025 after 0.9909 in 2024 (<a href=""https://www.co.kendall.tx.us/295/Boerne-ISD"">Kendall County</a>). The City of Boerne held at <strong>0.4716</strong> for both 2024 and 2025 (<a href=""https://www.kendallcountytx.gov/297/Boerne-City-of"">Kendall County</a>). Kendall County adopted <strong>0.377</strong> for 2025 and <strong>0.373</strong> for 2026 (<a href=""https://www.co.kendall.tx.us/306/Kendall-County"">Kendall County</a>). Rates drift by small amounts. Appraised values in a fast-growing county move far more, which is where most of the variance comes from.</p>
<p>Ask the title company which year's rates and values they used. That is a fair, ordinary question and they will answer it.</p>
<h2>The exemption sentence is the one that bites</h2>
<p>&quot;The tax proration <strong>may be calculated taking into consideration any change in exemptions that will affect the current year's taxes</strong>.&quot;</p>
<p>Read that carefully. It is permissive — <em>may</em> — and it points at a real problem: the seller's exemptions and the buyer's exemptions are not the same, and the current year's taxes can change because of the sale itself.</p>
<p>Where this hurts:</p>
<ul>
<li><strong>Buying from an over-65 seller.</strong> That seller's school district taxes may have sat under a <a href=""/answers/texas-over-65-property-tax-exemption-and-school-tax-ceiling"">school tax ceiling</a>, frozen at the amount for the year they qualified, plus an additional $60,000 school exemption. None of that belongs to the buyer.</li>
<li><strong>Buying from a disabled veteran.</strong> A qualifying veteran can hold a <a href=""/answers/texas-disabled-veteran-property-tax-exemption"">total exemption on the residence homestead</a> — the entire appraised value. A proration run off that seller's tax picture can start from nearly nothing.</li>
<li><strong>Buying from anyone with a long-held homestead.</strong> The 10% homestead cap can hold the seller's taxable value well below market. The cap does not transfer.</li>
</ul>
<p>And the buyer's own exemption does not fill the gap in year one. A residence homestead exemption requires the owner to have <strong>owned and occupied the home as a principal residence on January 1</strong> of the tax year (<a href=""https://comptroller.texas.gov/taxes/property-tax/exemptions/"">Texas Comptroller</a>). A buyer who closes in June did not. Their own <a href=""/answers/what-is-the-texas-homestead-exemption"">homestead exemption</a> — <strong>$140,000</strong> at the school district for 2026 — generally starts the following January 1, with the application due before May 1.</p>
<p>So the current year can be a gap year: the seller's exemptions are gone and the buyer's have not started. That is precisely the situation ¶13's exemption sentence contemplates, and precisely the situation a proration built on last year's bill fails to capture.</p>
<p>Tell the title company, before closing, what exemptions the seller holds and what you will and will not qualify for. They cannot take something into consideration that nobody mentioned.</p>
<h2>The true-up obligation runs between the parties, and nothing triggers it</h2>
<p>&quot;If taxes for the current year vary from the amount prorated at closing, <strong>the parties shall adjust the prorations when tax statements for the current year are available.</strong>&quot;</p>
<p>There is a contractual obligation to adjust. This is stronger than most people assume — it is not a courtesy.</p>
<p>It is also weaker than it sounds in practice, for one reason: <strong>it runs between buyer and seller, not through the title company.</strong> The file is closed. Nobody is holding funds. No system sends a reminder in December when the tax statements come out. The obligation sits in a contract in a drawer while both parties have moved on, and in most transactions nobody ever raises it.</p>
<p>If the variance is large enough to matter — and on a property where exemptions changed, it can be — the practical steps are to calendar the tax statement date, run the actual numbers, and raise it in writing with the other party. How to enforce that obligation if the other side declines is a question for a <strong>Texas real estate attorney</strong>. The contract itself says so: ¶23 of form 20-19 states that &quot;TREC rules prohibit real estate brokers and sales agents from giving legal advice&quot; and provides fields for each party's attorney.</p>
<h2>Where taxes actually appear on the settlement statement</h2>
<p>Two other paragraphs in the same contract put taxes on the closing statement in places people do not expect (<a href=""https://www.trec.texas.gov/sites/default/files/pdf-forms/20-19_4.pdf"">TREC 20-19</a>):</p>
<ul>
<li><strong>¶12A(1) Seller's Expenses</strong> includes &quot;<strong>tax statements or certificates</strong>.&quot; The seller pays for the tax certificate that establishes what is owed.</li>
<li><strong>¶12A(2) Buyer's Expenses</strong> includes &quot;all prepaid items, including required premiums for flood and hazard insurance, <strong>reserve deposits for insurance, ad valorem taxes and special governmental assessments</strong>.&quot; That is the escrow reserve — money collected up front so the lender can pay the tax bill later.</li>
</ul>
<p>The reserve deposit is not the proration. They are two different lines doing two different jobs, and confusing them is a common reason a settlement statement looks like it double-charges for taxes. Ask the title company to walk you through both lines.</p>
<h2>The escrow shortfall arrives later, and it is not a mistake</h2>
<p>If taxes are escrowed, an under-estimated first year does not stay quiet. The servicer collects based on the estimate, the real bill arrives higher, the escrow account runs short, and when the servicer re-analyzes the account the monthly payment goes up to cover both the shortfall and the higher going-forward amount.</p>
<p>That adjustment lands well after closing, and it is almost always traceable to a first-year estimate built on the seller's exemptions. The number to budget from is an estimate built on the <strong>purchase price</strong>, the <strong>current adopted rates for the actual taxing units on that parcel</strong>, and the <strong>exemptions the buyer personally will qualify for</strong>. Kendall Appraisal District publishes adopted rates and exemptions entity by entity (<a href=""https://kendallad.org/adopted-tax-rates-and-exemptions/"">kendallad.org</a>).</p>
<p>Boerne property is in <strong>Kendall County</strong>, not Bexar County and not the City of San Antonio, so Bexar CAD figures and San Antonio rates do not describe a Boerne bill.</p>
<h2>Situations to raise before the option period ends</h2>
<ul>
<li><strong>Ag-valued or wildlife-valued land.</strong> A change of use triggers a three-year rollback, a separate liability from the year's proration, allocated by the contract's own terms.</li>
<li><strong>New construction.</strong> A property that was a vacant lot on January 1 may be appraised as a lot for the current year. The following year looks nothing like the proration.</li>
<li><strong>A seller whose exemption status is changing mid-year</strong> — a death, a trust transfer, a move.</li>
<li><strong>MUD, PID or special district assessments.</strong> Not all of it is ad valorem tax, and ¶13 handles assessments and dues in the same breath as taxes without making them the same thing.</li>
<li><strong>A tenant in place</strong>, since ¶13 also prorates rents.</li>
</ul>
<p>If the appraised value itself looks wrong after closing, the protest deadline is <strong>May 15, or 30 days after the district mails the notice of appraised value, whichever is later</strong> (<a href=""https://comptroller.texas.gov/taxes/property-tax/protests/"">Texas Comptroller</a>).</p>
<h2>What to actually do</h2>
<ol>
<li>Read ¶13 in your own contract and confirm it is the resale form.</li>
<li>Ask the title company which year's rates and values they used, and whether exemption changes were taken into consideration.</li>
<li>Ask what the seller's exemptions are. Get the answer before closing.</li>
<li>Estimate your own first full-year bill from purchase price, current rates and your own exemptions.</li>
<li>Calendar the date current-year tax statements become available, and check the variance against the proration.</li>
<li>Keep the settlement statement.</li>
</ol>
<p>The proration calculation and the funds are the title company's. What ¶13 requires of you in your specific deal is a question for a Texas real estate attorney, values and exemptions are determined by the appraisal district, and tax consequences belong with a CPA.</p>
<h2>Related questions</h2>
<ul>
<li><a href=""/answers/what-happens-at-a-texas-closing"">What happens at a Texas closing?</a></li>
<li><a href=""/answers/who-pays-closing-costs-in-texas"">Who pays closing costs in Texas?</a></li>
<li><a href=""/answers/why-did-my-texas-property-taxes-go-up"">Why did my Texas property taxes go up?</a></li>
<li><a href=""/answers/what-is-the-texas-homestead-exemption"">What is the Texas homestead exemption in 2026?</a></li>
<li><a href=""/answers/texas-over-65-property-tax-exemption-and-school-tax-ceiling"">What is the Texas over-65 property tax exemption and school tax ceiling?</a></li>
</ul>
<h2>Questions about a specific property?</h2>
<p>Call or text <strong><a href=""tel:+1-830-446-3847"">830-446-3847</a></strong> · Email <strong><a href=""mailto:heath.shepard@kw.com"">heath.shepard@kw.com</a></strong></p>
<hr>
<p><em>This page explains how property tax proration works under the TREC contract. It is not legal or tax advice. Paragraph 23 of the contract states that TREC rules prohibit brokers and sales agents from giving legal advice — take contract interpretation to a Texas real estate attorney, the calculation to the title company, and tax consequences to a CPA.</em></p>","","2026-09-17","property-taxes","https://www.theheathshepardrealestateteam.com/boerne/property-taxes","what-happens-at-a-texas-closing,who-pays-closing-costs-in-texas,why-did-my-texas-property-taxes-go-up,what-is-the-texas-homestead-exemption,texas-over-65-property-tax-exemption-and-school-tax-ceiling","https://www.trec.texas.gov/sites/default/files/pdf-forms/20-19_4.pdf
https://www.trec.texas.gov/forms/one-four-family-residential-contract-resale
https://comptroller.texas.gov/taxes/property-tax/exemptions/
https://comptroller.texas.gov/taxes/property-tax/protests/
https://www.co.kendall.tx.us/295/Boerne-ISD
https://www.co.kendall.tx.us/306/Kendall-County
https://www.kendallcountytx.gov/297/Boerne-City-of
https://kendallad.org/adopted-tax-rates-and-exemptions/","draft"
"Boerne vs. Fair Oaks Ranch vs. Bulverde: which should I buy in?","boerne-vs-fair-oaks-ranch-vs-bulverde","Boerne vs. Fair Oaks Ranch vs. Bulverde: which should I buy in?","Fair Oaks Ranch spans Bexar, Comal and Kendall counties; Bulverde is Comal ISD on US 281; Boerne is the Kendall County seat on I-10.","Boerne is the Kendall County seat on I-10, with city utilities and Boerne ISD. Fair Oaks Ranch incorporated in 1988 and spans Bexar, Comal and Kendall counties, so your appraisal district depends on the lot. Bulverde is Comal County, incorporated 1999, Comal ISD, on US 281.","<h2>The side-by-side</h2>
<table>
<thead>
<tr>
<th></th>
<th>Boerne</th>
<th>Fair Oaks Ranch</th>
<th>Bulverde</th>
</tr>
</thead>
<tbody>
<tr>
<td>County</td>
<td>Kendall (county seat)</td>
<td><strong>Bexar, Comal and Kendall</strong></td>
<td>Comal</td>
</tr>
<tr>
<td>Incorporated</td>
<td>Long-established city; county seat</td>
<td><strong>1988</strong></td>
<td><strong>1999</strong></td>
</tr>
<tr>
<td>2020 census population</td>
<td><strong>18,084</strong></td>
<td><strong>9,833</strong></td>
<td><strong>5,692</strong></td>
</tr>
<tr>
<td>School district</td>
<td>Boerne ISD</td>
<td><strong>Most of the city is Boerne ISD</strong></td>
<td><strong>Comal ISD</strong></td>
</tr>
<tr>
<td>Main highway</td>
<td><strong>I-10</strong></td>
<td>Between I-10 and US 281</td>
<td><strong>US 281</strong></td>
</tr>
<tr>
<td>Distance to San Antonio</td>
<td>~31 miles NW on I-10</td>
<td>Adjacent to northwest Bexar County</td>
<td>North of San Antonio on 281</td>
</tr>
</tbody>
</table>
<p>Sources: <a href=""https://www.city-data.com/city/Boerne-Texas.html"">City-Data, Boerne</a>; <a href=""https://worldpopulationreview.com/us-cities/texas/boerne"">World Population Review</a>; <a href=""https://en.wikipedia.org/wiki/Fair_Oaks_Ranch,_Texas"">Wikipedia, Fair Oaks Ranch</a>; <a href=""https://www.tshaonline.org/handbook/entries/fair-oaks-ranch-tx"">Texas State Historical Association</a>; <a href=""https://en.wikipedia.org/wiki/Bulverde,_Texas"">Wikipedia, Bulverde</a>; <a href=""https://www.bulverdetx.gov/304/About-Bulverde"">City of Bulverde</a>.</p>
<h2>The one fact that surprises everybody: Fair Oaks Ranch is in three counties</h2>
<p><strong>Fair Oaks Ranch city limits span Bexar, Comal and Kendall counties</strong> (<a href=""https://en.wikipedia.org/wiki/Fair_Oaks_Ranch,_Texas"">Wikipedia</a>; <a href=""https://www.tshaonline.org/handbook/entries/fair-oaks-ranch-tx"">TSHA</a>). Two houses on the same street can sit in different counties.</p>
<p>That is not trivia. County determines:</p>
<ul>
<li><strong>Which appraisal district values your home and takes your homestead exemption and protest.</strong> A Kendall County parcel files with <a href=""https://kendallad.org/adopted-tax-rates-and-exemptions/"">Kendall Appraisal District</a>. A Bexar County parcel files with Bexar CAD. A Comal County parcel files with Comal CAD. Filing with the wrong one is a real and common relocation mistake, and the exemption deadline is before May 1.</li>
<li><strong>Which county line items appear on your tax bill,</strong> and at which rates.</li>
<li><strong>Which county offices you deal with</strong> for recording, permits outside the city, and emergency services districts.</li>
</ul>
<p>So &quot;Fair Oaks Ranch taxes&quot; is not one answer. It is three, depending on the lot. Pull the specific parcel's appraisal record before you assume.</p>
<p>The compensating simplicity: <strong>most of Fair Oaks Ranch is served by Boerne ISD</strong>, so the school variable is usually stable across the city even when the county variable is not. Confirm the specific address with the district.</p>
<h2>Boerne: city services and the county seat</h2>
<p>Boerne is the <strong>county seat of Kendall County</strong>, about 31 miles northwest of San Antonio on I-10. Inside the city limits you get municipal utilities and a city government that regulates what happens on your block and, for some ordinances, out into the extraterritorial jurisdiction.</p>
<p>The 2025 adopted rates for a city-limits home in Boerne ISD, per $100 of taxable value:</p>
<ul>
<li><strong>Boerne ISD: 1.0109</strong> — 0.6969 M&amp;O plus 0.3140 debt, up from 0.9909 in 2024 (<a href=""https://www.co.kendall.tx.us/295/Boerne-ISD"">Kendall County</a>).</li>
<li><strong>City of Boerne: 0.4716</strong> — also 0.4716 in 2024, 0.4766 in 2023, 0.4510 in 2022 (<a href=""https://www.kendallcountytx.gov/297/Boerne-City-of"">Kendall County</a>).</li>
<li><strong>Kendall County: 0.377</strong> — 0.317976 M&amp;O plus 0.059024 debt, down from 0.3827 in 2024 (<a href=""https://www.co.kendall.tx.us/306/Kendall-County"">Kendall County</a>).</li>
</ul>
<p>Kendall County's rate applies countywide, so a Fair Oaks Ranch home on the Kendall side pays it too — while one on the Bexar or Comal side pays that county's rate instead.</p>
<p>Sales tax in Boerne is <strong>8.25 percent</strong>: 6.25 state, 1.50 city, 0.50 county (<a href=""https://www.ci.boerne.tx.us/646/Current-Tax-Rates"">City of Boerne</a>).</p>
<p>Buy in Boerne when you want walkable downtown access, I-10 as your commute, city water and sewer, and Boerne ISD without a county-line question.</p>
<h2>The school district line is the largest single number on the bill</h2>
<p>Compare the layers rather than the towns. For 2025, per $100 of taxable value:</p>
<table>
<thead>
<tr>
<th>Taxing unit</th>
<th>2025 adopted rate</th>
</tr>
</thead>
<tbody>
<tr>
<td><strong>Comal ISD</strong></td>
<td><strong>1.0748</strong> — 0.7248 M&amp;O plus 0.3500 debt (<a href=""https://www.co.kendall.tx.us/299/Comal-ISD"">Kendall County</a>)</td>
</tr>
<tr>
<td><strong>Boerne ISD</strong></td>
<td><strong>1.0109</strong> — 0.6969 M&amp;O plus 0.3140 debt (<a href=""https://www.co.kendall.tx.us/295/Boerne-ISD"">Kendall County</a>)</td>
</tr>
<tr>
<td><strong>Comfort ISD</strong></td>
<td><strong>0.9328</strong> — down from 0.9603 in 2024 and 0.9626 in 2023 (<a href=""https://www.kendallcountytx.gov/300/Kendall-County"">Kendall County</a>)</td>
</tr>
<tr>
<td>City of Boerne</td>
<td>0.4716 (<a href=""https://www.kendallcountytx.gov/297/Boerne-City-of"">Kendall County</a>)</td>
</tr>
<tr>
<td>Kendall County</td>
<td>0.377 (<a href=""https://www.co.kendall.tx.us/306/Kendall-County"">Kendall County</a>)</td>
</tr>
</tbody>
</table>
<p>Read the column, not the rows. Every school district rate on that list is <strong>larger than the city and county rates combined</strong>. In Boerne city limits, the 1.0109 school line is more than the 0.4716 city line and the 0.377 county line added together, and the same holds for a Comal ISD parcel.</p>
<p>Which means the practical version of this comparison is simple: <strong>which ISD a parcel sits in moves the monthly payment more than which city name is on the mailing address.</strong> A Bulverde home in Comal ISD carries 1.0748 where a Boerne-area home in Boerne ISD carries 1.0109 — on the same taxable value, that gap is a real line in a lender's escrow calculation, separate from any difference in price.</p>
<p>Comal ISD's own recent trend, per $100: <strong>1.0748 in 2025</strong>, down from <strong>1.0869 in 2024</strong> and <strong>1.0892 in 2023</strong>, with the debt component holding at 0.3500 each of those years (<a href=""https://www.co.kendall.tx.us/299/Comal-ISD"">Kendall County</a>). Kendall County publishes it because part of the county falls inside Comal ISD.</p>
<p>Rates are adopted annually by each taxing unit and they move independently. Pull the current year for the specific parcel before building a payment around any of these, and take the payment math to your <strong>lender</strong>.</p>
<h2>Bulverde: the 281 side, and a different ISD</h2>
<p><strong>Bulverde is in Comal County, incorporated in 1999, with a 2020 census population of 5,692, and US 281 runs through the east side</strong> (<a href=""https://en.wikipedia.org/wiki/Bulverde,_Texas"">Wikipedia</a>; <a href=""https://www.bulverdetx.gov/304/About-Bulverde"">City of Bulverde</a>).</p>
<p>The defining differences from Boerne:</p>
<ul>
<li><strong>Comal ISD, not Boerne ISD.</strong> Different rating record, different bond history, different tax rate. Comal ISD adopted <strong>1.0748 per $100 for 2025</strong> — 0.7248 M&amp;O plus 0.3500 debt — after 1.0869 in 2024 and 1.0892 in 2023 (<a href=""https://www.co.kendall.tx.us/299/Comal-ISD"">Kendall County</a>). That is the single largest line on the bill, and it is higher than Boerne ISD's 1.0109.</li>
<li><strong>Comal Appraisal District, not Kendall AD.</strong></li>
<li><strong>US 281 rather than I-10.</strong> That is a different commute into a different part of San Antonio, and it serves the north-central employment corridor better than I-10 does.</li>
<li><strong>A younger, smaller municipality.</strong> Incorporated in 1999 versus Fair Oaks Ranch's 1988 and Boerne's long history as the county seat. Newer cities have less accumulated infrastructure and fewer accumulated ordinances — read that as a pro or a con depending on what you want.</li>
</ul>
<h2>How to actually choose</h2>
<p>Work the decision in this order:</p>
<ol>
<li><strong>Which employment center do you drive to?</strong> I-10 favors Boerne and Fair Oaks Ranch. US 281 favors Bulverde. Drive the route on a weekday at your real departure time before anything else.</li>
<li><strong>Which school district, and which campus?</strong> Boerne ISD has held a <strong>Texas Education Agency &quot;A&quot; rating for six consecutive years</strong> (<a href=""https://www.boernestar.com/article/11432,boerne-isd-six-straight-years-of-a-ratings"">Boerne Star</a>), but campus-level grades vary within it, and Comal ISD is a separate system entirely. Verify the attendance zone with the district for the exact address.</li>
<li><strong>City limits, ETJ, or unincorporated?</strong> That decides whether you get city water and sewer or a well and septic, whether city ordinances apply, and which taxing entities bill you.</li>
<li><strong>Pull the parcel's appraisal record last, and use it to confirm county, district, and every taxing unit on the bill.</strong> Do not reconstruct that from a listing sheet.</li>
</ol>
<h2>What none of the three escapes</h2>
<p>Groundwater. Kendall County groundwater is regulated by the <strong>Cow Creek Groundwater Conservation District</strong>, which sets drought stages and pumping rules (<a href=""https://ccgcd.org/"">ccgcd.org</a>), and Comal and Bexar county wells fall under their own districts. Any acreage property on a private well in this region carries well-yield and drought-rule due diligence that a city tap does not.</p>
<h2>Related questions</h2>
<ul>
<li><a href=""/answers/is-boerne-texas-a-good-place-to-live"">Is Boerne, Texas a good place to live?</a></li>
<li><a href=""/answers/what-are-property-taxes-like-in-boerne"">What are property taxes like in Boerne, Texas?</a></li>
<li><a href=""/answers/are-boerne-isd-schools-good"">Are Boerne ISD schools good?</a></li>
<li><a href=""/answers/how-far-is-boerne-from-san-antonio"">How far is Boerne from San Antonio?</a></li>
<li><a href=""/answers/should-i-buy-in-boerne-city-limits-or-unincorporated-kendall-county"">Should I buy inside Boerne city limits or in unincorporated Kendall County?</a></li>
</ul>
<h2>Questions about a specific property?</h2>
<p>Call or text <strong><a href=""tel:+1-830-446-3847"">830-446-3847</a></strong> · Email <strong><a href=""mailto:heath.shepard@kw.com"">heath.shepard@kw.com</a></strong></p>
<hr>
<p><em>Jurisdiction and district boundaries control real money and are verified per parcel, not per city. Confirm county and taxing units with the appraisal district for the specific address, attendance zones with the school district, and platting or ETJ questions with the relevant city planning department.</em></p>","","2026-09-17","vs-san-antonio","https://www.theheathshepardrealestateteam.com/boerne/vs-san-antonio","is-boerne-texas-a-good-place-to-live,what-are-property-taxes-like-in-boerne,are-boerne-isd-schools-good,how-far-is-boerne-from-san-antonio,should-i-buy-in-boerne-city-limits-or-unincorporated-kendall-county","https://en.wikipedia.org/wiki/Fair_Oaks_Ranch,_Texas
https://www.tshaonline.org/handbook/entries/fair-oaks-ranch-tx
https://en.wikipedia.org/wiki/Bulverde,_Texas
https://www.bulverdetx.gov/304/About-Bulverde
https://www.city-data.com/city/Boerne-Texas.html
https://worldpopulationreview.com/us-cities/texas/boerne
https://kendallad.org/adopted-tax-rates-and-exemptions/
https://www.kendallcountytx.gov/297/Boerne-City-of
https://www.co.kendall.tx.us/295/Boerne-ISD
https://www.co.kendall.tx.us/299/Comal-ISD
https://www.co.kendall.tx.us/306/Kendall-County
https://www.kendallcountytx.gov/300/Kendall-County
https://www.boernestar.com/article/11432,boerne-isd-six-straight-years-of-a-ratings
https://ccgcd.org/
https://www.ci.boerne.tx.us/646/Current-Tax-Rates","draft"
"Can an HOA ban short-term rentals in Texas?","can-an-hoa-ban-short-term-rentals-in-texas","Can an HOA ban short-term rentals in Texas?","Tarr v. Timberwood Park (Tex. 2018) only construed a bare residential-purposes covenant. An amended Texas HOA declaration can still bar Airbnb.","Often yes. Texas has no statewide short-term rental preemption statute, and an HOA declaration is a private contract that can be amended to restrict or prohibit short-term rentals. Tarr v. Timberwood Park (Tex. 2018) held only that a bare residential-purposes-only covenant does not by itself bar short stays.","<h2>What Tarr actually decided</h2>
<p><strong>Tarr v. Timberwood Park Owners Association</strong>, No. 17-0088 (Tex. 2018), is the case every investor hears about and almost nobody reads. The Texas Supreme Court held, unanimously, that where renters use a single-family home for a residential purpose, the rental does not violate a bare &quot;residential purposes only&quot; covenant — regardless of how short the stay is (<a href=""https://www.tml.org/DocumentCenter/View/4951/Short-Term-Rentals---4-2024-PDF"">Texas Municipal League, <em>Short-Term Rentals</em></a>).</p>
<p>Read the scope of that carefully, because the scope is the whole point:</p>
<ul>
<li>It is a case about <strong>interpreting a specific covenant</strong>. The declaration in Timberwood Park said &quot;residential purposes&quot; and did not define the term, did not set a minimum lease length, and did not address transient occupancy.</li>
<li>It is <strong>not a holding that HOAs cannot restrict short-term rentals</strong>.</li>
<li>It says <strong>nothing about city zoning, city permits or licensing</strong>. A municipal ordinance is a separate body of law and Tarr does not touch it.</li>
</ul>
<p>The useful way to state the rule: a Texas HOA that wants to stop short-term rentals generally needs language that actually does that. A generic &quot;residential use only&quot; clause, standing alone, does not.</p>
<h2>How an HOA gets to yes anyway</h2>
<p>Deed restrictions are private contracts among the owners. Most Texas declarations include an amendment mechanism, typically requiring some supermajority of owners. If the membership amends the declaration to define a minimum lease term, prohibit transient occupancy, or ban short-term rentals outright, the analysis changes — and <strong>Texas appellate courts have upheld amended restrictions that restrict short-term rentals</strong> (<a href=""https://silblawfirm.com/real-estate-law/texas-appeals-court-supports-hoas-new-rules-restricting-short-term-rentals/"">Silberman Law Firm</a>, <a href=""https://legalclarity.org/texas-supreme-court-ruling-on-short-term-rentals/"">analysis of the Tarr ruling</a>).</p>
<p>That is the exposure nobody prices in. A buyer can close on a property whose current declaration is silent, run it as a short-term rental profitably, and then watch the association amend the declaration two years later. Whether a particular amendment binds a particular owner — and whether any grandfathering applies — depends on the amendment language, the declaration's own amendment provision, and the facts. <strong>That is a question for a Texas real estate attorney, not for a real estate agent and not for a forum post.</strong></p>
<h2>There is no state law overriding any of this</h2>
<p>Texas does <strong>not</strong> have a statewide short-term rental preemption statute. <strong>HB 2127 (2023) does not specifically cover short-term rental regulation</strong>, so cities retain their authority to license and restrict them (<a href=""https://www.tml.org/DocumentCenter/View/4951/Short-Term-Rentals---4-2024-PDF"">Texas Municipal League</a>).</p>
<p>The practical result is that a Texas short-term rental sits under two independent sets of rules that do not talk to each other:</p>
<ol>
<li><strong>Public law</strong> — the city ordinance, zoning, permitting, and hotel occupancy tax.</li>
<li><strong>Private law</strong> — the recorded declaration, deed restrictions and any POA rules.</li>
</ol>
<p>Either one can stop the business. Neither one cures the other.</p>
<h2>A city permit is not HOA permission, and HOA permission is not a city permit</h2>
<p>This is the sentence to remember. In Boerne, for example, the city issues a short-term rental permit under <a href=""https://www.ci.boerne.tx.us/2444/Short-Term-Rentals"">Ordinance No. 2023-09</a> with a fee, an inspection, an insurance minimum and a block-face separation rule. Holding that permit says nothing about whether the subdivision's declaration allows the use. And a friendly HOA board says nothing about whether the city will issue the permit.</p>
<p>A buyer underwriting a short-term rental needs <strong>both cleared, independently, before the option period expires.</strong> Clearing one and assuming the other is how a deal closes and then cannot operate.</p>
<p>Note also that Boerne is in <strong>Kendall County</strong> and is not governed by San Antonio's ordinance. Whatever city the property sits in, read that city's rules.</p>
<h2>How to actually check the private side before you close</h2>
<p>The declaration is a recorded document. It can be pulled and read.</p>
<ul>
<li><strong>Get the full recorded declaration and every recorded amendment</strong>, not the HOA's summary sheet and not the listing agent's description. Amendments are where the restriction usually lives.</li>
<li><strong>Order the subdivision information, including the resale certificate.</strong> Under <a href=""https://codes.findlaw.com/tx/property-code/prop-sect-207-003/"">Texas Property Code Chapter 207</a>, a property owners' association must provide subdivision information on proper written request, including assessments, unpaid amounts, certain known violations, insurance, certain pending litigation and transfer restrictions. Delivery is within 10 business days of a written request, and the certificate must be prepared no earlier than 60 days before delivery.</li>
<li><strong>Read the minutes and any pending amendment notices.</strong> An amendment already circulating for a vote is the clearest possible warning, and it will not show up in the covenants themselves.</li>
<li><strong>Ask whether the association has enforced against short-term rentals before.</strong> Enforcement history is a fact; assurance is not.</li>
<li><strong>Have a Texas real estate attorney read the declaration</strong> if the investment thesis depends on the answer. Interpreting covenants is legal work.</li>
</ul>
<p>The TREC forms that carry the HOA side of a Texas transaction are the <strong>Addendum for Property Subject to Mandatory Membership in a Property Owners Association (form 36-11, effective 07/01/2026)</strong> and <strong>Subdivision Information, Including Resale Certificate (form 37-5)</strong>.</p>
<h2>The condominium wrinkle</h2>
<p>Condominium regimes operate under their own declaration and rules, and a condo association can carry rental restrictions, minimum lease terms and registration requirements that read nothing like a single-family HOA's covenants. Tarr involved a single-family subdivision. Do not port its reasoning onto a condo declaration without an attorney reading the actual document.</p>
<h2>The short version for an investor</h2>
<ul>
<li>A bare &quot;residential purposes only&quot; covenant, by itself, probably does not stop a short-term rental in Texas, under Tarr.</li>
<li>Nearly anything more specific than that probably does.</li>
<li>The declaration can be amended later, and amended restrictions have been upheld.</li>
<li>The city can regulate independently, because no state statute preempts it.</li>
<li>Both boxes have to be checked before closing, and the declaration is the box people skip.</li>
</ul>
<h2>Related questions</h2>
<ul>
<li><a href=""/boerne/short-term-rentals"">Short-Term Rental Rules in Boerne, TX</a></li>
<li><a href=""/answers/is-boerne-good-for-short-term-rentals"">Is Boerne good for short-term rentals?</a></li>
<li><a href=""/answers/what-is-an-hoa-resale-certificate-in-texas"">What is an HOA resale certificate in Texas?</a></li>
<li><a href=""/answers/do-i-need-a-real-estate-attorney-to-buy-a-house-in-texas"">Do I need a real estate attorney to buy a house in Texas?</a></li>
<li><a href=""/answers/is-boerne-a-good-real-estate-investment"">Is Boerne a good real estate investment?</a></li>
</ul>
<h2>Questions about a specific property?</h2>
<p>Call or text <strong><a href=""tel:+1-830-446-3847"">830-446-3847</a></strong> · Email <strong><a href=""mailto:heath.shepard@kw.com"">heath.shepard@kw.com</a></strong></p>
<hr>
<p><em>This page explains how Texas deed restrictions and city ordinances interact as of September 2026. It is not legal advice. A Texas real estate attorney is the right person to tell you what a specific declaration permits for a specific property.</em></p>","","2026-09-17","short-term-rentals","https://www.theheathshepardrealestateteam.com/boerne/short-term-rentals","is-boerne-good-for-short-term-rentals,what-is-an-hoa-resale-certificate-in-texas,do-i-need-a-real-estate-attorney-to-buy-a-house-in-texas,is-boerne-a-good-real-estate-investment","https://www.tml.org/DocumentCenter/View/4951/Short-Term-Rentals---4-2024-PDF
https://silblawfirm.com/real-estate-law/texas-appeals-court-supports-hoas-new-rules-restricting-short-term-rentals/
https://legalclarity.org/texas-supreme-court-ruling-on-short-term-rentals/
https://codes.findlaw.com/tx/property-code/prop-sect-207-003/
https://www.ci.boerne.tx.us/2444/Short-Term-Rentals","draft"
"Can I defer my property taxes in Texas if I'm over 65?","can-i-defer-my-property-taxes-in-texas-over-65","Can I defer my property taxes in Texas if I'm over 65?","Texas over-65 property tax deferral: Form 50-126, how it stops foreclosure, the 5 percent annual interest under Tax Code 33.06, and what happens when it ends.","Yes. A Texas homeowner 65 or older can defer property taxes on their residence homestead by filing Comptroller Form 50-126 with the appraisal district. Deferral stops foreclosure and delinquency penalties while it is in effect, but the taxes keep accruing at 5 percent annual interest under Tax Code 33.06 and eventually come due.","<h2>Deferral is a pause, not a discount</h2>
<p>This is the single most important thing to understand before filing, and it is the thing that gets lost when the option is described as tax relief.</p>
<p>A deferral does not reduce, forgive or cancel anything. The taxes are still assessed. They still accrue. What the deferral does is <strong>stop collection activity on the residence homestead</strong> while it is in place — no foreclosure on the homestead for those taxes, and the ordinary delinquency penalties do not pile up in the usual way during the deferral period.</p>
<p>The balance grows the entire time. At some point it is paid, in full, with interest.</p>
<h2>The interest rate is 5%, and it is in the statute</h2>
<p><strong>Texas Tax Code §33.06(d)</strong>: &quot;The annual interest rate during the deferral or abatement period is five percent instead of the rate provided by Section 33.01&quot; (<a href=""https://codes.findlaw.com/tx/tax-code/tax-sect-33-06/"">Tax Code §33.06</a>).</p>
<p>Five percent annually, substituted for the ordinary delinquent-tax rate. That is a real benefit relative to standard delinquency, and it is still compounding growth on a balance that is not being paid down.</p>
<p>Run the arithmetic honestly before deciding. On a Boerne-area homestead where the combined rate across the school district, city and county runs well above 1.8 per $100 of taxable value, a deferred year is a meaningful sum, and five deferred years at 5% is a number worth putting on paper — alongside what the property is likely to be worth when the bill comes due.</p>
<h2>How to file, and where</h2>
<p>File <strong>Comptroller Form 50-126, Tax Deferral Affidavit</strong>, with the <strong>appraisal district</strong> for the county where the property sits. Not the tax office, not the city.</p>
<p>For a Boerne or Kendall County homestead, that is the <strong>Kendall Appraisal District</strong> (<a href=""https://kendallad.org/adopted-tax-rates-and-exemptions/"">kendallad.org</a>). Boerne is the county seat of Kendall County. It is not in Bexar County and not in the City of San Antonio, so Bexar CAD's forms and procedures are not the ones that apply.</p>
<p>The deferral applies to the <strong>residence homestead</strong>. It is not a tool for a rental, a second home or acreage held for investment.</p>
<h2>Exhaust the exemptions first</h2>
<p>Deferral is the option of last resort, and a surprising number of people reach for it while leaving the free benefits unclaimed. Before deferring, confirm every one of these is actually posted on the account:</p>
<ul>
<li>The general residence homestead exemption — <strong>$140,000</strong> at the school district for 2026, raised from $100,000 by <strong>Proposition 13</strong>, approved by voters in <strong>November 2025</strong> and implemented through <strong>SB 4, 89th Legislature</strong> (<a href=""https://comptroller.texas.gov/taxes/property-tax/exemptions/"">Texas Comptroller</a>).</li>
<li>The <strong>additional $60,000</strong> school district exemption for owners 65 or older or disabled, plus any local option of at least $3,000 that other taxing units have adopted (<a href=""https://comptroller.texas.gov/taxes/property-tax/exemptions/"">Texas Comptroller</a>).</li>
<li>The <strong>school tax ceiling</strong>, which freezes school district taxes at the amount for the year the owner qualified.</li>
<li>Any <strong>local freeze</strong>. Kendall Appraisal District names the <strong>City of Boerne, Boerne ISD, Comfort ISD and Kendall County</strong> as jurisdictions offering over-65 and disability freezes (<a href=""https://kendallad.org/adopted-tax-rates-and-exemptions/"">Kendall AD</a>).</li>
<li>Any <strong>disabled veteran exemption</strong>, which for a qualifying veteran can be a total exemption on the homestead.</li>
</ul>
<p>Also check whether the <strong>value</strong> is right. A protest is free and the deadline is <strong>May 15, or 30 days after the district mails the notice of appraised value, whichever is later</strong> (<a href=""https://comptroller.texas.gov/taxes/property-tax/protests/"">Texas Comptroller</a>).</p>
<p>An exemption that was never filed, or a value that was never challenged, is a cheaper fix than borrowing against the house at 5%.</p>
<h2>What ends a deferral</h2>
<p>The deferral is tied to the owner and the homestead. When the qualifying owner no longer owns and occupies the property as a residence homestead — on a sale, a move, or a death — the deferral ends and the accumulated taxes and interest become payable. The statute provides a period for payment after the deferral ends before ordinary delinquency consequences resume; the exact timing and mechanics for a specific situation are a question for a <strong>Texas real estate attorney</strong>.</p>
<p>Practical consequences that follow from that:</p>
<ul>
<li><strong>Selling the house pays it off.</strong> A deferred balance is settled out of the sale, which reduces the seller's proceeds. Anyone planning to downsize should know the number before they price the house.</li>
<li><strong>Heirs inherit the obligation, not a forgiveness.</strong> A family expecting a clear house may be looking at a substantial balance against it.</li>
<li><strong>It affects the estate's options.</strong> Whether the heirs can keep the property often turns on whether they can pay or refinance that balance.</li>
</ul>
<p>Nobody should file a deferral without the family knowing it exists.</p>
<h2>The mortgage problem</h2>
<p>If the property carries a mortgage, this is not automatically available in practice.</p>
<p>Most loan agreements require the borrower to keep property taxes current, and many loans escrow taxes and pay them directly. A deferral can conflict with those terms, and the servicer may advance the taxes anyway and bill the borrower. Whether a deferral is compatible with a particular loan is a question for the <strong>lender or servicer</strong>, in writing, before filing.</p>
<p>The homeowners who use deferral most cleanly are the ones who own the home free and clear.</p>
<h2>The honest way to think about it</h2>
<p>A deferral converts a current cash problem into a growing lien on the house. For a homeowner on a fixed income with substantial equity and no intention of moving, that trade can be entirely rational — the equity is there precisely to be used, and 5% is far better than the alternatives available to someone who cannot pay.</p>
<p>For anyone planning to sell within a few years, or who wants to leave the house unencumbered, it usually is not. The balance simply arrives at the moment the equity was going to be used for something else.</p>
<p>Eligibility, the current form and the deferred balance on an account are all determined by the appraisal district and the tax office. The estate and title consequences belong with a <strong>Texas real estate attorney</strong>, the financial and tax consequences with a <strong>CPA</strong>, and loan compatibility with the <strong>lender</strong>.</p>
<h2>Related questions</h2>
<ul>
<li><a href=""/answers/texas-over-65-property-tax-exemption-and-school-tax-ceiling"">What is the Texas over-65 property tax exemption and school tax ceiling?</a></li>
<li><a href=""/answers/what-is-the-texas-homestead-exemption"">What is the Texas homestead exemption in 2026?</a></li>
<li><a href=""/answers/why-did-my-texas-property-taxes-go-up"">Why did my Texas property taxes go up?</a></li>
<li><a href=""/answers/how-do-i-file-for-a-homestead-exemption-in-kendall-county"">How do I file for a homestead exemption in Kendall County, Texas?</a></li>
<li><a href=""/answers/how-do-i-protest-my-property-taxes-in-texas"">How do I protest my property taxes in Texas?</a></li>
</ul>
<h2>Questions about a specific property?</h2>
<p>Call or text <strong><a href=""tel:+1-830-446-3847"">830-446-3847</a></strong> · Email <strong><a href=""mailto:heath.shepard@kw.com"">heath.shepard@kw.com</a></strong></p>
<hr>
<p><em>This page explains how the Texas over-65 property tax deferral works. It is not legal or tax advice. Eligibility is determined by the appraisal district; estate and title consequences belong with a Texas real estate attorney and financial consequences with a CPA.</em></p>","","2026-09-17","property-taxes","https://www.theheathshepardrealestateteam.com/boerne/property-taxes","texas-over-65-property-tax-exemption-and-school-tax-ceiling,what-is-the-texas-homestead-exemption,why-did-my-texas-property-taxes-go-up,how-do-i-file-for-a-homestead-exemption-in-kendall-county,how-do-i-protest-my-property-taxes-in-texas","https://codes.findlaw.com/tx/tax-code/tax-sect-33-06/
https://comptroller.texas.gov/taxes/property-tax/exemptions/
https://kendallad.org/adopted-tax-rates-and-exemptions/
https://comptroller.texas.gov/taxes/property-tax/protests/","draft"
"Conventional vs. FHA vs. VA loan in Texas: which one should I use?","conventional-vs-fha-vs-va-loan-in-texas","Conventional vs. FHA vs. VA loan in Texas: which one should I use?","Conventional, FHA and VA compared for Texas buyers on verifiable terms: 2026 loan limits, VA entitlement and funding fee exemption, and Texas 50(a)(6).","Conventional loans follow the 2026 conforming limit of $832,750 for one unit. FHA uses a nationwide floor of $541,287 and a ceiling of $1,249,125, set by county. VA loans have no loan limit for a veteran with full entitlement, and the funding fee is waived for service-connected disability compensation. Ask a lender to price all three.","<h2>Start with the part that is fixed, not the part that is marketed</h2>
<p>Most comparisons of these three programs lead with down payment percentages, credit minimums and mortgage insurance rates. Those are the parts that move — by lender overlay, by borrower, by month. Lead instead with the structural facts that are published, dated and the same for everyone. They are what actually determine which programs are on the table for a given purchase price.</p>
<h2>How much each program will lend</h2>
<p><strong>Conventional.</strong> For 2026, the Federal Housing Finance Agency set the conforming loan limit for a one-unit property at <strong>$832,750</strong>, up $26,250 from 2025's $806,500. The high-cost area ceiling is <strong>$1,249,125</strong>. FHFA announced the increase after third-quarter 2025 house price index data showed prices up 3.26% year over year (<a href=""https://www.fhfa.gov/news/news-release/fhfa-announces-conforming-loan-limit-values-for-2026"">FHFA</a>). A loan above the applicable conforming limit is a <strong>jumbo</strong> — Fannie Mae and Freddie Mac will not buy it, so it is priced and underwritten by the individual lender or its investor, on their terms.</p>
<p><strong>FHA.</strong> For 2026, per <strong>Mortgagee Letter 2025-23</strong>, the nationwide one-unit <strong>floor is $541,287</strong> and the <strong>ceiling is $1,249,125</strong>, effective for case numbers assigned <strong>January 1 through December 31, 2026</strong> (<a href=""https://www.hud.gov/sites/dfiles/hudclips/documents/2025-23hsgml.pdf"">HUD Mortgagee Letter 2025-23</a>, <a href=""https://www.hud.gov/news/hud-no-25-145"">HUD announcement</a>). FHA limits are set county by county between those two numbers. Each county's actual limit is published on HUD's lookup tool, and that lookup — not a third-party article — is the number a lender will use (<a href=""https://entp.hud.gov/idapp/html/hicostlook.cfm"">HUD FHA mortgage limits lookup</a>).</p>
<p><strong>VA.</strong> Veterans with <strong>full entitlement have no VA loan limit</strong>, and the VA guaranty does not exceed <strong>25%</strong> (<a href=""https://www.va.gov/housing-assistance/home-loans/loan-limits/"">U.S. Department of Veterans Affairs</a>). That is a real structural advantage, and it is the one most often misunderstood: no VA limit is not the same as no limit. The VA is not capping the loan. The lender still underwrites the file, and the appraisal still governs value.</p>
<p>Entitlement can be partial — a veteran with an existing VA loan, or a prior VA foreclosure, may not have full entitlement. The Certificate of Eligibility answers it, and the lender pulls it.</p>
<h2>The VA funding fee, and the exemption most eligible borrowers do not ask about</h2>
<p>VA loans carry a one-time funding fee paid to the VA, calculated as a percentage of the loan amount. Certain borrowers do not pay it at all. The exemptions include <strong>veterans receiving VA compensation for a service-connected disability</strong>, veterans who would be <strong>eligible to receive that compensation but are taking retirement or active-duty pay instead</strong>, certain recipients of <strong>Dependency and Indemnity Compensation</strong>, and <strong>Purple Heart recipients still serving on active duty</strong> (<a href=""https://www.va.gov/housing-assistance/home-loans/funding-fee-and-closing-costs/"">U.S. Department of Veterans Affairs</a>).</p>
<p>Documentation is <strong>VA Form 26-8937 (Verification of VA Benefits)</strong>, a <strong>current award letter dated within the last 12 months</strong>, or a letter from a <strong>Veteran Service Center Manager</strong>. The second category on that list is the one that gets missed: a veteran who is entitled to compensation but elected retirement pay instead can still be exempt. That is a file question for the lender, raised at application, not at closing.</p>
<h2>What none of these three programs does in Texas</h2>
<p>All three are federal loan products. Texas layers its own constitutional rules on top of the homestead — the home you actually live in — and those rules survive whichever program you choose.</p>
<p>A cash-out refinance or home equity loan on a Texas homestead is governed by the <strong>Texas Constitution, Section 50(a)(6)</strong>: total borrowing against the homestead cannot exceed <strong>80% of fair market value</strong> at closing, so at least 20% equity must remain; closing cannot occur until at least <strong>12 days</strong> after the later of the application or your receipt of the required notice; fees other than the appraisal, land survey, title insurance premium and title search/exam cannot exceed <strong>2%</strong> of loan principal; the loan is generally <strong>non-recourse</strong>; and only <strong>one</strong> such loan may exist on the homestead at a time, with <strong>12 months</strong> required between home equity closings. A Texas HELOC on a homestead is also a 50(a)(6) loan and carries the same limits (<a href=""https://hurstlending.com/texas-cash-out-refinance-rules-50a6-guidelines/"">Texas cash-out rules summarized</a>).</p>
<p>This is why the purchase decision and the refinance plan should be made together. If the strategy is minimum down now and a cash-out in two years, 80% is the hard ceiling in Texas no matter which of the three programs you used to buy. Investment property in Texas is <strong>not</strong> governed by 50(a)(6).</p>
<h2>Where these programs actually differ for a real buyer</h2>
<p>The differences that decide it are file-specific, and a lender can price them on your numbers in an afternoon. The dimensions worth asking about by name:</p>
<ul>
<li><strong>Mortgage insurance structure.</strong> Conventional and FHA handle it differently, and one is cancellable under conditions while the other is not. VA has no monthly mortgage insurance. Ask what the monthly amount is, how long it lasts, and what makes it go away.</li>
<li><strong>Appraisal standards.</strong> FHA and VA appraisals include minimum property condition requirements that a conventional appraisal does not. On an older home, a rural property, or anything with deferred maintenance, that can turn into required repairs before closing — a real risk on Hill Country properties with wells, septic systems, outbuildings or peeling paint on pre-1978 construction.</li>
<li><strong>Seller concessions.</strong> Each program caps what a seller can contribute toward the buyer's costs, and the caps differ. This shapes what you can negotiate.</li>
<li><strong>Property eligibility.</strong> Condominiums in particular have program-specific approval requirements that can eliminate a building outright.</li>
<li><strong>Assumability.</strong> FHA and VA loans have assumption mechanics conventional loans do not. Relevant when rates move.</li>
<li><strong>Speed and certainty.</strong> How long the lender's own underwriting queue runs matters more to a seller than the program name.</li>
</ul>
<h2>The comparison to ask for, in writing</h2>
<p>&quot;Price this file as conventional, FHA and VA. Give me the rate, the monthly payment including taxes, insurance and any mortgage insurance, the cash to close, and what my mortgage insurance does over time in each case.&quot;</p>
<p>That single request gets you a decision you can defend. It also surfaces the case buyers miss most often, where the program with the lower entry cost carries the higher lifetime cost, or the reverse.</p>
<h2>What the seller's side is reading</h2>
<p>A Texas buyer whose purchase depends on a mortgage uses the <strong>Third Party Financing Addendum, TREC form 40-11, effective 01/03/2025</strong> (<a href=""https://www.trec.texas.gov/agency-information/contracts"">TREC contract forms</a>). TREC promulgates these forms and license holders are required to use them; a license holder cannot draft contract language.</p>
<p>The listing side reads that addendum together with the preapproval letter. Some sellers have opinions about loan programs — usually about appraisal condition requirements and timelines rather than about the buyer. A loan officer who will take a listing agent's call and speak to the file is worth more at that moment than a fractionally better rate.</p>
<h2>Who to ask</h2>
<p>Program eligibility, pricing, mortgage insurance, overlays and which loan is cheapest over your actual holding period are <strong>lender</strong> questions. Entitlement and funding fee exemption status run through the <strong>VA</strong> and your lender. County-level FHA limits come from <strong>HUD's lookup tool</strong>. How the Texas homestead rules apply to your ownership or title situation is a question for a <strong>Texas real estate attorney</strong>.</p>
<h2>Related questions</h2>
<ul>
<li><a href=""/answers/what-are-the-2026-loan-limits-in-kendall-county"">What are the 2026 conforming and FHA loan limits in Kendall County, Texas?</a></li>
<li><a href=""/answers/what-is-the-va-funding-fee-and-who-is-exempt"">What is the VA funding fee, and who is exempt?</a></li>
<li><a href=""/answers/what-credit-score-do-i-need-to-buy-a-house-in-texas"">What credit score do I need to buy a house in Texas?</a></li>
<li><a href=""/answers/how-much-down-payment-do-i-need-in-texas"">How much down payment do I need to buy a house in Texas?</a></li>
<li><a href=""/answers/what-is-a-texas-cash-out-refinance-50a6"">What is a Texas cash-out refinance (50(a)(6))?</a></li>
</ul>
<h2>Questions about a specific property?</h2>
<p><strong>Heath Shepard is a 100% disabled veteran</strong> and a licensed Texas REALTOR. If VA benefits or the disabled-veteran exemption are part of your purchase, say so up front and he’ll factor them into the numbers.</p>
<p>Call or text <strong><a href=""tel:+1-830-446-3847"">830-446-3847</a></strong> · Email <strong><a href=""mailto:heath.shepard@kw.com"">heath.shepard@kw.com</a></strong></p>
<hr>
<p><em>This page compares loan programs on published federal limits and Texas constitutional rules. It is not lending or legal advice. A licensed lender prices and qualifies your specific file; a Texas real estate attorney handles homestead and title questions.</em></p>","","2026-09-17","buying-a-home","https://www.theheathshepardrealestateteam.com/boerne/buying-a-home","what-are-the-2026-loan-limits-in-kendall-county,what-is-the-va-funding-fee-and-who-is-exempt,what-credit-score-do-i-need-to-buy-a-house-in-texas,how-much-down-payment-do-i-need-in-texas,what-is-a-texas-cash-out-refinance-50a6","https://www.fhfa.gov/news/news-release/fhfa-announces-conforming-loan-limit-values-for-2026
https://www.hud.gov/sites/dfiles/hudclips/documents/2025-23hsgml.pdf
https://www.hud.gov/news/hud-no-25-145
https://entp.hud.gov/idapp/html/hicostlook.cfm
https://www.va.gov/housing-assistance/home-loans/loan-limits/
https://www.va.gov/housing-assistance/home-loans/funding-fee-and-closing-costs/
https://hurstlending.com/texas-cash-out-refinance-rules-50a6-guidelines/
https://www.trec.texas.gov/agency-information/contracts","draft"
"Do I need a real estate attorney to buy a house in Texas?","do-i-need-a-real-estate-attorney-to-buy-a-house-in-texas","Do I need a real estate attorney to buy a house in Texas?","Texas does not require an attorney to buy a house. Here is why, and the specific situations where hiring a Texas real estate attorney is the right call anyway.","No. Texas does not require a real estate attorney to buy a house. The title company handles escrow, title search and closing documents, and license holders use TREC promulgated forms. An attorney is the right call for title defects, probate or estate sales, deed drafting, deed restriction questions, and any custom contract language.","<h2>The contract itself tells you to hire one</h2>
<p>Before anything else: the promulgated contract does not treat a lawyer as optional advice from a website. It says so on its own face, twice.</p>
<p><strong>Paragraph 23 is titled CONSULT AN ATTORNEY BEFORE SIGNING.</strong> Its text: &quot;<strong>TREC rules prohibit real estate brokers and sales agents from giving legal advice. READ THIS CONTRACT CAREFULLY.</strong>&quot; The form then provides printed fields for Buyer's Attorney and Seller's Attorney, with phone numbers (<a href=""https://www.trec.texas.gov/sites/default/files/pdf-forms/20-19_4.pdf"">TREC form 20-19, ¶23</a>).</p>
<p><strong>Paragraph 6E(1)</strong> goes further and names the specific job: &quot;<strong>Broker advises Buyer to have an abstract of title covering the Property examined by an attorney of Buyer's selection</strong>, or Buyer should be furnished with or obtain a Title Policy. If a Title Policy is furnished, the <strong>Commitment should be promptly reviewed by an attorney of Buyer's choice due to the time limitations on Buyer's right to object</strong>.&quot;</p>
<p>Read that second one closely. It is not generic caution. It identifies the single highest-value hour a real estate attorney will ever spend on an ordinary residential purchase: reading the title commitment inside the objection window. The contract flags it because that window closes fast and closes permanently.</p>
<p>So the honest answer to &quot;do I need an attorney&quot; is: not to close, and the state built a system so you would not have to. But the contract you are signing has a paragraph whose entire purpose is to tell you to get one, and the reason is title.</p>
<h2>Why Texas works this way</h2>
<p>Texas is a title company state. In a residential purchase, the title company acts as <strong>escrow agent</strong>, runs the title search, issues the title commitment and the title policy, prepares the closing documents, and disburses funds at closing. That is the function an attorney performs in the states that require one.</p>
<p>The second half of the system is the TREC promulgated contract. The Texas Real Estate Commission writes the forms, and license holders are required to use them (<a href=""https://www.trec.texas.gov/agency-information/contracts"">TREC contract forms</a>). A REALTOR is not drafting your contract — they are filling blanks on a form the state wrote.</p>
<p>That is not a convenience. It is the reason the system works without a lawyer in every deal. <strong>Drafting contract language is the practice of law, and a real estate license does not authorize it</strong> — which is exactly what ¶23 means by &quot;TREC rules prohibit real estate brokers and sales agents from giving legal advice.&quot; The promulgated forms exist precisely so a license holder can paper a transaction without crossing that line. TREC does not write custom contracts.</p>
<p>So the framing is not &quot;you do not need a lawyer in Texas.&quot; It is: the routine case has been pre-lawyered by the state, and the non-routine case still needs one.</p>
<h2>The limits of what your agent can do</h2>
<p>A Texas license holder can explain how a promulgated form works, fill in the negotiated terms, and advise on price, condition, market and strategy. That covers most of what a buyer needs.</p>
<p>A license holder cannot draft contract language, interpret a deed restriction for you as a legal matter, advise you on how to take title, tell you what a title exception means for your legal rights, or opine on the effect of a divorce decree or a will on the chain of title.</p>
<p>When a client asks a question that lands past that line, the correct answer is a referral, not a guess. An agent who freelances a special provision to solve a problem is creating a bigger one.</p>
<h2>When an attorney is the right call</h2>
<p>These are the situations where paying for an hour of a real estate attorney's time is cheap relative to the exposure.</p>
<p><strong>A title defect the commitment flagged.</strong> A break in the chain of title, an unreleased lien, a judgment, a probate that was never completed, a missing heir, a boundary discrepancy the survey exposed. The title company will tell you it cannot insure over something. It will not tell you how to fix it.</p>
<p>This is the ¶6E(1) situation, and it is on a clock. Under <strong>¶6D</strong> the buyer must object in writing by the earlier of the closing date or a stated number of days after receiving the commitment, exception documents and survey, and &quot;failure to object within the time allowed <strong>will constitute a waiver</strong> of Buyer's right to object&quot; — with only the Schedule C requirements surviving (<a href=""https://www.trec.texas.gov/sites/default/files/pdf-forms/20-19_4.pdf"">TREC form 20-19, ¶6D</a>). If the seller does not cure a timely objection within the <strong>15-day cure period</strong>, the buyer gets <strong>5 days</strong> to terminate with earnest money refunded or waive, and silence waives.</p>
<p>A buyer who sends the commitment to a lawyer the week of closing has usually already waived. The hour costs the same either way; only the timing determines whether it was worth anything.</p>
<p><strong>Probate and estate sales.</strong> An estate selling a property raises questions about the authority of the person signing, whether the will was probated, whether an independent administration exists, and whether all heirs have joined. This is one of the most common reasons a Texas residential deal goes sideways late.</p>
<p><strong>Deed drafting.</strong> If the transaction needs a deed prepared for something beyond the ordinary conveyance — a transfer into a trust or an entity, a correction deed, a deed with a reserved life estate, a gift deed between family — a lawyer drafts it. Nobody else may.</p>
<p><strong>Custom contract language.</strong> Any term the promulgated forms and addenda do not accommodate. Seller financing structured beyond the addendum, a leaseback longer than the promulgated temporary lease contemplates, a right of first refusal, an option tied to rezoning or platting, a seller carryback with unusual terms. A license holder may not write these.</p>
<p><strong>Deed restriction interpretation.</strong> Whether a &quot;residential purposes only&quot; covenant permits a short-term rental, whether a restriction is enforceable after a subdivision amendment, whether a use is grandfathered. Deed restrictions are private contracts, and their interpretation is legal work.</p>
<p><strong>Partition.</strong> Co-owners who cannot agree on selling, or inherited property split among siblings.</p>
<p><strong>Marital property.</strong> Texas is a <strong>community property</strong> state. How a married person takes title, whether a non-purchasing spouse must join, what a divorce decree did to the property, and how separate property is characterized are all legal questions with real consequences.</p>
<p><strong>An entity or trust buying.</strong> The formation, the authority to sign, and the operating documents the title company will demand.</p>
<p><strong>A 1031 exchange.</strong> The attorney works alongside a CPA and a qualified intermediary. The tax answer is not the real estate agent's to give.</p>
<p><strong>Any dispute.</strong> A contested earnest money release, an alleged default, a non-disclosure claim after closing, a seller refusing to close. Escrowed funds cannot be released without mutual agreement or a court order, and once the other side is dug in, the next move is legal.</p>
<h2>What an attorney will not change</h2>
<p>An attorney will not make the title policy cheaper. Texas title insurance premium rates are <strong>promulgated by the Texas Department of Insurance</strong>, so the premium for a given policy amount is the same at every title company in the state (<a href=""https://tdi.texas.gov/title/titlerates2026.html"">TDI</a>).</p>
<p>An attorney will not rewrite a promulgated form into something better for routine terms. The forms are good, and the negotiation happens in the blanks.</p>
<p>An attorney will not sit at the closing table and improve a closing that was already going to work.</p>
<h2>The pieces that already protect you without one</h2>
<p>The TREC contract and its addenda build in more protection than most buyers realize.</p>
<p><strong>Paragraph 5B</strong> gives an unrestricted right to terminate for any reason, which functions as a due diligence window. <strong>Paragraph 6B</strong> returns the earnest money if the title commitment never shows up in time. <strong>Paragraph 6D</strong> gives a title objection and cure process. <strong>Paragraph 7B(2)</strong> lets a buyer who never received the seller's disclosure notice terminate at any time prior to closing, and gives a fresh 7 days after the notice finally arrives (<a href=""https://www.trec.texas.gov/sites/default/files/pdf-forms/20-19_4.pdf"">TREC form 20-19</a>; <a href=""https://codes.findlaw.com/tx/property-code/prop-sect-5-008/"">Texas Property Code §5.008</a>). <strong>Paragraph 14</strong> handles casualty loss. <strong>Paragraph 15</strong> sets the default remedies both ways.</p>
<p>Outside the base form, the <strong>Third Party Financing Addendum, form 40-11, effective 01/03/2025</strong> supplies a financing exit, and the <strong>Addendum Concerning Right to Terminate Due to Lender's Appraisal, form 49-1</strong> addresses a low appraisal (<a href=""https://www.trec.texas.gov/agency-information/contracts"">TREC contract forms</a>).</p>
<p>The current resale contract is <strong>TREC form 20-19, effective 07/01/2026</strong> — 12 pages, footer-dated 05-04-2026 (<a href=""https://www.trec.texas.gov/forms/one-four-family-residential-contract-resale"">TREC</a>).</p>
<p>Use those, and the ordinary purchase does not need a lawyer. Ignore them and no lawyer hired at closing will fix it.</p>
<h2>Related questions</h2>
<ul>
<li><a href=""/answers/what-happens-at-a-texas-closing"">What happens at a Texas real estate closing?</a></li>
<li><a href=""/answers/what-is-the-trec-1-4-family-residential-contract"">What is the TREC 1-4 Family Residential Contract?</a></li>
<li><a href=""/answers/what-is-a-title-commitment-in-texas"">What is a title commitment in Texas?</a></li>
<li><a href=""/answers/what-is-title-insurance-in-texas"">What is title insurance in Texas?</a></li>
<li><a href=""/answers/how-do-i-terminate-a-contract-in-texas"">How do I terminate a real estate contract in Texas?</a></li>
</ul>
<h2>Questions about a specific property?</h2>
<p>Call or text <strong><a href=""tel:+1-830-446-3847"">830-446-3847</a></strong> · Email <strong><a href=""mailto:heath.shepard@kw.com"">heath.shepard@kw.com</a></strong></p>
<hr>
<p><em>This page explains when a Texas home purchase needs an attorney and when it does not. It is not legal advice. For any of the situations listed above, talk with a Texas real estate attorney.</em></p>","","2026-09-17","buying-a-home","https://www.theheathshepardrealestateteam.com/boerne/buying-a-home","what-happens-at-a-texas-closing,what-is-the-trec-1-4-family-residential-contract,what-is-a-title-commitment-in-texas,what-is-title-insurance-in-texas,how-do-i-terminate-a-contract-in-texas","https://www.trec.texas.gov/sites/default/files/pdf-forms/20-19_4.pdf
https://www.trec.texas.gov/agency-information/contracts
https://www.trec.texas.gov/forms/one-four-family-residential-contract-resale
https://tdi.texas.gov/title/titlerates2026.html
https://codes.findlaw.com/tx/property-code/prop-sect-5-008/","draft"
"Do I need flood insurance in Boerne, Texas?","do-i-need-flood-insurance-in-boerne","Do I need flood insurance in Boerne, Texas?","Flood insurance in Boerne and Kendall County: when a lender requires it, what Texas seller's disclosure asks about flooding, and the option-period deadline.","If the property is in a FEMA Special Flood Hazard Area and you are using a federally backed loan, the lender will require flood insurance. Outside that zone it is optional but not unnecessary — a map line is not a risk assessment. Boerne is in Kendall County; get a flood quote during the option period.","<h2>When it is required, and who is doing the requiring</h2>
<p>Flood insurance is not required by the State of Texas. The requirement comes from the lender, and it is triggered by two conditions together: the structure sits in a <strong>Special Flood Hazard Area</strong> on the FEMA flood map, and the loan is <strong>federally backed or federally regulated</strong>, which covers conventional loans sold to Fannie Mae or Freddie Mac as well as FHA, VA and USDA loans.</p>
<p>Meet both conditions and coverage is mandatory for the life of the loan. The lender orders a flood zone determination early, the requirement lands in your closing conditions, and it does not get negotiated away. If the policy is not in place, the loan does not fund.</p>
<p>Meet only one — an SFHA property bought with cash, or a financed property outside the SFHA — and nobody requires anything. That is where the real decision lives.</p>
<h2>The zones, and what the percentages actually mean</h2>
<p>Texas Property Code §5.008 uses FEMA's two categories, and the statutory notice defines them precisely:</p>
<ul>
<li><strong>100-year floodplain</strong>, which is the <strong>Special Flood Hazard Area</strong>: Zones <strong>A, V, A99, AE, AO, AH, VE or AR</strong>. These carry a <strong>1% annual chance</strong> of flooding.</li>
<li><strong>500-year floodplain</strong>, a moderate flood hazard area: <strong>shaded Zone X</strong>. A <strong>0.2% annual chance</strong>.</li>
</ul>
<p>(<a href=""https://codes.findlaw.com/tx/property-code/prop-sect-5-008/"">Texas Property Code §5.008</a>)</p>
<p>&quot;100-year flood&quot; is the phrase that misleads people most. It is not an event that happens once a century. It is a 1% chance in any given year, every year, independently. Over a thirty-year mortgage, that compounds into something a homeowner should take seriously, and it says nothing about whether one occurred last year.</p>
<h2>A map line is not a risk assessment</h2>
<p>This is the part that matters more than the zone designation itself. FEMA flood maps are engineering products with real limits. They are drawn on data of varying vintage, they are updated on a schedule that lags development, and in Hill Country terrain the topography changes over short distances. Upstream construction, new impervious cover, an undersized culvert or a low-water crossing can all move real-world risk without moving a line on a map.</p>
<p>The result is straightforward: a property outside the SFHA can still flood, and properties outside mapped flood zones do flood. Being in Zone X is a reason your lender will not require a policy. It is not evidence that water cannot reach the structure.</p>
<p>Two things worth doing regardless of the zone, both during the option period: look at the actual FEMA flood map for the parcel on the <a href=""https://msc.fema.gov/portal/home"">FEMA Flood Map Service Center</a> — the official public source for flood hazard information produced in support of the National Flood Insurance Program, searchable by address — rather than a summary someone typed into a listing, and ask an <strong>insurance agent</strong> for a quote even if nothing requires one. Outside the SFHA the premium is frequently far lower than buyers assume, and a quote costs nothing to obtain.</p>
<h2>What the seller has to disclose about flooding in Texas</h2>
<p>A seller of residential real property of <strong>not more than one dwelling unit</strong> must give the buyer the written notice prescribed by <strong>Texas Property Code §5.008</strong>, or one substantially similar (<a href=""https://texas.public.law/statutes/tex._prop._code_section_5.008"">Texas Property Code §5.008</a>). The flood questions in that notice were added by <strong>SB 339, 86th Legislature</strong>, and are mandatory for contracts executed <strong>on or after September 1, 2019</strong> (<a href=""https://capitol.texas.gov/tlodocs/86R/billtext/pdf/SB00339F.pdf"">SB 339 enrolled text</a>).</p>
<p>The notice asks the seller, in substance, whether:</p>
<ul>
<li>The property is located wholly or partly in a <strong>100-year floodplain</strong> (Special Flood Hazard Area).</li>
<li>The property is located wholly or partly in a <strong>500-year floodplain</strong> (moderate flood hazard area).</li>
<li>The property has <strong>flooded at least once in the past 5 years</strong>.</li>
<li>The property is located in a <strong>reservoir flood pool</strong>.</li>
<li>The property has been <strong>repaired for flood damage</strong>.</li>
<li>The seller has <strong>received assistance or flood insurance proceeds</strong> for flood damage.</li>
</ul>
<p>The current TREC version of the form is the <strong>Seller's Disclosure Notice, form 55-1, effective 05/28/2026</strong> (<a href=""https://www.trec.texas.gov/agency-information/contracts"">TREC contract forms</a>).</p>
<p>Read those answers carefully, and read the blanks carefully too. A seller answers to the best of their knowledge, and a seller who bought the house three years ago may not know what happened before that. &quot;Unknown&quot; is a common and often honest answer that tells you to go verify independently.</p>
<p>Note also that some sellers are <strong>exempt from providing the form</strong> — transfers pursuant to court order, foreclosures, transfers by a trustee in bankruptcy, transfers between co-owners, transfers to a spouse or descendant, transfers by a fiduciary administering an estate, and new residences not previously occupied. The exemption is from the form. It does not license misrepresentation. If the contract is signed before the seller has given the notice, the buyer may <strong>terminate for any reason within 7 days after receiving it</strong>.</p>
<h2>Boerne is Kendall County, and the property may not be in the city at all</h2>
<p>Boerne is the county seat of <strong>Kendall County</strong>, in the Texas Hill Country. It is <strong>not</strong> in Bexar County and it is not the City of San Antonio. San Antonio's ordinances do not apply here, and neither do Bexar County's floodplain administration procedures.</p>
<p>Properties in and around Boerne fall into three regulatory situations: inside Boerne city limits, inside Boerne's extraterritorial jurisdiction, and in unincorporated Kendall County outside both. Floodplain development permitting, elevation requirements and the local floodplain administrator differ across those. Before assuming which set of rules applies, confirm the jurisdiction the parcel actually sits in with the <strong>City of Boerne</strong> or <strong>Kendall County</strong>.</p>
<h2>Get the quote during the option period, because it is a deadline</h2>
<p>The option period is the window in which a Texas buyer can terminate for any reason. It is finite, it is negotiated rather than set by law, and it runs on <strong>calendar days</strong> from the effective date. The termination right expires at <strong>5:00 p.m. local time</strong> on the last day, whether or not your insurance quote came back.</p>
<p>The option fee is delivered to the escrow agent — the title company, not the seller — <strong>within three days after the effective date</strong>, rolling to the next business day if day three is a weekend or legal holiday (<a href=""https://www.trec.texas.gov/article/changes-delivery-option-fee-0"">TREC</a>). Miss that delivery and there is no termination right to exercise.</p>
<p>So the flood work belongs on the same schedule as the inspection: pull the flood map for the parcel, read the seller's disclosure flood answers, and get a written quote from an insurance agent. A flood premium that arrives after the option period has closed is information you can no longer act on. On a financed purchase in an SFHA, an unexpected annual premium can also change the debt-to-income picture your lender approved, which is a reason to get the number in front of the loan officer early rather than late.</p>
<h2>Who to ask</h2>
<p>Coverage, premiums, elevation certificates and whether a policy makes sense outside a mapped zone are questions for a <strong>licensed insurance agent</strong>. Whether your loan requires coverage is a <strong>lender</strong> question and depends on the flood zone determination they order. Floodplain designations, permitting and local elevation requirements come from the <strong>City of Boerne</strong> or <strong>Kendall County</strong>, depending on where the parcel sits. Disputes about what a seller disclosed or should have disclosed are for a <strong>Texas real estate attorney</strong>.</p>
<h2>Related questions</h2>
<ul>
<li><a href=""/answers/does-boerne-flood"">Does Boerne flood?</a></li>
<li><a href=""/answers/what-is-the-sellers-disclosure-notice-in-texas"">What is the seller's disclosure notice in Texas?</a></li>
<li><a href=""/answers/what-is-the-option-period-in-texas"">What is the option period in a Texas real estate contract?</a></li>
<li><a href=""/answers/how-much-down-payment-do-i-need-in-texas"">How much down payment do I need to buy a house in Texas?</a></li>
<li><a href=""/answers/what-should-i-know-about-septic-and-wells-in-the-hill-country"">What should I know about septic and wells in the Hill Country?</a></li>
</ul>
<h2>Questions about a specific property?</h2>
<p>Call or text <strong><a href=""tel:+1-830-446-3847"">830-446-3847</a></strong> · Email <strong><a href=""mailto:heath.shepard@kw.com"">heath.shepard@kw.com</a></strong></p>
<hr>
<p><em>This page explains how flood insurance requirements and Texas flood disclosure work. It is not insurance or legal advice. A licensed insurance agent quotes and places coverage; a Texas real estate attorney handles disclosure disputes.</em></p>","","2026-09-17","buying-a-home","https://www.theheathshepardrealestateteam.com/boerne/buying-a-home","does-boerne-flood,what-is-the-sellers-disclosure-notice-in-texas,what-is-the-option-period-in-texas,how-much-down-payment-do-i-need-in-texas,what-should-i-know-about-septic-and-wells-in-the-hill-country","https://codes.findlaw.com/tx/property-code/prop-sect-5-008/
https://texas.public.law/statutes/tex._prop._code_section_5.008
https://capitol.texas.gov/tlodocs/86R/billtext/pdf/SB00339F.pdf
https://www.trec.texas.gov/agency-information/contracts
https://www.trec.texas.gov/article/changes-delivery-option-fee-0
https://msc.fema.gov/portal/home","draft"
"Does Boerne, Texas flood?","does-boerne-flood","Does Boerne, Texas flood?","FEMA zone codes, the five flood questions Texas form 55-1 asks under SB 339, and the option-period order for checking a Boerne address.","Flood risk in Boerne is address-specific, not city-wide. Whether a particular property floods is determined by its FEMA flood zone, the seller's disclosure under Texas Property Code 5.008, and an insurance quote. A property outside the mapped Special Flood Hazard Area can still flood; the map is not a risk assessment.","<p><strong>This page does not assert a flood history for any specific Boerne property, street or subdivision.</strong> Anyone who tells you a neighborhood &quot;floods&quot; or &quot;never floods&quot; without naming a map panel, a disclosure or a claims history is guessing. What follows is how to get the real answer on the address you care about, and the order to do it in.</p>
<h2>Step one: the FEMA flood map, and what the zone codes mean</h2>
<p>Every property in the United States sits somewhere on a FEMA Flood Insurance Rate Map. You find a specific address on the <a href=""https://msc.fema.gov/portal/home"">FEMA Flood Map Service Center</a>, which is the official public source for flood hazard information produced in support of the National Flood Insurance Program and searches by address, place or coordinates. The answer comes back as a zone designation.</p>
<p>Texas law builds its flood disclosure on the same two categories, defined in the statutory seller's notice (<a href=""https://codes.findlaw.com/tx/property-code/prop-sect-5-008/"">Texas Property Code §5.008</a>):</p>
<ul>
<li><strong>100-year floodplain — the Special Flood Hazard Area.</strong> Zones <strong>A, V, A99, AE, AO, AH, VE or AR</strong>. These carry a <strong>1% annual chance</strong> of flooding.</li>
<li><strong>500-year floodplain — moderate flood hazard.</strong> <strong>Shaded Zone X</strong>, a <strong>0.2% annual chance</strong>.</li>
</ul>
<p>Two things people misread. &quot;100-year flood&quot; is not a flood that happens once a century; it is the 1%-per-year event, and it can happen in consecutive years. And a zone is assigned to a mapped area, not measured on your slab — two houses on the same street can sit in different zones, and the line can run through a single lot.</p>
<p>If the property is in a Special Flood Hazard Area and there is a federally backed mortgage on it, flood insurance is generally a lender requirement, not a choice. That is a question for the lender and an insurance agent on the specific address.</p>
<h2>Step two: the seller's disclosure asks five flood questions, and it is statutory</h2>
<p>Since <strong>SB 339 of the 86th Legislature</strong>, mandatory for contracts executed <strong>on or after September 1, 2019</strong>, the Texas statutory seller's disclosure notice includes explicit flood items (<a href=""https://capitol.texas.gov/tlodocs/86R/billtext/pdf/SB00339F.pdf"">SB 339</a>; <a href=""https://texas.public.law/statutes/tex._prop._code_section_5.008"">Texas Property Code §5.008</a>).</p>
<p>The notice asks whether the property:</p>
<ol>
<li>is located wholly or partly in a <strong>100-year floodplain</strong> (Special Flood Hazard Area);</li>
<li>is located wholly or partly in a <strong>500-year floodplain</strong> (moderate flood hazard area);</li>
<li><strong>has flooded at least once within the past 5 years</strong>;</li>
<li>is located in a <strong>reservoir flood pool</strong>; and</li>
<li><strong>has been repaired for flood damage</strong>, or whether the seller has <strong>received assistance or flood insurance proceeds</strong> for flood damage.</li>
</ol>
<p>That third and fifth items are the ones that matter most, because they are history rather than mapping. A property can sit outside every mapped zone and still have a disclosed flood and a repair.</p>
<p>Two mechanics on the disclosure itself are worth knowing. The current TREC version of the form is <strong>55-1, effective 05/28/2026</strong> (<a href=""https://www.trec.texas.gov/agency-information/contracts"">TREC</a>). And if a contract is signed without the seller having delivered the notice, the <strong>buyer may terminate for any reason within 7 days after receiving it</strong> — a separate exit from the option period, on its own clock.</p>
<p>The disclosure is what the seller knows. Certain transfers are exempt from the form — foreclosure, court-ordered transfers, transfers by a trustee in bankruptcy, transfers between co-owners, transfers to a spouse or descendant, transfers by a fiduciary administering an estate, and new residences not previously occupied. On an exempt transfer you get no notice at all, which means the mapping and insurance work carries the entire load.</p>
<p>Renters have their own version: TREC publishes a <strong>Landlord's Floodplain and Flood Notice, form 54-1, effective 11/26/2025</strong>.</p>
<h2>Step three: a map designation is not a risk assessment</h2>
<p>This is the part that gets people hurt.</p>
<p>FEMA maps are engineering products with a revision date, built on the drainage and development conditions that existed when the study was done. They do not model every creek, every low-water crossing, every undersized culvert, or the parking lot that got paved upstream after the map was drawn. <strong>Property outside a Special Flood Hazard Area can and does flood.</strong></p>
<p>Boerne sits in the Hill Country, where <strong>Cibolo Creek</strong> runs. The Hill Country's combination of thin soil over limestone, steep relief and intense rainfall produces fast-rising water in creek and draw bottoms. The <strong><a href=""https://ccgcd.org/"">Cow Creek Groundwater Conservation District</a></strong> maintains stream gauges on <strong>Cibolo Creek and the Guadalupe River</strong>, along with roughly 42 monitor wells and more than 100 rain gauge sites — which is a reminder that surface water here is monitored in real time for a reason.</p>
<p>On a specific property, the questions that actually predict water are physical: where is the lot relative to the creek and to the nearest draw, where does the slab sit relative to the street, where does the neighborhood drain, and is there a low-water crossing between the house and the way out. Walk it, and walk it after a rain if you can.</p>
<h2>Step four: do the flood work inside the option period, because it has a deadline</h2>
<p>The <strong>option period</strong> is the window in which a Texas buyer has an <strong>unrestricted right to terminate</strong> (<a href=""https://trerc.tamu.edu/article/option-period-basics-2360/"">Texas Real Estate Research Center</a>). It is also the only window in which the flood questions can be answered in time to act on them.</p>
<p>The flood checklist for that window:</p>
<ul>
<li><strong>Pull the FEMA zone for the exact address</strong>, not the subdivision.</li>
<li><strong>Get an actual insurance quote</strong> — not an estimate, a quote, on this address, from an insurance agent. Premium and availability are the market's own risk assessment, and they tell you things a map will not.</li>
<li><strong>Ask whether an elevation certificate exists</strong>, and whether one would change the rating. This is a surveyor question.</li>
<li><strong>Read the seller's disclosure flood answers</strong>, and ask follow-up questions in writing about anything checked or left blank.</li>
<li><strong>Ask the City of Boerne</strong> about drainage, floodplain development permits and any local floodplain information for the address. Boerne is in <strong>Kendall County</strong>, not Bexar County, and it is not in the City of San Antonio — San Antonio's floodplain pages and ordinances do not govern Boerne. City of Boerne: 201 East San Antonio Avenue, Boerne, TX 78006, 830-249-9343. For an address in unincorporated Kendall County, that question goes to the county.</li>
<li><strong>Check the survey</strong> for the floodplain line, if the survey shows one.</li>
</ul>
<p>The mechanical trap is the one that catches every Texas buyer: the option fee must reach the <strong>title company within three days of the effective date</strong> or there is no termination right at all, no matter what the option period says (<a href=""https://www.trec.texas.gov/article/changes-delivery-option-fee-0"">TREC</a>). Insurance quotes and elevation certificates take time. Start them on day one, not day seven.</p>
<h2>What an honest answer sounds like</h2>
<p>&quot;Does Boerne flood?&quot; is the wrong shape of question. &quot;Does 000 Example Street sit in Zone AE, has it flooded in the last five years per the seller's disclosure, and what will an insurer charge to write it?&quot; is answerable, in about three business days, for the price of a phone call.</p>
<h2>Who answers which question</h2>
<ul>
<li><strong>An insurance agent</strong> — availability, premium, what the carrier's own model says, whether an elevation certificate changes the rate.</li>
<li><strong>A surveyor</strong> — elevation certificate, where the floodplain line falls on the lot.</li>
<li><strong>The City of Boerne</strong> (or Kendall County for unincorporated property) — drainage, floodplain development permits, local map information.</li>
<li><strong>A lender</strong> — whether flood insurance is required for the loan.</li>
<li><strong>A Texas real estate attorney</strong> — anything involving a disclosure that turns out to have been wrong.</li>
</ul>
<h2>Related questions</h2>
<ul>
<li><a href=""/answers/do-i-need-flood-insurance-in-boerne"">Do I need flood insurance in Boerne?</a></li>
<li><a href=""/answers/what-is-the-sellers-disclosure-notice-in-texas"">What is the seller's disclosure notice in Texas?</a></li>
<li><a href=""/answers/what-is-the-option-period-in-texas"">What is the option period in a Texas real estate contract?</a></li>
<li><a href=""/answers/should-i-buy-in-boerne-city-limits-or-unincorporated-kendall-county"">Should I buy in Boerne city limits or unincorporated Kendall County?</a></li>
<li><a href=""/answers/what-should-i-know-about-septic-and-wells-in-the-hill-country"">What should I know about septic and wells in the Hill Country?</a></li>
</ul>
<h2>Questions about a specific property?</h2>
<p>Call or text <strong><a href=""tel:+1-830-446-3847"">830-446-3847</a></strong> · Email <strong><a href=""mailto:heath.shepard@kw.com"">heath.shepard@kw.com</a></strong></p>
<hr>
<p><em>This page explains how flood risk is determined on a Texas property and makes no representation about flooding at any specific address. It is not legal, insurance or engineering advice. Get a quote from a licensed insurance agent, an elevation question answered by a surveyor, and floodplain and drainage information from the City of Boerne or Kendall County.</em></p>","","2026-09-17","real-estate-market","https://www.theheathshepardrealestateteam.com/boerne/real-estate-market","do-i-need-flood-insurance-in-boerne,what-is-the-sellers-disclosure-notice-in-texas,what-is-the-option-period-in-texas,should-i-buy-in-boerne-city-limits-or-unincorporated-kendall-county,what-should-i-know-about-septic-and-wells-in-the-hill-country","https://codes.findlaw.com/tx/property-code/prop-sect-5-008/
https://texas.public.law/statutes/tex._prop._code_section_5.008
https://capitol.texas.gov/tlodocs/86R/billtext/pdf/SB00339F.pdf
https://www.trec.texas.gov/agency-information/contracts
https://trerc.tamu.edu/article/option-period-basics-2360/
https://www.trec.texas.gov/article/changes-delivery-option-fee-0
https://ccgcd.org/
https://msc.fema.gov/portal/home","draft"
"Does Boerne have enough water?","does-boerne-have-enough-water","Does Boerne have enough water?","Boerne draws on Canyon Lake water, City Lake and Trinity wells, while Cow Creek Groundwater Conservation District sets Kendall County pumping limits.","Boerne draws from three sources — Canyon Lake surface water purchased through the Guadalupe-Blanco River Authority, Boerne City Lake, and local wells in the Trinity Group aquifers. Supply is actively managed, not unlimited: the Cow Creek Groundwater Conservation District sets drought stages and pumping rules countywide. Check ccgcd.org for the current stage.","<h2>Where the city's water actually comes from</h2>
<p>Three sources, not one (<a href=""https://www.ci.boerne.tx.us/FAQ.aspx?QID=315"">City of Boerne</a>):</p>
<ol>
<li><strong>Canyon Lake surface water</strong>, purchased through the <strong>Guadalupe-Blanco River Authority</strong>.</li>
<li><strong>Boerne City Lake.</strong></li>
<li><strong>Local wells in the Trinity Group aquifers.</strong></li>
</ol>
<p>Diversification is the point. A city drawing from one source is exposed to whatever happens to that source. Boerne can lean on surface water when the aquifer is stressed and on groundwater when surface supply is short. That is a meaningfully better position than a single-source system, and it is also why &quot;does Boerne have enough water&quot; has no yes-or-no answer — it depends on which source, which year and which stage.</p>
<h2>Who regulates the groundwater</h2>
<p>The <strong>Cow Creek Groundwater Conservation District</strong> regulates groundwater in Kendall County and sets drought stages. It does that with real instrumentation: roughly <strong>42 monitor wells</strong>, stream gauges on <strong>Cibolo Creek and the Guadalupe River</strong>, and more than <strong>100 rain gauge sites</strong> (<a href=""https://ccgcd.org/"">Cow Creek GCD</a>).</p>
<p>Drought stages in the district have moved between <strong>Stage 2, Stage 3 and Stage 4</strong> in recent years (<a href=""https://www.boernestar.com/article/1520,cow-creek-moves-into-stage-3-drought"">Boerne Star</a>). Stage 4 emergency rules have been reported to carry a <strong>mandatory reduction in allowable well pumping</strong>.</p>
<p>This page does not state a current stage, on purpose. Stages change with conditions, and a number printed in any article — including this one — goes stale. <strong><a href=""https://ccgcd.org/"">ccgcd.org</a> is the source.</strong> Check it before you rely on a stage, and check it again before closing.</p>
<p>Cow Creek GCD is also a taxing entity that can appear on a Kendall County tax bill, alongside Kendall County WCID #1 and two MUDs (<a href=""https://kendallad.org/adopted-tax-rates-and-exemptions/"">Kendall Appraisal District</a>). Groundwater management here is a funded local government function, not an advisory committee.</p>
<h2>Growth is the pressure</h2>
<p><strong>Kendall County grew 20.3 percent between 2020 and 2025</strong>, from an estimated 44,568 to 53,289 residents, mostly through domestic migration (<a href=""https://communityimpact.com/san-antonio/boerne-fair-oaks-ranch/government/2026/03/30/kendall-county-population-increases-by-203-from-2020-2025/"">Community Impact</a>).</p>
<p>More rooftops on a finite aquifer is the core tension in every Hill Country water conversation. It is why groundwater regulation exists here, why drought stages have teeth, and why a development that cannot document water does not get built at the density its plan assumed. Water availability is one of the quiet reasons Hill Country supply stays constrained and prices stay firm.</p>
<h2>A city tap and a well are two different purchases</h2>
<p>This is the part that costs buyers money, and it has nothing to do with the city's overall supply.</p>
<p><strong>Inside the city limits</strong>, you are a City of Boerne utility customer. The city manages source, treatment, distribution and drought restrictions. Your obligation is to follow watering restrictions and pay the bill. Supply risk is the city's problem to solve.</p>
<p><strong>On acreage outside the city</strong>, the well is yours. Everything below is your diligence:</p>
<ul>
<li><strong>Yield.</strong> Gallons per minute, tested — not &quot;the seller says it's always been fine.&quot; A well that serves two people may not serve six with irrigation and livestock.</li>
<li><strong>Depth, casing and pump condition.</strong> Age, materials, and whether the pump is near end of life. Replacement is a five-figure conversation.</li>
<li><strong>Which formation it draws from</strong>, and how that formation has behaved through recent drought stages.</li>
<li><strong>Shared wells.</strong> A well serving more than one tract is governed by an agreement, and the quality of that agreement is a legal question.</li>
<li><strong>District rules.</strong> Permitting, registration and pumping limits under Cow Creek GCD, including what happens to your allowable pumping in a high drought stage.</li>
<li><strong>Water quality testing</strong>, separately from yield.</li>
<li><strong>Storage and rainwater collection</strong>, which many Hill Country properties use to buffer a low-yield well.</li>
</ul>
<p>A general home inspection is not a well evaluation. A qualified water well contractor tests the well; <strong>Cow Creek GCD</strong> answers the permitting and pumping-rule questions; a <strong>Texas real estate attorney</strong> reads a shared-well agreement or a water-rights reservation in the chain of title.</p>
<h2>What the contract paperwork does and does not tell you</h2>
<p>TREC promulgates a <strong>Seller's Disclosure about Groundwater and Surface Water Rights, form 61-0, effective 07/01/2026</strong> (<a href=""https://www.trec.texas.gov/agency-information/contracts"">TREC contracts</a>). Its existence is the tell: water rights in Texas are separable from the surface estate and are worth disclosing on their own form.</p>
<p>The standard <strong>Seller's Disclosure Notice</strong> under Texas Property Code §5.008 covers property condition as the seller knows it (<a href=""https://codes.findlaw.com/tx/property-code/prop-sect-5-008/"">Tex. Prop. Code §5.008</a>). A seller cannot disclose an aquifer trend they do not know about, and there is no box on any form that certifies future yield. Disclosure is a floor, not a diligence plan.</p>
<h2>The realistic answer</h2>
<p>Boerne has a managed, three-source supply and an active groundwater district with instrumentation and enforcement. That is better infrastructure than most Hill Country towns of its size, and it is the reason growth here has not run into a hard wall.</p>
<p>It is not an unlimited supply, and nobody local pretends otherwise. Drought stages have reached Stage 4 with mandatory pumping cuts. Landscaping expectations formed somewhere wetter do not survive here. And a buyer on a private well carries the risk personally, in a way a city utility customer does not.</p>
<p>Buy accordingly: check the current stage at <a href=""https://ccgcd.org/"">ccgcd.org</a>, confirm whether the address is on city water or a well before you write the offer, and put a real well evaluation inside the option period if it is a well.</p>
<h2>Related questions</h2>
<ul>
<li><a href=""/answers/what-should-i-know-about-septic-and-wells-in-the-hill-country"">What should I know about septic and wells in the Hill Country?</a></li>
<li><a href=""/answers/should-i-buy-in-boerne-city-limits-or-unincorporated-kendall-county"">Should I buy inside Boerne city limits or in unincorporated Kendall County?</a></li>
<li><a href=""/answers/is-boerne-texas-growing"">Is Boerne, Texas growing?</a></li>
<li><a href=""/answers/is-boerne-texas-a-good-place-to-live"">Is Boerne, Texas a good place to live?</a></li>
<li><a href=""/answers/is-hill-country-land-a-good-investment"">Is Hill Country land a good investment?</a></li>
</ul>
<h2>Questions about a specific property?</h2>
<p>Call or text <strong><a href=""tel:+1-830-446-3847"">830-446-3847</a></strong> · Email <strong><a href=""mailto:heath.shepard@kw.com"">heath.shepard@kw.com</a></strong></p>
<hr>
<p><em>Drought stages and district rules change; ccgcd.org is the authority for current conditions in Kendall County. This page is not legal advice — a Texas real estate attorney is the right person for shared-well agreements, water-rights reservations and title questions.</em></p>","","2026-09-17","real-estate-market","https://www.theheathshepardrealestateteam.com/boerne/real-estate-market","what-should-i-know-about-septic-and-wells-in-the-hill-country,should-i-buy-in-boerne-city-limits-or-unincorporated-kendall-county,is-boerne-texas-growing,is-boerne-texas-a-good-place-to-live,is-hill-country-land-a-good-investment","https://www.ci.boerne.tx.us/FAQ.aspx?QID=315
https://ccgcd.org/
https://www.boernestar.com/article/1520,cow-creek-moves-into-stage-3-drought
https://kendallad.org/adopted-tax-rates-and-exemptions/
https://communityimpact.com/san-antonio/boerne-fair-oaks-ranch/government/2026/03/30/kendall-county-population-increases-by-203-from-2020-2025/
https://www.trec.texas.gov/agency-information/contracts
https://codes.findlaw.com/tx/property-code/prop-sect-5-008/","draft"
"Does Texas really have no state income tax, and what do I pay instead?","does-texas-have-no-state-income-tax","Does Texas really have no state income tax, and what do I pay instead?","Texas has no state income tax. What you pay instead: annual market-value reappraisal, a stacked local property tax bill, and 8.25% sales tax in Boerne.","Yes. Texas has no state individual income tax. It funds local government mostly through property tax, and sales tax runs 6.25% state plus local add-ons to a maximum 8.25%, which is what Boerne charges. Texas property is reappraised at market value annually, subject to a 10% homestead cap.","<h2>The no-income-tax part is real</h2>
<p>There is no asterisk on it. Texas does not levy a state individual income tax, so there is no state return to file on wages, and no state withholding line on a Texas paycheck. Federal tax obligations are unchanged.</p>
<p>What is misleading is the way the fact usually gets used. &quot;No income tax&quot; is presented as though the money simply is not collected. It is collected — it is collected locally, from property, and the mechanism it runs on is different enough from most states that a new resident should understand it before closing on a house.</p>
<h2>What replaces it: a stacked local property tax bill</h2>
<p>A Texas property tax bill is not one rate set by the state. It is the <strong>sum of every taxing entity whose boundary covers the parcel</strong>, each of which adopts its own rate every fall.</p>
<p>For a home inside the Boerne city limits, in Boerne ISD, the 2025 stack looked like this, per $100 of taxable value:</p>
<table>
<thead>
<tr>
<th>Entity</th>
<th>2025 rate</th>
</tr>
</thead>
<tbody>
<tr>
<td>Boerne ISD</td>
<td><strong>1.0109</strong> (M&amp;O 0.6969 + debt 0.3140)</td>
</tr>
<tr>
<td>City of Boerne</td>
<td><strong>0.4716</strong></td>
</tr>
<tr>
<td>Kendall County</td>
<td><strong>0.377</strong> (M&amp;O 0.317976 + debt 0.059024)</td>
</tr>
<tr>
<td><strong>Combined</strong></td>
<td><strong>1.8595</strong></td>
</tr>
</tbody>
</table>
<p>Sources: <a href=""https://www.co.kendall.tx.us/295/Boerne-ISD"">Boerne ISD rates</a>, <a href=""https://www.kendallcountytx.gov/297/Boerne-City-of"">City of Boerne rates</a>, <a href=""https://www.co.kendall.tx.us/306/Kendall-County"">Kendall County rates</a>.</p>
<p>That 1.8595 is <strong>before any special district on the parcel and before any exemption</strong>. It is not a universal Boerne number. Depending on the address, the bill may also carry Kendall County MUD, Miralomas MUD, the Cow Creek Groundwater Conservation District, or Kendall County WCID #1 (<a href=""https://kendallad.org/adopted-tax-rates-and-exemptions/"">Kendall AD</a>). Part of Kendall County is in <strong>Comfort ISD</strong>, whose 2025 rate was <strong>0.9328</strong> (<a href=""https://www.kendallcountytx.gov/300/Kendall-County"">Kendall County</a>).</p>
<p>The county rate has drifted down: 0.377 in 2025, 0.3827 in 2024 and 2023, 0.38770 in 2022, 0.412700 in 2021. <strong>Kendall County's 2026 adopted rate is 0.373</strong> (M&amp;O 0.325765 + debt 0.047235). A falling rate does not automatically mean a falling bill, because the other half of the equation is the value.</p>
<p>Pull the entity list for your specific parcel from <a href=""https://kendallad.org/adopted-tax-rates-and-exemptions/"">kendallad.org</a>. Boerne is in <strong>Kendall County</strong>, not Bexar County, so the appraisal district is Kendall AD and not Bexar CAD, and San Antonio's rates and ordinances have nothing to do with it.</p>
<h2>The value side is the part that catches people</h2>
<p>Texas appraisal districts value property at <strong>market value and reappraise annually</strong>. Once a homestead exemption is on the property, the increase in net appraised value is <strong>capped at 10% per year</strong> (<a href=""https://comptroller.texas.gov/taxes/property-tax/exemptions/"">Texas Comptroller</a>).</p>
<p>Two things follow.</p>
<p>First, the cap governs the rate of climb, not the ceiling. In a county where values are rising, a capped property can go up 10% a year for several years running, and the taxable value converges on market over time.</p>
<p>Second, <strong>the cap only exists once the homestead exemption exists.</strong> A property without one has no cap at all. That is why the first reappraisal after a purchase can move a long way, especially when the prior owner held it for years under a capped value.</p>
<h2>The exemptions that pull the number back down</h2>
<ul>
<li><strong>School district residence homestead exemption: $140,000</strong>, raised from $100,000 by <strong>Proposition 13</strong>, approved by Texas voters in <strong>November 2025</strong> and implemented by <strong>SB 4, 89th Legislature</strong>, effective for tax year 2026 (<a href=""https://comptroller.texas.gov/taxes/property-tax/exemptions/"">Texas Comptroller</a>). Since the school rate is the biggest line, this is the largest single reduction on most bills.</li>
<li><strong>Local option exemption</strong>: taxing units may offer up to <strong>20%</strong> of appraised value, minimum $5,000.</li>
<li><strong>Age 65 or older, or disabled</strong>: school districts must grant an <strong>additional $60,000</strong>; other taxing units may adopt a local option of at least $3,000. Kendall AD notes that the City of Boerne, Boerne ISD, Comfort ISD and Kendall County offer over-65 and disability tax freezes (<a href=""https://kendallad.org/adopted-tax-rates-and-exemptions/"">Kendall AD</a>).</li>
<li><strong>Counties collecting a farm-to-market or flood-control tax</strong> must give a <strong>$3,000</strong> residence homestead exemption.</li>
</ul>
<p><strong>The January 1 rule decides when any of it starts.</strong> You must have <strong>owned and occupied the home as your principal residence on January 1</strong> of the tax year, and the application deadline is <strong>before May 1</strong> (<a href=""https://comptroller.texas.gov/taxes/property-tax/exemptions/"">Texas Comptroller</a>).</p>
<p>Close in February and the exemption takes effect the following year. The first year is the unexempted bill, on an uncapped value. If a lender builds the escrow estimate off that first bill, the payment is higher than the one you will settle into — and if the lender builds it off the <em>seller's</em> old exempted bill, it is lower, and the escrow shortage shows up a year later. Ask the lender which number they used.</p>
<p>Nobody files the exemption for you. Not the seller, not the title company, not the agent. It is a form filed with the appraisal district.</p>
<h2>Sales tax, and the other things that are not property tax</h2>
<p>Texas state sales tax is <strong>6.25%</strong>, with local add-ons to a combined maximum of <strong>8.25%</strong>. <strong>Boerne is at the maximum</strong>: 6.25% state + 1.50% City of Boerne + 0.50% Kendall County (<a href=""https://www.ci.boerne.tx.us/646/Current-Tax-Rates"">City of Boerne</a>).</p>
<p>For short-term rental operators, <strong>hotel occupancy tax in Boerne is 13% total</strong> — 6% state plus 7% city, remitted through the city portal.</p>
<h2>If the value looks wrong, there is a process and a deadline</h2>
<p>The appraisal notice must be sent by <strong>May 1</strong>, or by <strong>April 1</strong> for a residence homestead, &quot;or as soon as practical thereafter.&quot; The protest deadline is <strong>May 15, or 30 days after the district mails the notice of appraised value, whichever is later</strong> — counted from the <strong>mailing</strong> date, not the day it lands in your mailbox. If that falls on a weekend or holiday it rolls to the next business day (<a href=""https://comptroller.texas.gov/taxes/property-tax/protests/"">Texas Comptroller</a>).</p>
<p>The notice of protest form is <strong>Comptroller Form 50-132</strong>, and a protest is sufficient if it identifies the property, the owner and a subject showing dissatisfaction, in writing. The appraisal review board must give <strong>at least 15 days</strong> notice of the hearing, and an owner may appear in person, by phone or videoconference, or by written affidavit.</p>
<h2>Who answers which question</h2>
<ul>
<li><strong>Kendall Appraisal District</strong> — exemptions, appraised value, which entities tax your parcel, protests.</li>
<li><strong>A CPA or tax advisor</strong> — whether the overall trade works in your favor, and anything involving a sale in your prior state. Nobody should give you a single &quot;effective rate&quot; comparison between two states as a reason to move; price your actual address.</li>
<li><strong>A lender</strong> — how the first-year tax figure is being used in your escrow estimate.</li>
</ul>
<h2>Related questions</h2>
<ul>
<li><a href=""/answers/moving-from-california-to-the-texas-hill-country"">What should I know about moving from California to the Texas Hill Country?</a></li>
<li><a href=""/answers/what-are-property-taxes-like-in-boerne"">What are property taxes like in Boerne?</a></li>
<li><a href=""/answers/what-is-the-texas-homestead-exemption"">What is the Texas homestead exemption?</a></li>
<li><a href=""/answers/what-is-the-10-percent-homestead-cap-in-texas"">What is the 10% homestead cap in Texas?</a></li>
<li><a href=""/answers/why-did-my-texas-property-taxes-go-up"">Why did my Texas property taxes go up?</a></li>
</ul>
<h2>Questions about a specific property?</h2>
<p>Call or text <strong><a href=""tel:+1-830-446-3847"">830-446-3847</a></strong> · Email <strong><a href=""mailto:heath.shepard@kw.com"">heath.shepard@kw.com</a></strong></p>
<hr>
<p><em>This page describes how Texas taxes are structured. It is not tax advice. For how the trade works on your own numbers, talk with a CPA; for exemptions, appraised value and protests, contact Kendall Appraisal District.</em></p>","","2026-09-17","relocation","https://www.theheathshepardrealestateteam.com/boerne/relocation","moving-from-california-to-the-texas-hill-country,what-are-property-taxes-like-in-boerne,what-is-the-texas-homestead-exemption,what-is-the-10-percent-homestead-cap-in-texas,why-did-my-texas-property-taxes-go-up","https://comptroller.texas.gov/taxes/property-tax/exemptions/
https://www.ci.boerne.tx.us/646/Current-Tax-Rates
https://www.co.kendall.tx.us/306/Kendall-County
https://www.co.kendall.tx.us/295/Boerne-ISD
https://www.kendallcountytx.gov/297/Boerne-City-of
https://www.kendallcountytx.gov/300/Kendall-County
https://kendallad.org/adopted-tax-rates-and-exemptions/
https://comptroller.texas.gov/taxes/property-tax/protests/","draft"
"How are rental properties taxed differently from a homestead in Texas?","how-are-rental-properties-taxed-differently-in-texas","How are rental properties taxed differently from a homestead in Texas?","A Texas rental gets no homestead exemption and no 10 percent cap, only the 20 percent circuit breaker under Tax Code 23.231, expiring December 31, 2026.","A Texas rental gets no residence homestead exemption and no 10 percent homestead appraisal cap. It is instead covered by the separate 20 percent circuit breaker on non-homestead property under Tax Code Section 23.231, which applies to tax years 2024 through 2026 and expires December 31, 2026 unless the Legislature renews it.","<h2>The first difference: no homestead exemption</h2>
<p>Texas homestead exemptions attach to a <strong>residence homestead</strong> — a property the owner owned and occupied as a principal residence on <strong>January 1</strong> of the tax year. A rental is not that, so none of the following apply to it (<a href=""https://comptroller.texas.gov/taxes/property-tax/exemptions/"">Texas Comptroller, <em>Property Tax Exemptions</em></a>):</p>
<ul>
<li>The <strong>$140,000 school district residence homestead exemption</strong>, raised from $100,000 by <strong>Proposition 13</strong>, approved by Texas voters in <strong>November 2025</strong> and implemented by <strong>SB 4 of the 89th Legislature</strong>, effective for tax year 2026.</li>
<li>The <strong>additional $60,000</strong> school district exemption for owners <strong>age 65 or older or disabled</strong>.</li>
<li>The <strong>local option</strong> homestead exemption of up to <strong>20 percent</strong> of appraised value that a taxing unit may offer, with a $5,000 minimum.</li>
<li>The <strong>$3,000</strong> residence homestead exemption required from counties that collect a farm-to-market or flood-control tax.</li>
</ul>
<p>On a rental, the taxable value is the appraised value. Nothing comes off the top.</p>
<p>The over-65 school tax ceiling is in the same category — it freezes school taxes on a <strong>residence homestead</strong> for a qualifying owner, and it has nothing to offer a rental. In Kendall County, several jurisdictions offer over-65 and disability tax freezes, named by <a href=""https://kendallad.org/adopted-tax-rates-and-exemptions/"">Kendall Appraisal District</a> as the City of Boerne, Boerne ISD, Comfort ISD and Kendall County — all of which are homestead-linked.</p>
<h2>The second difference: no 10 percent cap</h2>
<p>The <strong>10 percent annual cap</strong> on increases in net appraised value applies to properties that already have a homestead exemption. It is the mechanism that keeps a homeowner's taxable value from tracking a fast-rising market in real time.</p>
<p>A rental does not get it. On a non-homestead property the appraised value can move with the market, subject only to the circuit breaker below.</p>
<p>That difference compounds over a hold period. Two identical houses on the same street, one owner-occupied and one rented, can drift meaningfully apart in taxable value over several years of appreciation — and the gap runs against the investor.</p>
<h2>The third difference: the circuit breaker, and its expiration date</h2>
<p><strong>Tax Code Section 23.231</strong> caps the appraised value of <strong>non-homestead real property</strong> at or below an annually indexed threshold, limiting increases to <strong>20 percent</strong> per year. It was created by <strong>SB 2 (2023)</strong> as a pilot covering tax years <strong>2024, 2025 and 2026</strong>, and it <strong>expires December 31, 2026 unless the Legislature renews it</strong> (<a href=""https://traviscad.org/circuitbreaker"">Travis CAD</a>, <a href=""https://resolutepts.com/texas-property-tax-law-changes/"">summary of the 2023 Texas property tax law changes</a>).</p>
<p>It excludes land receiving agricultural special appraisal and homesteads already covered by the 10 percent cap.</p>
<p>The threshold is indexed annually and published sources disagree on the current figure, so confirm it with the appraisal district for any property anywhere near it. For most residential rentals in Kendall County the threshold is not the operative question anyway; the expiration date is.</p>
<p><strong>That sunset is the single most actionable fact on this page for an investor.</strong> A multi-year pro forma written in 2026 that assumes 20 percent as a permanent ceiling on appraised value is assuming a statute with a scheduled end date. Model the hold both with and without it, and watch the 2027 legislative session.</p>
<h2>What does not change: the protest right</h2>
<p>An investor has the same right to protest as a homeowner, and on a property with no exemptions and no meaningful cap, the protest is doing more work.</p>
<ul>
<li><strong>Deadline: May 15, or 30 days after the appraisal district mails the notice of appraised value, whichever is later.</strong> The clock runs from the <strong>mailing</strong> date, not from when the notice arrives. A deadline falling on a weekend or holiday rolls to the next business day.</li>
<li>The notice of appraised value must be sent by <strong>May 1</strong>, or by <strong>April 1</strong> for a residence homestead, &quot;or as soon as practical thereafter&quot; under Tax Code Section 25.19. A rental is on the later schedule.</li>
<li>The notice of protest is <strong>Comptroller Form 50-132</strong>, and a protest is sufficient if it identifies the property, the owner, and a subject showing dissatisfaction, in writing.</li>
<li>The appraisal review board must give <strong>at least 15 days</strong> notice of the hearing, and an owner may appear in person, by phone or videoconference, or by written affidavit.</li>
</ul>
<p>Source: <a href=""https://comptroller.texas.gov/taxes/property-tax/protests/"">Texas Comptroller, <em>Property Tax Protests</em></a>.</p>
<p>For a Boerne or Kendall County rental, the protest goes to <strong>Kendall Appraisal District (kendallad.org)</strong>. <strong>Boerne is in Kendall County — not Bexar County and not the City of San Antonio</strong>, so Bexar CAD deadlines, notices and portals are the wrong ones.</p>
<h2>The income-tax side belongs to a CPA</h2>
<p>Property tax is only half of what changes. A rental also becomes an income-producing asset on the owner's federal return, and that brings in a set of questions this page will not answer because they are decided filer by filer:</p>
<ul>
<li><strong>Depreciation</strong> — the recovery period, the method, and what portion of basis is depreciable versus allocated to land.</li>
<li><strong>Depreciation recapture</strong> on sale.</li>
<li><strong>Passive activity loss rules</strong> and whether losses are currently deductible, suspended, or usable against other income.</li>
<li><strong>Which expenses are deductible</strong>, and the line between a repair and a capital improvement.</li>
<li><strong>The interaction with a <a href=""/answers/what-is-a-1031-exchange"">1031 exchange</a></strong> and the basis that carries forward.</li>
<li><strong>Hotel occupancy tax</strong> if the property is operated as a short-term rental — 13 percent combined in Boerne, 6 percent state and 7 percent city.</li>
</ul>
<p>Every one of those is <strong>a CPA or tax advisor's</strong> work. Texas has no state individual income tax, which changes the arithmetic but not the questions.</p>
<h2>The conversion moment, which people get wrong</h2>
<p>Two timing traps are worth naming.</p>
<p><strong>January 1 governs.</strong> Homestead qualification depends on owning and occupying the property as a principal residence on January 1 of the tax year. A property converted to a rental mid-year does not lose its homestead treatment retroactively for that year — but the following January 1 is a hard line.</p>
<p><strong>Keeping an exemption you are no longer entitled to is not a savings strategy.</strong> An exemption that stays on a property after it stops being the owner's residence is an exposure, and appraisal districts do check. <strong>Kendall Appraisal District</strong> is the right place to sort out what applies to a specific property and what has to be removed.</p>
<h2>The short version</h2>
<table>
<thead>
<tr>
<th></th>
<th>Homestead</th>
<th>Rental</th>
</tr>
</thead>
<tbody>
<tr>
<td>School district exemption</td>
<td>$140,000</td>
<td>none</td>
</tr>
<tr>
<td>Over-65 additional school exemption</td>
<td>$60,000</td>
<td>none</td>
</tr>
<tr>
<td>Local option exemption up to 20 percent</td>
<td>available</td>
<td>none</td>
</tr>
<tr>
<td>Annual appraisal cap</td>
<td>10 percent</td>
<td>20 percent circuit breaker, through tax year 2026</td>
</tr>
<tr>
<td>Over-65 school tax ceiling</td>
<td>yes</td>
<td>no</td>
</tr>
<tr>
<td>Protest right</td>
<td>yes</td>
<td>yes</td>
</tr>
</tbody>
</table>
<h2>Related questions</h2>
<ul>
<li><a href=""/answers/what-is-the-texas-homestead-exemption"">What is the Texas homestead exemption?</a></li>
<li><a href=""/answers/what-is-the-10-percent-homestead-cap-in-texas"">What is the 10 percent homestead cap in Texas?</a></li>
<li><a href=""/answers/what-is-a-1031-exchange"">What is a 1031 exchange?</a></li>
<li><a href=""/answers/what-is-the-brrrr-method-and-does-it-work-in-texas"">What is the BRRRR method, and does it work in Texas?</a></li>
<li><a href=""/answers/what-are-property-taxes-like-in-boerne"">What are property taxes like in Boerne?</a></li>
</ul>
<h2>Questions about a specific property?</h2>
<p>Call or text <strong><a href=""tel:+1-830-446-3847"">830-446-3847</a></strong> · Email <strong><a href=""mailto:heath.shepard@kw.com"">heath.shepard@kw.com</a></strong></p>
<hr>
<p><em>This page explains how Texas property tax treatment differs for rentals as of September 2026 and is not tax advice. Kendall Appraisal District decides exemptions and valuations for Boerne-area property, and a CPA or tax advisor handles depreciation, deductions and anything on your federal return.</em></p>","","2026-09-17","real-estate-market","https://www.theheathshepardrealestateteam.com/boerne/real-estate-market","what-is-the-texas-homestead-exemption,what-is-the-10-percent-homestead-cap-in-texas,what-is-a-1031-exchange,what-is-the-brrrr-method-and-does-it-work-in-texas,what-are-property-taxes-like-in-boerne","https://comptroller.texas.gov/taxes/property-tax/exemptions/
https://traviscad.org/circuitbreaker
https://resolutepts.com/texas-property-tax-law-changes/
https://comptroller.texas.gov/taxes/property-tax/protests/
https://kendallad.org/adopted-tax-rates-and-exemptions/","draft"
"How do I file for a homestead exemption in Kendall County, Texas?","how-do-i-file-for-a-homestead-exemption-in-kendall-county","How do I file for a homestead exemption in Kendall County, Texas?","File with Kendall Appraisal District, not Bexar CAD: own and occupy by January 1, apply free before May 1, and take the $140,000 school exemption.","File with the Kendall Appraisal District at kendallad.org, not Bexar CAD. Boerne is in Kendall County. You must have owned and occupied the home as your principal residence on January 1, and the application is due before May 1. There is no fee to file directly with the district.","<h2>Start with the district, because this is where people go wrong</h2>
<p>Boerne is the county seat of <strong>Kendall County</strong>. It is not in Bexar County and it is not in the City of San Antonio. A Boerne homeowner files a homestead exemption with the <strong>Kendall Appraisal District</strong> (<a href=""https://kendallad.org/adopted-tax-rates-and-exemptions/"">kendallad.org</a>).</p>
<p>This trips up relocating buyers constantly, because &quot;San Antonio&quot; is the metro name, the airport, the MLS region and the way most people describe where they live. None of that changes jurisdiction. Bexar Appraisal District appraises property in Bexar County. It does not appraise property in Kendall County, and an application sent there for a Boerne home does not get forwarded into a different county's roll.</p>
<p>The same logic applies in reverse. Parts of Fair Oaks Ranch sit in Bexar and Comal counties as well as Kendall, because the city's limits span all three. The appraisal district is set by which county the <strong>parcel</strong> is in, not which city mails your water bill.</p>
<h2>Where to actually file</h2>
<p>This is the office. It is in Boerne, and it is not Bexar CAD (<a href=""https://kendallad.org/"">Kendall Appraisal District</a>).</p>
<table>
<thead>
<tr>
<th></th>
<th></th>
</tr>
</thead>
<tbody>
<tr>
<td>Address</td>
<td><strong>118 Market Avenue, Boerne, TX 78006</strong></td>
</tr>
<tr>
<td>Phone</td>
<td><strong>(830) 249-8012</strong></td>
</tr>
<tr>
<td>Email</td>
<td><strong>requestinfo@kendallad.org</strong></td>
</tr>
<tr>
<td>Appraisal and Operations hours</td>
<td>Monday to Friday, <strong>8:00 a.m. to 5:00 p.m.</strong></td>
</tr>
<tr>
<td>Tax Collection hours</td>
<td>Monday to Friday, <strong>8:00 a.m. to 4:00 p.m.</strong></td>
</tr>
<tr>
<td>Property search</td>
<td><strong><a href=""https://esearch.kendallad.org/"">esearch.kendallad.org</a></strong></td>
</tr>
<tr>
<td>Taxpayer Portal — exemptions and protests</td>
<td><strong><a href=""https://eprotest.kendallad.org/"">eprotest.kendallad.org</a></strong></td>
</tr>
</tbody>
</table>
<p>Two of those are worth separating, because people conflate them. <strong>esearch</strong> is the public property search — use it to pull the account for a specific parcel and see which taxing units are on it and what exemptions are currently posted. <strong>The Taxpayer Portal at eprotest.kendallad.org is the transactional side</strong> — it is where exemption applications and protests are handled online. The name says &quot;eprotest,&quot; but exemptions run through it too, which is why homeowners who only want to file a homestead exemption sometimes skip past it.</p>
<p>Note the two different closing times. Appraisal and Operations runs to 5:00 p.m.; Tax Collection closes at 4:00 p.m. If you are driving to Boerne to pay something rather than to ask something, the earlier clock is the one that governs.</p>
<h2>The two qualifying facts</h2>
<p>You must have <strong>owned</strong> the home and <strong>occupied it as your principal residence on January 1</strong> of the tax year (<a href=""https://comptroller.texas.gov/taxes/property-tax/exemptions/"">Texas Comptroller</a>). Both, on that date. Not &quot;closed in January.&quot; Not &quot;moved in over the holidays and finalized later.&quot;</p>
<p>If you bought in the middle of the year, you were not the January 1 owner-occupant of that property. That is the ordinary rule, and it is the reason a first tax bill on a new purchase so often looks different from what the listing or the prior owner's bill suggested. Whether any exception applies to a specific purchase is a question for the appraisal district.</p>
<h2>The deadline, and what happens if you miss it</h2>
<p>The exemption application is due <strong>before May 1</strong>, which is generally described as April 30 (<a href=""https://comptroller.texas.gov/taxes/property-tax/exemptions/"">Texas Comptroller</a>). The appraisal district publishes its current forms and filing instructions on its site.</p>
<p>Filing is <strong>free</strong> when you do it directly with the appraisal district. Newly closed buyers in Kendall County reliably get official-looking mail offering to file the homestead exemption for a fee. That is a paid service for a form you can submit yourself, and the letters are not from the county.</p>
<h2>What the exemption stack looks like on a Kendall County bill</h2>
<p>Your bill is not one tax. It is the sum of every taxing unit that covers your parcel, and each one handles exemptions separately. In Kendall County, the entities that appear on tax bills include <strong>Boerne ISD, Comfort ISD, City of Boerne, Kendall County, Kendall County MUD, Miralomas MUD, Cow Creek Groundwater Conservation District and Kendall County WCID #1</strong> (<a href=""https://kendallad.org/adopted-tax-rates-and-exemptions/"">Kendall Appraisal District</a>).</p>
<p>The mandatory piece is the school district's <strong>$140,000</strong> residence homestead exemption for 2026, raised from $100,000 by <strong>Proposition 13</strong>, approved by voters in <strong>November 2025</strong> and implemented through <strong>SB 4, 89th Legislature</strong> (<a href=""https://comptroller.texas.gov/taxes/property-tax/exemptions/"">Texas Comptroller</a>). On top of that, any taxing unit may adopt a <strong>local option exemption of up to 20% of appraised value</strong> with a $5,000 minimum, and a county collecting a farm-to-market road or flood control tax must give <strong>$3,000</strong>.</p>
<p>Which local options each Kendall County entity has actually adopted, and at what amount, is published on the appraisal district's <a href=""https://kendallad.org/adopted-tax-rates-and-exemptions/"">adopted tax rates and exemptions page</a>. Read that page rather than assuming — adopted exemptions are a local decision made entity by entity, and they can change year to year.</p>
<h2>The over-65 and disability freezes, by entity</h2>
<p>Kendall Appraisal District notes that some jurisdictions offer <strong>over-65 and disability tax &quot;freezes.&quot;</strong> The ones it names are the <strong>City of Boerne, Boerne ISD, Comfort ISD and Kendall County</strong> (<a href=""https://kendallad.org/adopted-tax-rates-and-exemptions/"">Kendall Appraisal District</a>).</p>
<p>That is a meaningful local detail. The school district tax ceiling for owners 65 and older is required statewide, but a city or county freeze is a local option, and not every Texas city or county has one. If you are 65 or older and moving into Boerne from somewhere else in Texas, the entity-by-entity picture here is different from what you left, and the appraisal district is the place to confirm what applies to your parcel.</p>
<p>Owners 65 or older or disabled also get an <strong>additional $60,000</strong> school district exemption on top of the general homestead amount, and other taxing units may adopt a local option of at least $3,000 (<a href=""https://comptroller.texas.gov/taxes/property-tax/exemptions/"">Texas Comptroller</a>).</p>
<h2>What filing also turns on</h2>
<p>Once a homestead exemption is in place, the property gets the <strong>10% cap</strong> on annual increases in net appraised value. In a county that grew 20.3% between 2020 and 2025, that cap does real work over time — and it resets to market value when the property sells, which is why a new owner's bill can jump well past what the seller was paying.</p>
<h2>Where the tax rates actually come from</h2>
<p>The appraisal district sets <strong>value</strong> and administers <strong>exemptions</strong>. It does not set tax rates. Rates are adopted by each taxing unit's own governing body, and they move independently.</p>
<p>For context on scale: the <strong>City of Boerne rate was 0.4716 per $100 of taxable value for 2025</strong>, the same as 2024, after 0.4766 in 2023 and 0.4510 in 2022 (<a href=""https://www.kendallcountytx.gov/297/Boerne-City-of"">Kendall County</a>). <strong>Boerne ISD adopted 1.0109 for 2025</strong> — 0.6969 maintenance and operations plus 0.3140 debt — after 0.9909 in 2024, 0.9932 in 2023, 1.1786 in 2022 and 1.2046 in 2021 (<a href=""https://www.co.kendall.tx.us/295/Boerne-ISD"">Kendall County</a>). Current adopted rates for every Kendall County entity are posted on the <a href=""https://www.kendallcountytx.gov/184/Tax-Rate-Information"">county's tax rate information page</a> and on the <a href=""https://kendallad.org/adopted-tax-rates-and-exemptions/"">appraisal district's page</a>.</p>
<h2>Practical sequence after you close</h2>
<ol>
<li>Confirm the parcel is in Kendall County, not Bexar or Comal.</li>
<li>Wait until the deed is recorded and the appraisal district shows you as owner. Look the account up at <a href=""https://esearch.kendallad.org/"">esearch.kendallad.org</a> to check.</li>
<li>File the residence homestead application directly with Kendall AD, free — through the <a href=""https://eprotest.kendallad.org/"">Taxpayer Portal</a>, by mail or in person at 118 Market Avenue.</li>
<li>If you are 65 or older, disabled, or a disabled veteran, file for those exemptions at the same time — they are separate from the general homestead exemption.</li>
<li>Check the following year's notice of appraised value to confirm the exemption actually posted.</li>
</ol>
<p>Step 5 gets skipped, and it is the one that catches a filing that never landed.</p>
<p>Eligibility, the current application form and the status of your exemption are all determined by the Kendall Appraisal District. For how an ownership change, a trust, an LLC or an inheritance affects your exemption, talk with a Texas real estate attorney, and take the tax consequences to a CPA.</p>
<h2>Related questions</h2>
<ul>
<li><a href=""/answers/what-is-the-texas-homestead-exemption"">What is the Texas homestead exemption in 2026?</a></li>
<li><a href=""/answers/texas-over-65-property-tax-exemption-and-school-tax-ceiling"">What is the Texas over-65 property tax exemption and school tax ceiling?</a></li>
<li><a href=""/answers/how-do-i-protest-my-property-taxes-in-texas"">How do I protest my property taxes in Texas?</a></li>
<li><a href=""/answers/what-are-property-taxes-like-in-boerne"">What are property taxes like in Boerne?</a></li>
<li><a href=""/answers/what-is-the-10-percent-homestead-cap-in-texas"">What is the 10 percent homestead cap in Texas?</a></li>
</ul>
<h2>Questions about a specific property?</h2>
<p>Call or text <strong><a href=""tel:+1-830-446-3847"">830-446-3847</a></strong> · Email <strong><a href=""mailto:heath.shepard@kw.com"">heath.shepard@kw.com</a></strong></p>
<hr>
<p><em>This page explains how homestead exemption filing works in Kendall County. It is not tax or legal advice. Exemption eligibility is determined by the Kendall Appraisal District, and tax consequences should go to a CPA.</em></p>","","2026-09-17","property-taxes","https://www.theheathshepardrealestateteam.com/boerne/property-taxes","what-is-the-texas-homestead-exemption,texas-over-65-property-tax-exemption-and-school-tax-ceiling,how-do-i-protest-my-property-taxes-in-texas,what-are-property-taxes-like-in-boerne,what-is-the-10-percent-homestead-cap-in-texas","https://kendallad.org/
https://kendallad.org/adopted-tax-rates-and-exemptions/
https://comptroller.texas.gov/taxes/property-tax/exemptions/
https://www.kendallcountytx.gov/184/Tax-Rate-Information
https://www.kendallcountytx.gov/297/Boerne-City-of
https://www.co.kendall.tx.us/295/Boerne-ISD","draft"
"How do I protest my property taxes in Texas?","how-do-i-protest-my-property-taxes-in-texas","How do I protest my property taxes in Texas?","The Texas protest deadline is May 15 or 30 days after the district mails your notice. File Form 50-132; the ARB owes you 15 days hearing notice.","File a written notice of protest with your appraisal district by May 15, or 30 days after the district mails your notice of appraised value, whichever is later. Comptroller Form 50-132 works. The appraisal review board must give at least 15 days notice of the hearing, which you may attend in person, by phone, by video or by affidavit.","<h2>You are not protesting the tax. You are protesting the value.</h2>
<p>This distinction decides whether a protest goes anywhere. The appraisal district determines <strong>value</strong> and administers <strong>exemptions</strong>. Tax <strong>rates</strong> are set by each taxing unit's governing body — the school board, the city council, the commissioners court. The appraisal review board cannot lower a rate, and arguing at a hearing that your bill is too high is arguing to the wrong body.</p>
<p>What you can protest at the appraisal district is the district's work: the appraised value, whether it is unequal compared with similar properties, whether the district has your property's characteristics right, whether an exemption was wrongly denied, and other determinations that affect your liability (<a href=""https://comptroller.texas.gov/taxes/property-tax/protests/"">Texas Comptroller</a>).</p>
<h2>The deadline, stated exactly</h2>
<p><strong>May 15, or 30 days after the appraisal district mails the notice of appraised value, whichever is later</strong> (<a href=""https://comptroller.texas.gov/taxes/property-tax/protests/"">Texas Comptroller</a>).</p>
<p>Three details inside that sentence do real work:</p>
<ul>
<li><strong>&quot;Whichever is later.&quot;</strong> A late-mailed notice extends your deadline. It does not shorten it. If the district mails on May 20, you get 30 days from May 20, not until May 15.</li>
<li><strong>Counted from mailing, not delivery.</strong> The clock starts when the district drops it in the mail. Mail that sits in a forwarded box or a vacation hold is still running. Ask the district for the mailing date if the postmark is gone.</li>
<li><strong>Weekends and holidays roll forward.</strong> A deadline that lands on a Saturday, Sunday or legal holiday moves to the next business day.</li>
</ul>
<p>The district is required to send the notice of appraised value by <strong>May 1</strong>, or by <strong>April 1 for a residence homestead</strong>, or as soon as practical after (<a href=""https://comptroller.texas.gov/taxes/property-tax/protests/"">Tax Code §25.19, via the Comptroller</a>). Homesteads get the earlier notice, which in practice means homeowners have more runway than owners of other property types.</p>
<h2>Filing it is simpler than people expect</h2>
<p>A protest is sufficient if it is <strong>in writing</strong> and identifies:</p>
<ul>
<li>the property,</li>
<li>the property owner, and</li>
<li>a subject showing the owner is dissatisfied with some determination of the appraisal district.</li>
</ul>
<p>(<a href=""https://comptroller.texas.gov/taxes/property-tax/protests/"">Texas Comptroller</a>)</p>
<p>That is the whole bar. There is a standard form — <strong>Comptroller Form 50-132, Notice of Protest</strong> — and most districts accept online filing, but the statute does not require a specific format. A letter that identifies the property and says what you disagree with works.</p>
<p>Because the bar is that low, there is no strategic reason to skip filing while you decide whether to pursue it. File, then work the case. Withdrawing later costs nothing.</p>
<p>For a Boerne or Kendall County property, this goes to the <strong>Kendall Appraisal District</strong> (<a href=""https://kendallad.org/adopted-tax-rates-and-exemptions/"">kendallad.org</a>). Boerne is in Kendall County, not Bexar County and not in the City of San Antonio, so Bexar CAD's deadlines, portals and procedures are not yours.</p>
<h2>What happens next</h2>
<p>The <strong>appraisal review board must give you at least 15 days notice</strong> of the hearing date, time and place (<a href=""https://comptroller.texas.gov/taxes/property-tax/protests/"">Texas Comptroller</a>).</p>
<p>You may appear:</p>
<ul>
<li><strong>in person</strong>,</li>
<li><strong>by telephone or videoconference</strong>, or</li>
<li><strong>by written affidavit</strong>.</li>
</ul>
<p>The affidavit option gets overlooked. An owner who cannot take a weekday morning off, or who has moved out of state, can still put evidence in front of the board in writing. It is a real option, not a formality.</p>
<p>Many districts also offer an informal conference with an appraiser before the formal hearing. A large share of protests resolve there. It is worth asking whether the district offers one and taking it.</p>
<h2>What evidence actually moves a value</h2>
<p>The board decides on evidence. The arguments that carry weight are the ones that attack the district's own inputs:</p>
<ul>
<li><strong>Condition.</strong> Foundation movement, a roof at end of life, failed septic, deferred maintenance, an unpermitted addition. Photographs and contractor bids, not descriptions.</li>
<li><strong>Characteristics that are wrong.</strong> Square footage, year built, bathroom count, pool that is not there, a second structure that was demolished. Districts appraise from records, and records go stale.</li>
<li><strong>Comparable sales.</strong> What similar properties actually sold for around January 1 of the tax year. Not asking prices.</li>
<li><strong>Unequal appraisal.</strong> Your value compared with the appraised values of comparable properties in the district. This is a separate ground from market value and sometimes the stronger one.</li>
<li><strong>An exemption that was denied or never posted.</strong> Check the notice for the exemptions you expect to see; a missing homestead exemption is its own problem and often a bigger number than a value argument.</li>
</ul>
<p>Hill Country acreage has its own set of issues that districts frequently miss: usable versus unusable slope, actual road access, whether the well produces, whether a floodplain crosses the buildable area, and whether an ag or wildlife valuation is being applied correctly.</p>
<h2>After the ARB</h2>
<p>If you disagree with the board's determination, Texas provides appeal routes beyond the ARB, including judicial appeal and, for some matters, binding arbitration or an appeal to the State Office of Administrative Hearings. Each has its own deadline, filing requirement and cost, and the right route depends on the property type and what is being disputed. That is a question for a Texas real estate attorney or a licensed property tax consultant, not something to work out from a web page.</p>
<h2>Two things worth checking before you protest</h2>
<p><strong>Is the homestead cap already holding your value down?</strong> A homesteaded property's net appraised value cannot rise more than <strong>10% per year</strong>. If the cap is already limiting what you are taxed on, the market value shown on the notice may be well above your taxable value, and the protest math is different from what the headline number suggests.</p>
<p><strong>Do you own non-homestead property?</strong> A separate <strong>20% circuit breaker</strong> under <strong>Tax Code §23.231</strong> limits annual appraised value increases on qualifying non-homestead real property valued at or below a threshold that is <strong>indexed annually</strong> — confirm the current figure with your appraisal district. It was created by <strong>SB 2 (2023)</strong> as a pilot for tax years <strong>2024, 2025 and 2026</strong>, and it <strong>expires after the 2026 tax year</strong> unless the Legislature renews it. No application is required; the district applies it automatically, and the owner must have held the property for at least one full calendar year to qualify (<a href=""https://traviscad.org/circuitbreaker"">Travis Central Appraisal District</a>). Check your notice to see whether it was applied, and plan for the possibility that it is gone in 2027.</p>
<h2>The honest expectation</h2>
<p>A protest is not a negotiation over what you want to pay. It is an evidentiary argument about what the property was worth on January 1 and whether the district appraised it the way it appraised similar property. Owners who bring documents win more than owners who bring opinions.</p>
<p>Value, exemptions and hearing procedure are all determined by the appraisal district and its review board. For appeal strategy beyond the ARB, talk to a Texas real estate attorney or a licensed property tax consultant, and take any tax consequences to a CPA.</p>
<h2>Related questions</h2>
<ul>
<li><a href=""/answers/why-did-my-texas-property-taxes-go-up"">Why did my Texas property taxes go up?</a></li>
<li><a href=""/answers/what-is-the-10-percent-homestead-cap-in-texas"">What is the 10 percent homestead cap in Texas?</a></li>
<li><a href=""/answers/what-is-the-texas-homestead-exemption"">What is the Texas homestead exemption in 2026?</a></li>
<li><a href=""/answers/how-do-i-file-for-a-homestead-exemption-in-kendall-county"">How do I file for a homestead exemption in Kendall County, Texas?</a></li>
<li><a href=""/answers/what-are-property-taxes-like-in-boerne"">What are property taxes like in Boerne?</a></li>
</ul>
<h2>Questions about a specific property?</h2>
<p>Call or text <strong><a href=""tel:+1-830-446-3847"">830-446-3847</a></strong> · Email <strong><a href=""mailto:heath.shepard@kw.com"">heath.shepard@kw.com</a></strong></p>
<hr>
<p><em>This page explains the Texas property tax protest process. It is not legal or tax advice. Value and exemption determinations are made by your appraisal district and its review board; appeal strategy is a question for a Texas real estate attorney or licensed property tax consultant.</em></p>","","2026-09-17","property-taxes","https://www.theheathshepardrealestateteam.com/boerne/property-taxes","why-did-my-texas-property-taxes-go-up,what-is-the-10-percent-homestead-cap-in-texas,what-is-the-texas-homestead-exemption,how-do-i-file-for-a-homestead-exemption-in-kendall-county,what-are-property-taxes-like-in-boerne","https://comptroller.texas.gov/taxes/property-tax/protests/
https://comptroller.texas.gov/taxes/property-tax/exemptions/
https://kendallad.org/adopted-tax-rates-and-exemptions/
https://traviscad.org/circuitbreaker","draft"
"How do I terminate a real estate contract in Texas?","how-do-i-terminate-a-contract-in-texas","How do I terminate a real estate contract in Texas?","The real exits: the option period, the financing addendum, the 7-day disclosure right under 5.008, and why escrow release is a separate event.","You terminate a Texas contract by exercising a right the contract gives you and delivering written notice — most commonly during the option period using TREC form 38-8. Terminating the contract and getting the earnest money back are two separate events: escrowed funds cannot be released without mutual agreement or a court order.","<h2>The rule underneath all of it</h2>
<p>A signed contract is binding. You do not get out of it because you changed your mind. You get out of it because the contract, or a statute, gave you a right to get out of it — and you exercised that right the way it says to, before it expired.</p>
<p>So the first question is never &quot;how do I cancel.&quot; It is &quot;which right do I have, and when does it die.&quot;</p>
<h2>Route one: the option period</h2>
<p>This is the clean exit, and it is the one most terminations use.</p>
<p>Paragraph 5B of the contract grants the buyer &quot;the <strong>unrestricted right to terminate</strong> this contract by giving notice of termination to Seller within [blank] days after the Effective Date of this contract (Option Period),&quot; and specifies that &quot;Notices under this paragraph must be given <strong>by 5:00 p.m. (local time where the Property is located)</strong> by the date specified&quot; (<a href=""https://www.trec.texas.gov/sites/default/files/pdf-forms/20-19_4.pdf"">TREC form 20-19, ¶5B</a>). No justification required, no inspection report needed, no argument with the seller.</p>
<p>Paragraph 5B also states the outcome: &quot;(i) <strong>the option fee will not be refunded</strong> and Escrow Agent shall release any option fee remaining with Escrow Agent to Seller; and (ii) <strong>any earnest money will be refunded to Buyer</strong>.&quot;</p>
<p>TREC publishes the form for the notice: <strong>Notice of Buyer's Termination of Contract, form 38-8, effective 04/01/2025</strong> (<a href=""https://www.trec.texas.gov/agency-information/contracts"">TREC contract forms</a>).</p>
<p>Days are counted as <strong>calendar days</strong>, with the effective date as day zero. A ten-day option period on a contract with a November 1 effective date expires at 5:00 p.m. on November 11.</p>
<p>Three things kill this route, and ¶5D names the first two:</p>
<blockquote>
<p>&quot;If <strong>no dollar amount is stated</strong> as the option fee or if Buyer fails to deliver the option fee within the time required, <strong>Buyer shall not have the unrestricted right to terminate</strong> this contract under this paragraph 5.&quot;</p>
</blockquote>
<p><strong>Late option fee delivery.</strong> Paragraph 5A requires delivery to the Escrow Agent — the title company, not the seller — within <strong>3 days after the Effective Date</strong>. Paragraph 5A(2) extends that only if the last day is a Saturday, Sunday or Legal Holiday, defined by reference to Texas Government Code Sections 662.003(a) and 662.003(b)(4) and (6). Paragraph 5E: &quot;<strong>Time is of the essence</strong> for this paragraph and strict compliance with the time for performance is required.&quot;</p>
<p><strong>A blank option fee.</strong> Nothing to do with timing. A contract with an option period filled in but the option fee dollar blank left empty confers no unrestricted right to terminate at all. Read your own executed ¶5A and confirm a dollar figure is in it.</p>
<p><strong>The 5:00 p.m. deadline.</strong> Not a soft deadline. An inspector who could not get out until the following Tuesday does not extend it. If more time is needed, the option period is extended in writing on the <strong>Amendment to Contract, form 39-11, effective 07/01/2026</strong>, signed by both parties before the current period expires (<a href=""https://www.trec.texas.gov/agency-information/contracts"">TREC contract forms</a>).</p>
<h2>Route two: the financing addendum</h2>
<p>Once the option period ends, the financing exit is usually the most important one left standing.</p>
<p>The <strong>Third Party Financing Addendum, form 40-11, effective 01/03/2025</strong> governs it (<a href=""https://www.trec.texas.gov/agency-information/contracts"">TREC contract forms</a>). It creates a right to terminate tied to the buyer's ability to obtain approval for the financing described in the addendum, with its own deadline running from the effective date.</p>
<p>The failure mode is specific and it is common: the buyer assumes &quot;my loan fell through&quot; is self-executing. It is not. The right has a deadline, and it requires written notice. A buyer whose loan dies after the addendum's deadline has passed is in a contract with no financing exit and earnest money exposed.</p>
<p>Related exits with their own forms and their own clocks:</p>
<ul>
<li><strong>Addendum Concerning Right to Terminate Due to Lender's Appraisal, form 49-1</strong> — the low-appraisal exit.</li>
<li><strong>Addendum for Sale of Other Property by Buyer, form 10-6</strong> — the home-sale contingency.</li>
<li><strong>Addendum for Property Subject to Mandatory Membership in a Property Owners Association, form 36-11, effective 07/01/2026</strong> — HOA subdivision information and resale certificate.</li>
</ul>
<p>There is one more financing-adjacent trap worth naming. If the buyer elected to obtain the survey under <strong>¶6C(2)</strong> and then failed to, the contract says the buyer &quot;<strong>may not terminate</strong> the contract under Paragraph 2B of the Third Party Financing Addendum because the survey was not obtained&quot; (<a href=""https://www.trec.texas.gov/sites/default/files/pdf-forms/20-19_4.pdf"">TREC form 20-19, ¶6C(2)</a>). A forgotten survey order can close the financing exit.</p>
<p>Read the deadline on every addendum attached to your contract the day it is signed, not the week it expires.</p>
<h2>Route three: the seller's disclosure right under §5.008 and ¶7B</h2>
<p>This one surprises people because it can outlive the option period entirely, and the contract version is stronger than most buyers realize.</p>
<p>Texas Property Code §5.008 requires a seller of residential real property of <strong>not more than one dwelling unit</strong> to give the buyer a written notice of the property's condition (<a href=""https://codes.findlaw.com/tx/property-code/prop-sect-5-008/"">Texas Property Code §5.008</a>, <a href=""https://texas.public.law/statutes/tex._prop._code_section_5.008"">statute text</a>).</p>
<p>Paragraph 7B of the contract implements it as a <strong>check one box only</strong> election, and option (2) is the one that creates the right:</p>
<blockquote>
<p>&quot;If Buyer does <strong>not receive</strong> the Seller's Disclosure Notice, <strong>Buyer may terminate this contract at any time prior to the closing</strong> and the earnest money will be refunded to Buyer. If Seller delivers the Seller's Disclosure Notice, <strong>Buyer may terminate this contract for any reason within 7 days after Buyer receives</strong> the Seller's Disclosure Notice <strong>or prior to the closing, whichever first occurs</strong>, and the earnest money will be refunded to Buyer.&quot;</p>
</blockquote>
<p>(<a href=""https://www.trec.texas.gov/sites/default/files/pdf-forms/20-19_4.pdf"">TREC form 20-19, ¶7B(2)</a>)</p>
<p>Two distinct rights in one paragraph. While the notice is outstanding, the buyer can terminate <strong>at any time prior to closing</strong> — an open-ended exit with earnest money refunded. Once it is delivered, that collapses into <strong>7 days after receipt, or prior to closing, whichever comes first</strong>.</p>
<p>&quot;For any reason&quot; is the same unrestricted standard as the option period, and the seven days run from <strong>receipt</strong>, not from the effective date. A seller who delivers the disclosure two weeks into the contract has just handed the buyer a fresh seven-day window. A seller who never delivers it has left the exit open until the closing table.</p>
<p>Option (3) of ¶7B is the exemption box — the seller is not required to furnish the notice under the Texas Property Code. The statutory exemptions include transfers pursuant to court order, foreclosure, a trustee in bankruptcy, transfers between co-owners, transfers to a spouse or a descendant, transfers by a fiduciary administering an estate, and new residences not previously occupied. Exemption from the form is not a license to misrepresent the property.</p>
<p>The current TREC version of the notice is <strong>Seller's Disclosure Notice, form 55-1, effective 05/28/2026</strong> (<a href=""https://www.trec.texas.gov/agency-information/contracts"">TREC contract forms</a>).</p>
<h2>Route four: title — ¶6B and ¶6D</h2>
<p>Two title-side exits, both easy to miss because they run on the title company's timeline rather than the buyer's.</p>
<p><strong>The commitment never arrives.</strong> Paragraph 6B requires the seller to furnish the title commitment &quot;<strong>within 20 days after the Title Company receives a copy of this contract</strong>.&quot; If it is late, delivery is &quot;automatically extended up to <strong>15 days or 3 days before the Closing Date, whichever is earlier</strong>.&quot; If it still has not been delivered within the time required, &quot;<strong>Buyer may terminate this contract and the earnest money will be refunded to Buyer</strong>&quot; (<a href=""https://www.trec.texas.gov/sites/default/files/pdf-forms/20-19_4.pdf"">TREC form 20-19, ¶6B</a>).</p>
<p><strong>Objections are not cured.</strong> Under ¶6D the buyer may object in writing to defects, exceptions or encumbrances disclosed on the survey or in the commitment, by the earlier of the closing date or a stated number of days after receiving the commitment, exception documents and survey. Then:</p>
<ul>
<li>Failure to object in time &quot;<strong>will constitute a waiver</strong> of Buyer's right to object,&quot; except that Schedule C requirements are not waived.</li>
<li>Provided the seller is not obligated to incur expense, the seller cures timely objections within a <strong>15-day Cure Period</strong>, with the closing date extended as necessary.</li>
<li>If the objections are not cured, the buyer has <strong>5 days after the end of the Cure Period</strong> to terminate with the earnest money refunded, or to waive. <strong>Silence is a waiver.</strong></li>
</ul>
<p>That last line is the whole point. The 5-day window is not a grace period — it is a decision deadline, and the default outcome of doing nothing is that the buyer takes the property with the defect.</p>
<p>A revised commitment, revised survey or new exception document restarts the same objection window as to the new matter.</p>
<h2>Route five: casualty — ¶14</h2>
<p>If the property is damaged or destroyed by fire or other casualty after the effective date, ¶14 requires the seller to restore it &quot;as soon as reasonably possible, but in any event by the Closing Date.&quot;</p>
<p>If the seller fails to do so due to factors beyond the seller's control, the buyer may (a) <strong>terminate and have the earnest money refunded</strong>, (b) extend the time for performance up to <strong>15 days</strong>, or (c) accept the property in its damaged condition with an assignment of insurance proceeds if the carrier permits, plus <strong>a credit from the seller at closing in the amount of the deductible</strong> (<a href=""https://www.trec.texas.gov/sites/default/files/pdf-forms/20-19_4.pdf"">TREC form 20-19, ¶14</a>).</p>
<h2>Route six: the seller terminates</h2>
<p>Sellers have far fewer exits. TREC publishes a <strong>Notice of Seller's Termination of Contract, form 50-0</strong>, but the form does not create a right — it papers one the contract already gave the seller (<a href=""https://www.trec.texas.gov/agency-information/contracts"">TREC contract forms</a>).</p>
<p>The two that exist in the base form:</p>
<p><strong>Late earnest money, under ¶5C.</strong> If the buyer fails to timely deliver the earnest money, the seller may terminate the contract, exercise the remedies under ¶15, or both — but only &quot;by providing notice to Buyer <strong>before Buyer delivers the earnest money</strong>&quot; (<a href=""https://www.trec.texas.gov/sites/default/files/pdf-forms/20-19_4.pdf"">TREC form 20-19, ¶5C</a>). That is a narrow window. A seller who sits on it until the wire lands has lost it.</p>
<p><strong>Buyer default, under ¶15.</strong> The seller may &quot;(a) enforce <strong>specific performance</strong>, seek such other relief as may be provided by law, or both, or (b) terminate this contract and <strong>receive the earnest money as liquidated damages</strong>, thereby releasing both parties from this contract.&quot;</p>
<p>A seller who simply wants out because a better offer arrived does not have a termination right, and acting as though they do creates real exposure. That conversation belongs with a Texas real estate attorney before anything is sent.</p>
<h2>Route seven: both parties agree</h2>
<p>Anything the parties both sign is enforceable between them. A mutual termination and release, signed by buyer and seller, ends the contract and directs where the earnest money goes. This is how most messy situations actually resolve, and it is the fastest path when both sides want out.</p>
<h2>Terminating and getting your money back are two different things</h2>
<p>This is the part that generates almost all of the frustration.</p>
<p>Termination is unilateral when you hold the right. Notice goes out, the contract ends.</p>
<p><strong>Release of escrowed earnest money is not unilateral.</strong> It requires both parties to sign a release, or a court order (<a href=""https://trerc.tamu.edu/article/option-period-basics-2360/"">Texas Real Estate Research Center</a>). The title company is neutral. It does not adjudicate who was right. If the seller declines to sign — out of disagreement, or out of pique — the money sits in escrow while the contract is already dead.</p>
<p>The option fee behaves differently and worse for the buyer. Under ¶5A(4) the buyer authorizes the escrow agent to release it to the seller &quot;at any time without further notice to or consent from Buyer&quot; (<a href=""https://www.trec.texas.gov/sites/default/files/pdf-forms/20-19_4.pdf"">TREC form 20-19, ¶5A(4)</a>). It may already be gone.</p>
<p>The practical consequence is that your leverage is the quality of your paperwork. A termination that was timely, in writing, on the right form, delivered the way the contract requires, and documented, leaves a refusing seller with nothing to stand on. A sloppy one gives them an argument, and an argument is all it takes to freeze the money.</p>
<p>If a release stalls, the next step is a Texas real estate attorney and the contract's dispute provisions. There is no version of this where the title company breaks the tie for you.</p>
<h2>A short checklist before you send anything</h2>
<ol>
<li>Identify the exact right you are exercising — ¶5B option period, the Third Party Financing Addendum, the appraisal addendum, ¶7B(2) for the seller's disclosure, ¶6B or ¶6D on title, ¶14 casualty, or mutual agreement.</li>
<li>Confirm the deadline for that right, counted from the correct effective date.</li>
<li>Use the correct promulgated form.</li>
<li>Deliver it the way the contract specifies delivery, to the party it specifies, before the time it specifies — and for ¶5B, before 5:00 p.m. local time where the property is located.</li>
<li>Keep proof of delivery.</li>
<li>Send the earnest money release request as a separate, parallel action — and expect it to take longer.</li>
</ol>
<p>The contract this all runs on is the <strong>One to Four Family Residential Contract (Resale), TREC form 20-19, effective 07/01/2026</strong> — 12 pages, footer-dated 05-04-2026 (<a href=""https://www.trec.texas.gov/sites/default/files/pdf-forms/20-19_4.pdf"">TREC form 20-19 PDF</a>, <a href=""https://www.trec.texas.gov/forms/one-four-family-residential-contract-resale"">TREC form page</a>) — or the corresponding promulgated form for a condo, new home, land or farm and ranch transaction, where the paragraph numbers differ.</p>
<p>One last thing worth saying plainly: ¶23 of the contract is titled <strong>CONSULT AN ATTORNEY BEFORE SIGNING</strong> and states that &quot;TREC rules prohibit real estate brokers and sales agents from giving legal advice.&quot; Your agent can tell you what the deadline is and send the form. Whether you have a right to terminate in a contested situation is a legal question, and it goes to a Texas real estate attorney.</p>
<h2>Related questions</h2>
<ul>
<li><a href=""/answers/what-is-the-option-period-in-texas"">What is the option period in a Texas real estate contract?</a></li>
<li><a href=""/answers/what-is-earnest-money-in-texas-and-is-it-refundable"">What is earnest money in Texas, and is it refundable?</a></li>
<li><a href=""/answers/is-the-option-fee-refundable-in-texas"">Is the option fee refundable in Texas?</a></li>
<li><a href=""/answers/what-is-the-third-party-financing-addendum"">What is the Third Party Financing Addendum?</a></li>
<li><a href=""/answers/what-is-the-sellers-disclosure-notice-in-texas"">What is the seller's disclosure notice in Texas?</a></li>
</ul>
<h2>Questions about a specific property?</h2>
<p>Call or text <strong><a href=""tel:+1-830-446-3847"">830-446-3847</a></strong> · Email <strong><a href=""mailto:heath.shepard@kw.com"">heath.shepard@kw.com</a></strong></p>
<hr>
<p><em>This page explains the termination rights built into the TREC contract and Texas Property Code §5.008. It is not legal advice. For a disputed termination, an alleged default or a frozen earnest money release, talk with a Texas real estate attorney.</em></p>","","2026-09-17","buying-a-home","https://www.theheathshepardrealestateteam.com/boerne/buying-a-home","what-is-the-option-period-in-texas,what-is-earnest-money-in-texas-and-is-it-refundable,is-the-option-fee-refundable-in-texas,what-is-the-third-party-financing-addendum,what-is-the-sellers-disclosure-notice-in-texas","https://www.trec.texas.gov/sites/default/files/pdf-forms/20-19_4.pdf
https://www.trec.texas.gov/agency-information/contracts
https://www.trec.texas.gov/article/changes-delivery-option-fee-0
https://trerc.tamu.edu/article/option-period-basics-2360/
https://codes.findlaw.com/tx/property-code/prop-sect-5-008/
https://texas.public.law/statutes/tex._prop._code_section_5.008
https://www.trec.texas.gov/forms/one-four-family-residential-contract-resale","draft"
"How does the option fee work in Texas?","how-does-the-option-fee-work-in-texas","How does the option fee work in Texas?","How the Texas option fee works: who it goes to, the three-day delivery deadline, the combined-payment trap, release to the seller, and the credit at closing.","The option fee is a negotiated amount the buyer delivers to the escrow agent — the title company, not the seller — within three days after the effective date. It pays for the unrestricted right to terminate. If the sale closes, the fee is credited to the sales price. If the buyer terminates, the seller keeps it.","<h2>What the money actually buys</h2>
<p>The option fee is consideration. It is not a deposit, it is not part of the down payment, and it is not held for the buyer's benefit. It is payment for a contractual right.</p>
<p>Paragraph 5B of the current contract says it directly: &quot;For nominal consideration, the receipt of which Seller acknowledges, and Buyer's agreement to pay the option fee within the time required, Seller grants Buyer the <strong>unrestricted right to terminate</strong> this contract by giving notice of termination to Seller within [blank] days after the Effective Date of this contract (Option Period)&quot; (<a href=""https://www.trec.texas.gov/sites/default/files/pdf-forms/20-19_4.pdf"">TREC form 20-19, ¶5B</a>).</p>
<p>Unrestricted means unrestricted. Not &quot;if the inspection is bad.&quot; Not &quot;if the appraisal is low.&quot; Any reason, or none.</p>
<p>That distinction matters because it changes how everything downstream behaves. Earnest money is the buyer's money sitting in escrow. The option fee is the seller's money the moment the right is purchased — the escrow agent is just the delivery point.</p>
<h2>The amount is negotiated, not set by law</h2>
<p>There is no statutory option fee in Texas, and TREC does not set one. Paragraph 5A of form 20-19 is a fill-in-the-blank: &quot;$____ as earnest money and $____ as the option fee.&quot; The number is whatever the buyer and seller agree to, the same way they agree to the sales price (<a href=""https://www.trec.texas.gov/sites/default/files/pdf-forms/20-19_4.pdf"">TREC form 20-19, ¶5A</a>).</p>
<p>In practice the amount tracks the length of the option period and the competitiveness of the offer. A buyer asking for a longer window generally pays more for it. A buyer trying to win a multiple-offer situation may put up a larger non-refundable fee as a signal of seriousness. Commonly reported figures sit in the low hundreds of dollars, but that is market convention reported by practitioners, not a rule — the number is whatever the parties write down.</p>
<h2>Where the fee goes, and by when</h2>
<p>Paragraph 5A: &quot;<strong>Within 3 days after the Effective Date</strong>, Buyer must deliver to [blank] (<strong>Escrow Agent</strong>) at [blank] (address): $____ as earnest money and $____ as the option fee&quot; (<a href=""https://www.trec.texas.gov/sites/default/files/pdf-forms/20-19_4.pdf"">TREC form 20-19, ¶5A</a>).</p>
<p>It goes to the escrow agent — the title company. Not the seller, not the listing agent, not the listing brokerage.</p>
<p>Paragraph 5A(2) handles the weekend. If the last day to deliver the earnest money, option fee or additional earnest money falls on a <strong>Saturday, Sunday or Legal Holiday</strong>, the time extends to the end of the next day that is none of those. The contract does not leave &quot;legal holiday&quot; to interpretation — it defines it by reference to <strong>Sections 662.003(a) and 662.003(b)(4) and (6) of the Texas Government Code</strong>.</p>
<p>Paragraph 5E closes the door on flexibility: &quot;<strong>Time is of the essence</strong> for this paragraph and strict compliance with the time for performance is required.&quot;</p>
<p>Delivery is the thing that activates the right. A buyer who negotiated a ten-day option period and then delivered the fee on day four does not have a ten-day option period — that buyer has no termination right at all. The contract survives, the earnest money is still at risk, and the seller has no obligation to let the buyer out. This is the single most avoidable failure in a Texas contract.</p>
<p>Because the deadline runs from the effective date, an incorrect effective date poisons it. The effective date is when the last party signs and that signature is delivered, not the day the offer was written and not the day the seller said yes on the phone.</p>
<h2>Two ways to lose the right, and one of them is a blank</h2>
<p>Paragraph 5D is the exact answer to &quot;what happens if I miss it,&quot; and it names two failures, not one:</p>
<blockquote>
<p>&quot;If <strong>no dollar amount is stated</strong> as the option fee or if Buyer fails to deliver the option fee within the time required, <strong>Buyer shall not have the unrestricted right to terminate</strong> this contract under this paragraph 5.&quot;</p>
</blockquote>
<p>(<a href=""https://www.trec.texas.gov/sites/default/files/pdf-forms/20-19_4.pdf"">TREC form 20-19, ¶5D</a>)</p>
<p>The late wire is the failure everyone talks about. The blank is the one that actually gets missed, because it happens at the drafting stage where nobody is watching a clock.</p>
<p>A contract that names an option period — ten days, fifteen days, whatever was negotiated — but leaves the option fee dollar blank empty gives the buyer <strong>no unrestricted right to terminate</strong>. The option period paragraph is filled in. The fee amount is not. Under ¶5D the right does not exist. A $0 or blank entry is not a free option period; it is no option period at all.</p>
<p>This is why a buyer should read ¶5A on their own executed contract, not just the summary their agent gave them. Confirm there is a dollar figure in the option fee blank, confirm the escrow agent and address are filled in, and confirm the delivery went out within three days.</p>
<h2>The combined-payment trap</h2>
<p>Paragraph 5A says the earnest money and option fee are made payable to the escrow agent and &quot;<strong>may be paid separately or combined in a single payment</strong>.&quot; Most buyers now send one wire or one check covering both.</p>
<p>Paragraph 5A(3) then fixes the order: amounts received are applied &quot;<strong>first to the option fee, then to the earnest money, and then to the additional earnest money</strong>&quot; (<a href=""https://www.trec.texas.gov/sites/default/files/pdf-forms/20-19_4.pdf"">TREC form 20-19, ¶5A(3)</a>). That order is what creates the trap. Suppose the contract calls for a $300 option fee and $3,000 in earnest money, and the buyer wires $3,000 by mistake. The first $300 satisfies the option fee — so the termination right is intact — and the remaining $2,700 lands as earnest money. The earnest money is now $300 short of what the contract requires, which is a buyer default, not a rounding error.</p>
<p>Paragraph 5A(1) adds a third bucket, <strong>additional earnest money</strong>, delivered within a stated number of days after the effective date. If the contract uses it, that is one more amount and one more deadline in the waterfall.</p>
<p>The failure is quiet. Nobody gets an error message. It usually surfaces when someone reconciles escrow, which can be days or weeks later. Sending the two amounts as two separate payments removes the problem entirely, and it also makes the escrow receipt unambiguous if the option fee delivery is ever questioned.</p>
<h2>The escrow agent can hand the fee to the seller without asking</h2>
<p>The buyer agrees to this in the contract itself. Paragraph 5A(4):</p>
<blockquote>
<p>&quot;Buyer authorizes Escrow Agent to release and deliver the option fee to Seller <strong>at any time without further notice to or consent from Buyer</strong>, and releases Escrow Agent from liability for delivery of the option fee to Seller. <strong>The option fee will be credited to the Sales Price at closing.</strong>&quot;</p>
</blockquote>
<p>(<a href=""https://www.trec.texas.gov/sites/default/files/pdf-forms/20-19_4.pdf"">TREC form 20-19, ¶5A(4)</a>)</p>
<p>&quot;Without further notice to or consent from Buyer&quot; is signed by the buyer at the moment the offer is made. This is a real difference from earnest money, which sits in escrow and cannot be paid to anyone without mutual agreement or a court order. A buyer who assumes both amounts are sitting untouched at the title company until closing is wrong about half of it. The option fee may already be in the seller's account.</p>
<p>That is also why &quot;just get my option fee back&quot; is not a request the title company can grant after the fact.</p>
<h2>What happens to the fee at closing</h2>
<p>Paragraph 5A(4) again: &quot;The option fee will be credited to the Sales Price at closing.&quot; The buyer does not pay it twice. It shows up as a credit on the buyer's side of the settlement statement and reduces the cash needed at closing by that amount.</p>
<p>So the economics are simple. Close, and the fee is effectively returned as a credit. Terminate, and the seller keeps it — which is exactly what the buyer paid for.</p>
<p>Out-of-state buyers frequently expect Texas to work like a &quot;due diligence fee&quot; state where the fee is a pure sunk cost, or like an earnest-money state where everything comes back. Texas is neither. The fee is non-refundable and creditable at the same time.</p>
<h2>Which contract this lives in</h2>
<p>All of the above is <strong>Paragraph 5, EARNEST MONEY AND TERMINATION OPTION</strong>, of the <strong>One to Four Family Residential Contract (Resale), TREC form 20-19, effective 07/01/2026</strong> — a 12-page form carrying a 05-04-2026 footer date (<a href=""https://www.trec.texas.gov/sites/default/files/pdf-forms/20-19_4.pdf"">TREC form 20-19 PDF</a>, <a href=""https://www.trec.texas.gov/forms/one-four-family-residential-contract-resale"">TREC form page</a>). Condominium resales, builder new construction and farm and ranch each use a different promulgated form with its own number (<a href=""https://www.trec.texas.gov/agency-information/contracts"">TREC contract forms</a>).</p>
<p>License holders are required to use the promulgated forms and may not draft contract language — Paragraph 23 of the contract is titled <strong>CONSULT AN ATTORNEY BEFORE SIGNING</strong> and states that &quot;TREC rules prohibit real estate brokers and sales agents from giving legal advice.&quot; If a deal needs a custom option structure — an extended option tied to a rezoning, for instance, or an option fee that applies to something other than the sales price — that is a job for a Texas real estate attorney.</p>
<h2>Related questions</h2>
<ul>
<li><a href=""/answers/what-is-the-option-period-in-texas"">What is the option period in a Texas real estate contract?</a></li>
<li><a href=""/answers/is-the-option-fee-refundable-in-texas"">Is the option fee refundable in Texas?</a></li>
<li><a href=""/answers/what-is-earnest-money-in-texas-and-is-it-refundable"">What is earnest money in Texas, and is it refundable?</a></li>
<li><a href=""/answers/what-does-the-effective-date-mean-in-a-texas-contract"">What does the effective date mean in a Texas contract?</a></li>
<li><a href=""/answers/how-do-i-terminate-a-contract-in-texas"">How do I terminate a real estate contract in Texas?</a></li>
</ul>
<h2>Questions about a specific property?</h2>
<p>Call or text <strong><a href=""tel:+1-830-446-3847"">830-446-3847</a></strong> · Email <strong><a href=""mailto:heath.shepard@kw.com"">heath.shepard@kw.com</a></strong></p>
<hr>
<p><em>This page explains how the Texas option fee works mechanically. It is not legal advice. For how these terms apply to a specific contract, talk with a Texas real estate attorney.</em></p>","","2026-09-17","buying-a-home","https://www.theheathshepardrealestateteam.com/boerne/buying-a-home","what-is-the-option-period-in-texas,is-the-option-fee-refundable-in-texas,what-is-earnest-money-in-texas-and-is-it-refundable,what-does-the-effective-date-mean-in-a-texas-contract,how-do-i-terminate-a-contract-in-texas","https://www.trec.texas.gov/sites/default/files/pdf-forms/20-19_4.pdf
https://www.trec.texas.gov/article/changes-delivery-option-fee-0
https://trerc.tamu.edu/article/option-period-basics-2360/
https://www.trec.texas.gov/forms/one-four-family-residential-contract-resale
https://www.trec.texas.gov/agency-information/contracts","draft"
"How far is Boerne from San Antonio?","how-far-is-boerne-from-san-antonio","How far is Boerne from San Antonio?","About 31 miles northwest on I-10, 30 to 45 minutes downtown, and Kendall County rather than Bexar, so a different appraisal district applies.","Boerne is roughly 31 miles northwest of San Antonio on Interstate 10, a 30-to-45-minute drive to downtown depending on traffic. Boerne is the county seat of Kendall County, not part of the City of San Antonio and not in Bexar County, so different ordinances and a different appraisal district apply.","<h2>The distance</h2>
<p><strong>About 31 miles, northwest, on I-10</strong> (<a href=""https://www.city-data.com/city/Boerne-Texas.html"">City-Data, Boerne</a>). Boerne's ZIP codes are 78006 and 78015. City Hall is at 201 East San Antonio Avenue, Boerne, TX 78006.</p>
<p>Thirty-one miles is the straightforward part of the answer. The rest of this page is about what that distance does and does not buy you.</p>
<h2>Drive time is not a single number</h2>
<p><strong>30 to 45 minutes to downtown San Antonio, depending on traffic.</strong> The spread is the useful information, not the midpoint.</p>
<p>I-10 southbound out of Boerne runs clean until it meets the Loop 1604 interchange and the growth on the northwest side of Bexar County. That is where the variance lives. The same trip is a different trip at 7:15 a.m. than at 10:00 a.m., and a different trip again on a Friday afternoon.</p>
<p>Practical advice that costs nothing: before you make an offer, drive the exact route from the exact house at the exact hour you would actually leave. Twice. A commute you can tolerate on a Saturday tour is not the commute you bought.</p>
<p>Where in San Antonio you work matters as much as the mileage. The I-10 corridor and the northwest side are the easy version of this commute. The far east or south side of Bexar County is a materially longer trip than &quot;31 miles&quot; suggests, because you cross the whole metro to get there.</p>
<h2>Boerne is not a San Antonio suburb in the legal sense</h2>
<p>This is the part that costs people money.</p>
<p>Boerne is an <strong>incorporated city and the county seat of Kendall County</strong>. San Antonio is in <strong>Bexar County</strong>. The consequences:</p>
<ul>
<li><strong>Your appraisal district is <a href=""https://kendallad.org/adopted-tax-rates-and-exemptions/"">Kendall Appraisal District</a>, not Bexar CAD.</strong> Homestead exemption applications and appraisal protests go to Kendall AD. A buyer relocating from a San Antonio address who files with Bexar CAD out of habit can lose the exemption for that tax year, and the Texas exemption deadline is <strong>before May 1</strong>, with the owner required to have <strong>owned and occupied the home as of January 1</strong> (<a href=""https://comptroller.texas.gov/taxes/property-tax/exemptions/"">Texas Comptroller</a>).</li>
<li><strong>San Antonio ordinances do not govern Boerne.</strong> The clearest example is short-term rentals: Boerne regulates STRs under its <strong>own Ordinance No. 2023-09</strong>, with its own permit fee, inspection rule, insurance minimum and block-face spacing requirement (<a href=""https://www.ci.boerne.tx.us/2444/Short-Term-Rentals"">City of Boerne</a>). Researching San Antonio's STR rules and then buying in Boerne means reading the wrong rulebook.</li>
<li><strong>Your taxing units are different.</strong> The 2025 adopted rates per $100 of taxable value inside the city limits are <strong>Boerne ISD 1.0109</strong>, split 0.6969 M&amp;O and 0.3140 debt (<a href=""https://www.co.kendall.tx.us/295/Boerne-ISD"">Kendall County</a>); <strong>City of Boerne 0.4716</strong> (<a href=""https://www.kendallcountytx.gov/297/Boerne-City-of"">Kendall County</a>); and <strong>Kendall County 0.377</strong> (<a href=""https://www.co.kendall.tx.us/306/Kendall-County"">Kendall County</a>). Any special district on the parcel adds its own line.</li>
<li><strong>Sales tax is 8.25 percent</strong> — 6.25 percent state, 1.50 percent City of Boerne, 0.50 percent Kendall County (<a href=""https://www.ci.boerne.tx.us/646/Current-Tax-Rates"">City of Boerne</a>). Same total as much of San Antonio, different recipients.</li>
<li><strong>Schools are Boerne ISD</strong>, not Northside ISD or any other Bexar County district.</li>
</ul>
<p>&quot;Thirty minutes from San Antonio&quot; is a commute description. It is not a statement about which government you live under.</p>
<h2>What sits between the two</h2>
<p>The corridor between Boerne and San Antonio is not empty, and the towns in it are governed differently from each other too.</p>
<p><strong>Fair Oaks Ranch</strong> sits on that northwest edge. It incorporated in <strong>1988</strong>, had a <strong>2020 census population of 9,833</strong>, and — the detail that catches people — its <strong>city limits span Bexar, Comal and Kendall counties</strong> (<a href=""https://en.wikipedia.org/wiki/Fair_Oaks_Ranch,_Texas"">Wikipedia</a>). Two Fair Oaks Ranch addresses can answer to two different appraisal districts.</p>
<p><strong>Bulverde</strong> is on the other corridor entirely — <strong>Comal County, incorporated 1999, 2020 population 5,692, served by Comal ISD, with US 281 running through the east side</strong> (<a href=""https://en.wikipedia.org/wiki/Bulverde,_Texas"">Wikipedia</a>). It is closer to San Antonio's north-central employment, farther from I-10.</p>
<p>If your search is really &quot;somewhere 30 minutes out of San Antonio,&quot; those are your other two candidates, and they are not interchangeable with Boerne on taxes, schools or jurisdiction.</p>
<h2>Distance in the other direction</h2>
<p>Boerne's distance from San Antonio is also what people are buying. It is far enough that the town has its own downtown, its own school district and its own county government, and near enough that a San Antonio job, a San Antonio hospital and a San Antonio airport are an ordinary drive rather than an expedition.</p>
<p>Towns that are only near — bedroom subdivisions with no independent center — do not hold value the same way. Towns that are only far do not draw the commuting household. Boerne is on both sides of that line, and that is priced in.</p>
<h2>Before you commit to the commute</h2>
<ul>
<li>Drive it live, at your real hours, in both directions.</li>
<li>Check the specific address against the actual employer location, not against &quot;San Antonio.&quot;</li>
<li>Confirm the parcel's county and taxing units on the appraisal record, not on the listing sheet.</li>
<li>If the property is outside city limits, confirm whether it is in Boerne's extraterritorial jurisdiction with the <strong>City of Boerne Planning Department</strong>, because some city rules reach into the ETJ.</li>
</ul>
<h2>Related questions</h2>
<ul>
<li><a href=""/answers/is-boerne-texas-a-good-place-to-live"">Is Boerne, Texas a good place to live?</a></li>
<li><a href=""/answers/boerne-vs-fair-oaks-ranch-vs-bulverde"">Boerne vs. Fair Oaks Ranch vs. Bulverde: which should I buy in?</a></li>
<li><a href=""/answers/what-are-property-taxes-like-in-boerne"">What are property taxes like in Boerne, Texas?</a></li>
<li><a href=""/answers/is-boerne-texas-growing"">Is Boerne, Texas growing?</a></li>
<li><a href=""/answers/should-i-buy-in-boerne-city-limits-or-unincorporated-kendall-county"">Should I buy inside Boerne city limits or in unincorporated Kendall County?</a></li>
</ul>
<h2>Questions about a specific property?</h2>
<p>Call or text <strong><a href=""tel:+1-830-446-3847"">830-446-3847</a></strong> · Email <strong><a href=""mailto:heath.shepard@kw.com"">heath.shepard@kw.com</a></strong></p>
<hr>
<p><em>Drive times vary and are not a guarantee. For exemptions, valuations and protests, Kendall Appraisal District is the authority for Boerne addresses; for zoning, permits and ETJ status, contact the City of Boerne Planning Department.</em></p>","","2026-09-17","vs-san-antonio","https://www.theheathshepardrealestateteam.com/boerne/vs-san-antonio","is-boerne-texas-a-good-place-to-live,boerne-vs-fair-oaks-ranch-vs-bulverde,what-are-property-taxes-like-in-boerne,is-boerne-texas-growing,should-i-buy-in-boerne-city-limits-or-unincorporated-kendall-county","https://www.city-data.com/city/Boerne-Texas.html
https://kendallad.org/adopted-tax-rates-and-exemptions/
https://www.ci.boerne.tx.us/646/Current-Tax-Rates
https://www.ci.boerne.tx.us/2444/Short-Term-Rentals
https://www.kendallcountytx.gov/297/Boerne-City-of
https://www.co.kendall.tx.us/295/Boerne-ISD
https://www.co.kendall.tx.us/306/Kendall-County
https://en.wikipedia.org/wiki/Fair_Oaks_Ranch,_Texas
https://en.wikipedia.org/wiki/Bulverde,_Texas
https://comptroller.texas.gov/taxes/property-tax/exemptions/","draft"
"How much down payment do I need to buy a house in Texas?","how-much-down-payment-do-i-need-in-texas","How much down payment do I need to buy a house in Texas?","Down payment in Texas: how loan program, occupancy and homestead status set the number, and what cash you need at closing besides the down payment.","How much you put down depends on the loan program, whether the home will be your homestead or an investment property, and what your lender's overlay requires. Conventional, FHA and VA each set different minimums, and a veteran with full entitlement has no VA loan limit. Only a lender preapproval gives you a real number.","<h2>The number is set by four things, in this order</h2>
<ol>
<li><strong>The loan program.</strong> Conventional, FHA, VA and USDA each have their own minimum. They are not close to each other, and a borrower is frequently eligible for more than one.</li>
<li><strong>What you are doing with the property.</strong> A primary residence, a second home and an investment property are underwritten as three different risks by every program that allows them at all. Occupancy is the single largest swing in the required down payment, larger than credit score.</li>
<li><strong>The lender's overlay.</strong> The program floor is what the agency will accept. The overlay is what the lender in front of you will actually do. Overlays are unpublished and vary between lenders on the same day.</li>
<li><strong>The property type.</strong> One unit versus two to four units, condominium versus single family, manufactured versus site-built — each moves the requirement.</li>
</ol>
<p>Anyone who answers this question with a percentage before asking those four things is quoting a marketing number.</p>
<h2>Homestead versus everything else in Texas</h2>
<p>Texas has a specific legal category for the home you actually live in: the <strong>homestead</strong>. It is the basis for the residence homestead exemption on your property taxes, and it is the trigger for the constitutional limits on borrowing against your own house.</p>
<p>The homestead distinction shows up in three places a buyer feels:</p>
<ul>
<li><strong>Financing terms.</strong> Owner-occupied financing is materially cheaper and requires less down than non-owner-occupied financing. Occupancy is a representation you make to the lender, in writing, under penalty. Telling a lender you will occupy a property you intend to rent out is mortgage fraud, not a strategy.</li>
<li><strong>Property taxes.</strong> A residence homestead exemption requires that you <strong>owned and occupied the home as your principal residence on January 1</strong> of the tax year, and the application is filed <strong>before May 1</strong> with the county appraisal district (<a href=""https://comptroller.texas.gov/taxes/property-tax/exemptions/"">Texas Comptroller</a>). For a Boerne home that is the <strong>Kendall Appraisal District</strong>, not Bexar CAD — Boerne is in Kendall County, not the City of San Antonio.</li>
<li><strong>Getting equity back out later.</strong> A cash-out refinance or home equity loan on a Texas homestead is governed by the <strong>Texas Constitution, Section 50(a)(6)</strong>: all loans against the homestead combined cannot exceed <strong>80% of fair market value</strong>, meaning at least 20% equity must remain; the loan cannot close until at least <strong>12 days</strong> after the later of application or your receipt of the required notice; fees other than appraisal, survey, title insurance premium and title search/exam are capped at <strong>2%</strong> of principal; the loan is generally <strong>non-recourse</strong>; and you may have only <strong>one</strong> at a time, with <strong>12 months</strong> between home equity closings (<a href=""https://hurstlending.com/texas-cash-out-refinance-rules-50a6-guidelines/"">Texas cash-out rules summarized</a>).</li>
</ul>
<p>That last point is the one buyers in other states get wrong. If your plan is to put very little down and then pull cash out in two years, Texas law caps the total at 80% of value on the homestead. Investment property in Texas is <strong>not</strong> governed by 50(a)(6).</p>
<h2>The VA case is genuinely different</h2>
<p>A veteran with <strong>full entitlement has no VA loan limit</strong>, and the VA guaranty does not exceed 25% of the loan (<a href=""https://www.va.gov/housing-assistance/home-loans/loan-limits/"">U.S. Department of Veterans Affairs</a>). &quot;No limit&quot; means the VA does not cap the loan amount for a veteran with full entitlement — it does not mean a lender will lend any amount. The lender still underwrites income, assets, credit and the appraisal.</p>
<p>Entitlement is not automatically full. A veteran with an existing VA loan, or one who previously had a VA loan foreclosed on, may have partial entitlement, and that changes the math. The Certificate of Eligibility settles it, and the lender pulls it.</p>
<h2>What has to be in the bank besides the down payment</h2>
<p>The down payment is one of four cash requirements, and buyers routinely budget for only the first.</p>
<p><strong>Option fee and earnest money.</strong> In Texas both are due early. The option fee goes to the escrow agent — the title company, not the seller — <strong>within three days after the effective date</strong> of the contract, and if day three falls on a weekend or legal holiday it rolls to the next business day (<a href=""https://www.trec.texas.gov/article/changes-delivery-option-fee-0"">TREC</a>). Earnest money goes to the same escrow agent. The option fee is credited to the sales price at closing; it is not refunded if you terminate. Amounts are negotiated, not set by law.</p>
<p><strong>Inspection and due diligence costs.</strong> Paid out of pocket during the option period, before you know whether you are buying the house. On a Hill Country property that can mean a general inspection plus a septic inspection, a well test, and a structural or foundation opinion. None of it is financed.</p>
<p><strong>Closing costs.</strong> Separate from the down payment. Who pays what is <strong>negotiated in the contract, not fixed by law</strong>. Custom in much of Texas is that the seller pays for the owner's title policy; in some markets the buyer does. Texas title insurance premium rates are <strong>promulgated by the Texas Department of Insurance</strong>, which means the premium for a given policy amount is identical at every title company in the state — you are not going to shop your way to a cheaper policy (<a href=""https://tdi.texas.gov/title/titlerates2026.html"">TDI title rates</a>, schedule effective March 1, 2026).</p>
<p><strong>Reserves.</strong> Many loan programs and most lender overlays require documented reserves after closing — months of principal, interest, taxes and insurance still sitting in an account. A borrower who drains every account to hit the down payment can fail the reserve test and lose the approval.</p>
<h2>Gift funds, and the paper trail</h2>
<p>Gift funds are allowed on most programs, with conditions: an acceptable donor relationship, a gift letter stating the funds do not have to be repaid, and a documented transfer. The failure mode is almost never the gift itself. It is the paper trail — cash deposited at a branch, money moved between three accounts before it lands, or funds appearing after the application without an explanation. Underwriters call these unsourced deposits and they will stop a file cold. Move money once, in a traceable way, and tell the loan officer before you do it.</p>
<h2>Why a real preapproval is the only number worth planning around</h2>
<p>A calculator on a lender's website does not know your debt, your documented income, the property, or that lender's overlay. A preapproval where credit has been pulled and income and asset documents have actually been read produces a number you can plan against, and a letter a listing agent will take seriously. On the contract side, a buyer whose purchase depends on financing uses the <strong>Third Party Financing Addendum, TREC form 40-11, effective 01/03/2025</strong> (<a href=""https://www.trec.texas.gov/agency-information/contracts"">TREC contract forms</a>). That addendum and your preapproval are what the seller's side weighs against the other offer on the table.</p>
<h2>Who to ask</h2>
<p>Program minimums, overlays, entitlement, reserve requirements and what your specific file supports are <strong>lender</strong> questions. Homestead exemption filing and deadlines go to the <strong>Kendall Appraisal District</strong> for a Boerne or Kendall County property. How the Texas homestead rules apply to your ownership situation, including anything involving marital property or title, is a question for a <strong>Texas real estate attorney</strong>.</p>
<h2>Related questions</h2>
<ul>
<li><a href=""/answers/what-credit-score-do-i-need-to-buy-a-house-in-texas"">What credit score do I need to buy a house in Texas?</a></li>
<li><a href=""/answers/conventional-vs-fha-vs-va-loan-in-texas"">Conventional vs. FHA vs. VA loan in Texas: which one?</a></li>
<li><a href=""/answers/what-are-the-2026-loan-limits-in-kendall-county"">What are the 2026 conforming and FHA loan limits in Kendall County, Texas?</a></li>
<li><a href=""/answers/who-pays-closing-costs-in-texas"">Who pays closing costs in Texas?</a></li>
<li><a href=""/answers/what-is-a-texas-cash-out-refinance-50a6"">What is a Texas cash-out refinance (50(a)(6))?</a></li>
</ul>
<h2>Questions about a specific property?</h2>
<p>Call or text <strong><a href=""tel:+1-830-446-3847"">830-446-3847</a></strong> · Email <strong><a href=""mailto:heath.shepard@kw.com"">heath.shepard@kw.com</a></strong></p>
<hr>
<p><em>This page explains how down payment requirements are structured in Texas. It is not lending, legal or tax advice. A licensed lender determines what your file qualifies for; the Kendall Appraisal District handles homestead exemptions; a Texas real estate attorney handles title and homestead law.</em></p>","","2026-09-17","buying-a-home","https://www.theheathshepardrealestateteam.com/boerne/buying-a-home","what-credit-score-do-i-need-to-buy-a-house-in-texas,conventional-vs-fha-vs-va-loan-in-texas,what-are-the-2026-loan-limits-in-kendall-county,who-pays-closing-costs-in-texas,what-is-a-texas-cash-out-refinance-50a6","https://www.va.gov/housing-assistance/home-loans/loan-limits/
https://www.trec.texas.gov/agency-information/contracts
https://www.trec.texas.gov/article/changes-delivery-option-fee-0
https://comptroller.texas.gov/taxes/property-tax/exemptions/
https://tdi.texas.gov/title/titlerates2026.html
https://hurstlending.com/texas-cash-out-refinance-rules-50a6-guidelines/","draft"
"Is Boerne, Texas a good real estate investment?","is-boerne-a-good-real-estate-investment","Is Boerne, Texas a good real estate investment?","Kendall County grew 20.3 percent since 2020, but a 1.8595 combined tax rate and the December 2026 circuit-breaker sunset compress Boerne cash flow.","Boerne's fundamentals support long-term value: 20.3 percent Kendall County population growth from 2020 to 2025 driven by domestic migration, six straight A ratings for Boerne ISD, and land and groundwater constraints that limit new supply. Cash flow is the hard part, because Texas property tax rates and Hill Country prices compress yields.","<h2>The appreciation case, stated in verifiable terms</h2>
<p><strong>Demand.</strong> <strong>Kendall County grew 20.3 percent between 2020 and 2025</strong>, from an estimated 44,568 to 53,289 residents, and the growth came mostly from <strong>domestic migration</strong> (<a href=""https://communityimpact.com/san-antonio/boerne-fair-oaks-ranch/government/2026/03/30/kendall-county-population-increases-by-203-from-2020-2025/"">Community Impact</a>). In-migrating households form demand immediately and arrive with prior-sale equity.</p>
<p><strong>Sorting pressure.</strong> <strong>Boerne ISD has held a Texas Education Agency &quot;A&quot; rating for six consecutive years</strong> (<a href=""https://www.boernestar.com/article/11432,boerne-isd-six-straight-years-of-a-ratings"">Boerne Star</a>). School ratings are the primary filter relocating families apply before they look at a listing, and that filter concentrates demand inside district boundaries.</p>
<p><strong>Constrained supply.</strong> Hill Country terrain limits finished-lot yield per acre, and groundwater across Kendall County is regulated by the <strong>Cow Creek Groundwater Conservation District</strong> (<a href=""https://ccgcd.org/"">ccgcd.org</a>). A project that cannot document water does not get built at the density its pro forma assumed. Rising demand against constrained supply is the whole appreciation thesis.</p>
<p><strong>Access.</strong> Boerne sits roughly <strong>31 miles northwest of San Antonio on I-10</strong> (<a href=""https://www.city-data.com/city/Boerne-Texas.html"">City-Data</a>) — commutable to a metro job market while remaining a separate town with its own downtown, county government and school district.</p>
<p>None of those four reverse quickly. That is what &quot;fundamentals&quot; means.</p>
<h2>The cash flow problem, stated honestly</h2>
<p>Appreciation and cash flow are different businesses. Boerne is better at the first than the second, and the reason is on the tax bill.</p>
<p>For a home inside the city limits in Boerne ISD, the <strong>2025 adopted rates per $100 of taxable value</strong> were:</p>
<ul>
<li><strong>Boerne ISD 1.0109</strong> — 0.6969 M&amp;O plus 0.3140 debt (<a href=""https://www.co.kendall.tx.us/295/Boerne-ISD"">Kendall County</a>)</li>
<li><strong>City of Boerne 0.4716</strong> (<a href=""https://www.kendallcountytx.gov/297/Boerne-City-of"">Kendall County</a>)</li>
<li><strong>Kendall County 0.377</strong> — 0.317976 M&amp;O plus 0.059024 debt (<a href=""https://www.co.kendall.tx.us/306/Kendall-County"">Kendall County</a>)</li>
</ul>
<p>Plus any special district on the parcel. Kendall AD lists Kendall County MUD, Miralomas MUD, Cow Creek Groundwater Conservation District and Kendall County WCID #1 among entities that can appear on a bill (<a href=""https://kendallad.org/adopted-tax-rates-and-exemptions/"">Kendall Appraisal District</a>).</p>
<p>Two consequences investors miss:</p>
<ol>
<li><strong>An investment property gets no homestead exemption and no 10 percent homestead cap.</strong> The 10 percent cap on annual increases in net appraised value applies only to property that already carries a homestead exemption (<a href=""https://comptroller.texas.gov/taxes/property-tax/exemptions/"">Texas Comptroller</a>). Your rental is reappraised at market value with no such cushion.</li>
<li><strong>The partial substitute is expiring.</strong> The <strong>circuit breaker</strong> in Tax Code §23.231 caps appraised value increases at <strong>20 percent per year for non-homestead real property</strong> at or below an annually indexed threshold. It was created by <strong>SB 2 (2023)</strong> as a pilot for tax years <strong>2024, 2025 and 2026, and it expires December 31, 2026</strong> unless the Legislature renews it (<a href=""https://traviscad.org/circuitbreaker"">Travis CAD</a>). It excludes land under agricultural special appraisal and homesteads under the 10 percent cap. An investor underwriting a Boerne rental on 2026 assessed value should model what happens if that cap lapses. A <strong>CPA or tax advisor</strong> is the right person to run that scenario.</li>
</ol>
<p>On the price side, published Boerne figures are third-party model estimates that move. Zillow reported an average Boerne home value of roughly <strong>$554,983 as of September 2026</strong> (<a href=""https://www.zillow.com/home-values/8154/boerne-tx/"">Zillow</a>) — not a closed-sale statistic. Get current MLS sold and rent comps for the specific ZIP and property type before underwriting anything.</p>
<h2>The short-term rental angle, and its ceiling</h2>
<p>Boerne is a destination town, which makes nightly rental the obvious yield play. It is also regulated. <strong>Boerne has its own ordinance — No. 2023-09 — and San Antonio's STR rules do not apply here.</strong> Key terms: <strong>$200 registration fee, two-year permit term, $200 renewal within 30 days of expiration, safety inspection required inside city limits ($100 with a city inspector) but not in the ETJ, minimum liability insurance of $500,000 per occurrence and $1,000,000 aggregate, occupancy of two per bedroom plus two, one parking space per bedroom, events prohibited</strong>, and — the deal-killer — <strong>an STR may not operate within 200 feet of another STR on the same block face in residentially zoned areas</strong> (<a href=""https://www.ci.boerne.tx.us/2444/Short-Term-Rentals"">City of Boerne</a>).</p>
<p><strong>Hotel occupancy tax is 13 percent combined: 6 percent state plus 7 percent City of Boerne</strong> (<a href=""https://www.ci.boerne.tx.us/646/Current-Tax-Rates"">City of Boerne</a>).</p>
<p>The failure mode is specific: an investor buys the block closest to the Hill Country Mile because the nightly rate justifies the price, then discovers the block-face allowance is already consumed by an existing permit holder. Confirm the specific address with the <strong>City of Boerne Planning Department, (830) 248-1501</strong>, inside the option period. And a city permit is not a POA's permission — deed restrictions are a separate question for a <strong>Texas real estate attorney</strong>.</p>
<h2>Land plays are a different instrument</h2>
<p>Raw Hill Country acreage does not cash flow, and untaxed it carries a real holding cost. <strong>1-d-1 open-space appraisal</strong> values qualifying land on <strong>productivity value</strong> rather than market value, and requires current principal agricultural use to the degree of intensity generally accepted in the area, with agricultural or timber production in <strong>5 of the preceding 7 years</strong>. <strong>Wildlife management use</strong> requires previously qualified open-space or timber land used in <strong>at least 3 of 7</strong> specified ways. Changing use triggers a <strong>3-year rollback tax</strong> — the difference between taxes paid on ag value and what would have been paid on market value (<a href=""https://comptroller.texas.gov/taxes/property-tax/ag-timber/index.php"">Texas Comptroller</a>).</p>
<p>Buying ag-valued land and developing it converts a low carrying cost into a rollback liability. That math belongs to a <strong>CPA</strong>, and the qualification question belongs to <strong>Kendall Appraisal District</strong>.</p>
<h2>If you are exchanging in</h2>
<p><strong>IRC §1031</strong> allows deferral on real property held for productive use in a trade or business or for investment. After the Tax Cuts and Jobs Act it applies <strong>only to real property</strong>. The clocks: <strong>45 days</strong> from transfer of the relinquished property to identify replacement property in writing, and <strong>180 days</strong> to receive it, <strong>or the due date of the return including extensions, whichever is earlier</strong>. Reported on <strong>IRS Form 8824</strong>. A <strong>personal residence does not qualify</strong> (<a href=""https://www.irs.gov/businesses/small-businesses-self-employed/like-kind-exchanges-real-estate-tax-tips"">IRS</a>). Work with a CPA and a qualified intermediary before the relinquished property closes, not after.</p>
<h2>The honest verdict</h2>
<p>Buy Boerne for a long hold, for land you cannot replace, or for a resale-price thesis backed by school ratings and in-migration. Do not buy it expecting a Midwest cap rate. And run the tax line at full market value with no exemption before you sign anything — that is the number that kills Hill Country pro formas.</p>
<h2>Related questions</h2>
<ul>
<li><a href=""/answers/why-are-homes-in-boerne-so-expensive"">Why are homes in Boerne, Texas so expensive?</a></li>
<li><a href=""/boerne/short-term-rentals"">Short-Term Rental Rules in Boerne, TX</a></li>
<li><a href=""/answers/what-are-property-taxes-like-in-boerne"">What are property taxes like in Boerne, Texas?</a></li>
<li><a href=""/answers/is-boerne-texas-growing"">Is Boerne, Texas growing?</a></li>
<li><a href=""/answers/is-hill-country-land-a-good-investment"">Is Hill Country land a good investment?</a></li>
</ul>
<h2>Questions about a specific property?</h2>
<p>Call or text <strong><a href=""tel:+1-830-446-3847"">830-446-3847</a></strong> · Email <strong><a href=""mailto:heath.shepard@kw.com"">heath.shepard@kw.com</a></strong></p>
<hr>
<p><em>This is not investment, legal or tax advice. Talk with a CPA about depreciation, rollback taxes, the circuit breaker and 1031 timing, a lender about financing structure, Kendall Appraisal District about valuation and exemptions, and the City of Boerne Planning Department about short-term rental eligibility for a specific address.</em></p>","","2026-09-17","real-estate-market","https://www.theheathshepardrealestateteam.com/boerne/real-estate-market","why-are-homes-in-boerne-so-expensive,what-are-property-taxes-like-in-boerne,is-boerne-texas-growing,is-hill-country-land-a-good-investment","https://communityimpact.com/san-antonio/boerne-fair-oaks-ranch/government/2026/03/30/kendall-county-population-increases-by-203-from-2020-2025/
https://www.boernestar.com/article/11432,boerne-isd-six-straight-years-of-a-ratings
https://www.co.kendall.tx.us/295/Boerne-ISD
https://www.kendallcountytx.gov/297/Boerne-City-of
https://www.co.kendall.tx.us/306/Kendall-County
https://kendallad.org/adopted-tax-rates-and-exemptions/
https://traviscad.org/circuitbreaker
https://comptroller.texas.gov/taxes/property-tax/exemptions/
https://comptroller.texas.gov/taxes/property-tax/ag-timber/index.php
https://www.ci.boerne.tx.us/2444/Short-Term-Rentals
https://www.ci.boerne.tx.us/646/Current-Tax-Rates
https://ccgcd.org/
https://www.irs.gov/businesses/small-businesses-self-employed/like-kind-exchanges-real-estate-tax-tips
https://www.zillow.com/home-values/8154/boerne-tx/
https://www.city-data.com/city/Boerne-Texas.html","draft"
"Is Boerne, Texas good for short-term rentals?","is-boerne-good-for-short-term-rentals","Is Boerne, Texas good for short-term rentals?","What caps a Boerne STR: a 200-foot block-face rule, two per bedroom plus two, no events, 13 percent hotel tax, and $500,000 liability coverage.","Boerne allows short-term rentals under Ordinance No. 2023-09, so the real question is what caps the return. The binding constraints are a 200-foot block-face separation in residential zones, occupancy of two per bedroom plus two, a ban on events, 13 percent hotel occupancy tax, and a $500,000 liability insurance minimum.","<h2>The regulatory picture in one screen</h2>
<p>Boerne is not a prohibition city and it is not an open city. It licenses. The full mechanics live on a separate page — <a href=""/boerne/short-term-rentals"">what are the short-term rental rules in Boerne</a> — but the parts that shape an underwriting model are these, all from the <a href=""https://www.ci.boerne.tx.us/2444/Short-Term-Rentals"">City of Boerne's short-term rental page</a>:</p>
<ul>
<li><strong>$200 registration, two-year permit term</strong>, $200 renewal filed within 30 days of expiration.</li>
<li><strong>Safety inspection</strong> required inside the city limits, $100 through a city inspector or done by an outside licensed inspector. Not required in the ETJ.</li>
<li><strong>Liability insurance: $500,000 per occurrence and $1,000,000 aggregate.</strong></li>
<li><strong>200-foot separation from another STR on the same block face</strong> in residentially zoned areas.</li>
<li><strong>Occupancy: two people per bedroom plus two additional people.</strong> One parking space per bedroom.</li>
<li><strong>Events prohibited.</strong></li>
<li><strong>Hotel occupancy tax</strong> remitted through the city portal.</li>
<li>Rules reach the <strong>city limits and the ETJ</strong>.</li>
</ul>
<p>One more thing before the analysis: <strong>Boerne is the county seat of Kendall County, not part of the City of San Antonio and not in Bexar County.</strong> San Antonio's STR ordinance, with its own permit types and density formula, does not apply here. Investors read the San Antonio rules constantly and then buy in Boerne. Different rulebook.</p>
<h2>The permit is two years, and what happens on resale is a question for the city</h2>
<p>The ordinance sets a two-year term. The posted materials do not resolve whether an existing permit transfers to a new owner when the property sells. Treat that as unanswered until the <strong>Boerne Planning Department</strong> answers it in writing for the specific address.</p>
<p>That is not a technicality. If a permit does not run with the property, a buyer paying an STR price is buying income that depends on an approval they do not yet hold. And if the block-face situation has changed since the seller's permit was issued, a fresh application may not be grantable at all.</p>
<h2>The block-face rule caps supply exactly where demand is</h2>
<p>In residentially zoned areas, an STR cannot operate within <strong>200 feet of another STR on the same block face</strong>, including residentially zoned property inside the Historic, Downtown and River Road overlay districts (<a href=""https://www.ci.boerne.tx.us/CivicAlerts.aspx?AID=1437&amp;ARC=2987"">City of Boerne</a>). In the commercial portions of those overlays there is no separation requirement. Outside those overlays, STRs are prohibited in commercial zones.</p>
<p>The practical effect is the single most important fact on this page. The blocks closest to the Hill Country Mile — the walkable ones where a guest will pay a premium to park once and stay put — are exactly the blocks where the 200-foot allowance is most likely to already be consumed by an existing permit holder. A property can be a perfect STR in every respect and still be ineligible because a neighbor filed first.</p>
<p>This cuts both ways for an owner who clears it. Supply on a given block face is limited by ordinance, not by market appetite. That is a durable moat for a permit that already exists — and a hard wall for one that does not.</p>
<p><strong>Confirm eligibility for the exact address with the Planning Department at (830) 248-1501 during the option period</strong>, not after closing.</p>
<h2>Occupancy sets a hard ceiling on the revenue model</h2>
<p>Two per bedroom plus two. A two-bedroom sleeps six. A three-bedroom sleeps eight. A four-bedroom sleeps ten.</p>
<p>That ceiling is what makes the large-group play difficult in Boerne's residential zones. A five-bedroom ranch house marketed to a reunion of eighteen cannot legally host eighteen, and a listing advertising that headcount is advertising a violation. If the model depends on a per-head rate times a large party, the ordinance has already priced it out.</p>
<p>Parking is one space per bedroom, with street parking allowed — which matters on the narrow older streets near downtown where on-site parking is scarce and neighbor complaints start.</p>
<h2>Events are prohibited, so the venue play is off the table</h2>
<p>Occupants may not hold events at the property. No weddings, no receptions, no corporate offsites, no paid photo shoots dressed up as a stay.</p>
<p>This closes a specific arbitrage that works in other Hill Country markets: buy acreage, rent it nightly, and sell the venue separately at a multiple of the nightly rate. In Boerne's STR framework that second revenue line does not exist. Anyone underwriting a Boerne property on event income is underwriting income the ordinance does not allow.</p>
<h2>Tax and insurance are real line items, not rounding</h2>
<p><strong>Hotel occupancy tax in Boerne runs 13 percent combined — 6 percent state and 7 percent city</strong> (<a href=""https://www.ci.boerne.tx.us/646/Current-Tax-Rates"">City of Boerne, Current Tax Rates</a>), remitted through the city portal. Whether a booking platform collects and remits any portion on a host's behalf is a question for the platform and for a <strong>CPA</strong>; the obligation sits with the operator either way.</p>
<p>The insurance minimum — <strong>$500,000 per occurrence and $1,000,000 aggregate</strong> — is the item most often missed at the modeling stage. A standard HO-3 homeowner's policy generally excludes commercial or transient-occupancy use, so the premium in the spreadsheet is usually the wrong premium. Get a real quote from an <strong>insurance agent who writes short-term rental coverage</strong> before the offer, not a placeholder.</p>
<p>Property tax is its own adjustment. A short-term rental is not a residence homestead, so it gets no homestead exemption and no 10 percent homestead cap. See <a href=""/answers/how-are-rental-properties-taxed-differently-in-texas"">how rental properties are taxed differently in Texas</a>.</p>
<h2>The demand side, stated only as far as the data goes</h2>
<p>What is verifiable: <strong>Kendall County grew 20.3 percent between 2020 and 2025</strong>, from an estimated 44,568 to 53,289, with most of that coming from domestic migration — people moving in (<a href=""https://communityimpact.com/san-antonio/boerne-fair-oaks-ranch/government/2026/03/30/kendall-county-population-increases-by-203-from-2020-2025/"">Community Impact</a>). Boerne is the Hill Country county seat roughly <strong>31 miles from San Antonio on Interstate 10</strong>, which puts a metro of that size inside an easy drive for a weekend stay.</p>
<p>That is a real demand story. It is not an occupancy rate, an average daily rate, a RevPAR figure or a cap rate, and nobody should accept those numbers from a blog post about a market this small. Submarket performance in Boerne varies block to block — largely because of the block-face rule above.</p>
<h2>What to actually do before writing an offer</h2>
<ol>
<li><strong>Confirm STR eligibility for the specific address</strong> with the City of Boerne Planning Department, and get the answer on permit transferability in writing.</li>
<li><strong>Check the deed restrictions and any POA declaration.</strong> A city permit is not HOA permission. See <a href=""/answers/can-an-hoa-ban-short-term-rentals-in-texas"">can an HOA ban short-term rentals in Texas</a>.</li>
<li><strong>Pull actual comparable performance data</strong> for real Boerne listings at a similar bedroom count and location, rather than a market-level average.</li>
<li><strong>Have a CPA model it</strong> with hotel occupancy tax, the non-homestead property tax treatment, the real insurance quote, cleaning and management, and the reserve for a two-year permit cycle.</li>
<li>Build the analysis so it still works if the permit needs to be applied for fresh.</li>
</ol>
<p>Boerne can work as a short-term rental market. Whether a particular house works is a question about that block face, that declaration, and that pro forma — and all three are answerable before the option period ends.</p>
<h2>Related questions</h2>
<ul>
<li><a href=""/boerne/short-term-rentals"">Short-Term Rental Rules in Boerne, TX</a></li>
<li><a href=""/answers/can-an-hoa-ban-short-term-rentals-in-texas"">Can an HOA ban short-term rentals in Texas?</a></li>
<li><a href=""/answers/is-boerne-a-good-real-estate-investment"">Is Boerne a good real estate investment?</a></li>
<li><a href=""/answers/how-are-rental-properties-taxed-differently-in-texas"">How are rental properties taxed differently in Texas?</a></li>
<li><a href=""/answers/is-boerne-texas-growing"">Is Boerne, Texas growing?</a></li>
</ul>
<h2>Questions about a specific property?</h2>
<p>Call or text <strong><a href=""tel:+1-830-446-3847"">830-446-3847</a></strong> · Email <strong><a href=""mailto:heath.shepard@kw.com"">heath.shepard@kw.com</a></strong></p>
<hr>
<p><em>This page describes publicly posted City of Boerne requirements as of September 2026 and is not legal, tax or investment advice. Confirm current terms with the City of Boerne Planning Department, deed restrictions with a Texas real estate attorney, and the numbers with a CPA.</em></p>","","2026-09-17","short-term-rentals","https://www.theheathshepardrealestateteam.com/boerne/short-term-rentals","can-an-hoa-ban-short-term-rentals-in-texas,is-boerne-a-good-real-estate-investment,how-are-rental-properties-taxed-differently-in-texas,is-boerne-texas-growing","https://www.ci.boerne.tx.us/2444/Short-Term-Rentals
https://www.ci.boerne.tx.us/DocumentCenter/View/23223/Short-Term-Rental-Ordinance-2023-09
https://www.ci.boerne.tx.us/CivicAlerts.aspx?AID=1437&ARC=2987
https://www.ci.boerne.tx.us/646/Current-Tax-Rates
https://communityimpact.com/san-antonio/boerne-fair-oaks-ranch/government/2026/03/30/kendall-county-population-increases-by-203-from-2020-2025/
https://www.tml.org/DocumentCenter/View/4951/Short-Term-Rentals---4-2024-PDF","draft"
"Is Boerne, Texas a good place to live?","is-boerne-texas-a-good-place-to-live","Is Boerne, Texas a good place to live?","Boerne trades a 31-mile I-10 commute and annual reappraisal for A-rated schools and Hill Country land, with Kendall County up 20.3 percent since 2020.","Boerne works well if you want Hill Country land, an A-rated school district, and a 30-to-45-minute I-10 commute to San Antonio. It is the county seat of Kendall County, not a San Antonio suburb. The trade-offs are 20.3 percent county growth since 2020, groundwater limits, and annual market-value reappraisal.","<h2>Start with the jurisdiction, because it drives everything else</h2>
<p>Boerne is the <strong>county seat of Kendall County</strong>, about <strong>31 miles northwest of San Antonio on Interstate 10</strong> (<a href=""https://www.city-data.com/city/Boerne-Texas.html"">City-Data, Boerne</a>). ZIP codes are 78006 and 78015.</p>
<p>That sentence decides more than it looks like it does. Boerne is not in Bexar County and it is not inside the City of San Antonio. San Antonio's ordinances — short-term rental rules, tree ordinances, permitting — have no force here. Your appraisal district is <strong>Kendall Appraisal District</strong> at <a href=""https://kendallad.org/adopted-tax-rates-and-exemptions/"">kendallad.org</a>, not Bexar CAD, and that is where a homestead exemption and a protest get filed. People relocating from inside Loop 1604 routinely file with the wrong district the first year and lose the exemption for that tax year.</p>
<h2>The schools are the single strongest argument</h2>
<p><strong>Boerne ISD earned an &quot;A&quot; rating from the Texas Education Agency for six consecutive years</strong>, including the 2024 and 2025 rating years, and scored <strong>92 points</strong> in the 2024–2025 ratings with <strong>20 distinction designations</strong> (<a href=""https://www.boernestar.com/article/11432,boerne-isd-six-straight-years-of-a-ratings"">Boerne Star</a>; <a href=""https://tea.texas.gov/texas-schools/accountability/academic-accountability/performance-reporting/2025-accountability-rating-system"">TEA 2025 accountability</a>).</p>
<p>District-wide is not campus-by-campus. The Boerne Star reported that <strong>Viola Wilson, Currington, Herff and Kendall elementaries received lower grades</strong> in the same rating cycle. If you are buying for a specific elementary attendance zone, look up that campus, not the district average, and confirm the current zone with the district — attendance boundaries in a fast-growing district move.</p>
<h2>Commute reality</h2>
<p>Downtown San Antonio is a <strong>30-to-45-minute drive depending on traffic</strong>. The I-10 corridor between Boerne and Loop 1604 is the pinch point, and it does not behave the same at 7:15 a.m. as it does at 10 a.m. Drive it, on a weekday, at the hour you would actually drive it, before you decide a neighborhood works.</p>
<p>Boerne is also a place people work rather than only sleep. It is the county seat, so county offices are here, and the city runs its own utilities. That matters less for commute math than for the fact that the town does not empty out at 8 a.m.</p>
<h2>Growth is the real change</h2>
<p><strong>Kendall County grew 20.3 percent between 2020 and 2025</strong>, from an estimated <strong>44,568 to 53,289 residents</strong>, and most of that was <strong>domestic migration</strong> — people moving in from elsewhere in the United States (<a href=""https://communityimpact.com/san-antonio/boerne-fair-oaks-ranch/government/2026/03/30/kendall-county-population-increases-by-203-from-2020-2025/"">Community Impact</a>).</p>
<p>The <strong>City of Boerne's 2020 census population was 18,084</strong>, and 2026 figures are estimates that vary by source — World Population Review estimates roughly 25,209 (<a href=""https://worldpopulationreview.com/us-cities/texas/boerne"">World Population Review</a>). Treat those as estimates, not counts.</p>
<p>What that growth feels like on the ground: more traffic on Main and on I-10, school capacity planning, and new subdivisions where there was ranch land. Whether that is a reason to buy now or a reason to buy farther out is a personal call, but it is not a rumor. It is in the census estimates.</p>
<h2>The tax trade-off nobody explains before the first bill</h2>
<p>Texas has no state individual income tax. Texas funds local government primarily through property tax instead, and Texas property is <strong>reappraised at market value annually</strong>, subject to a <strong>10 percent homestead cap</strong> on net appraised value once a homestead exemption is in place (<a href=""https://comptroller.texas.gov/taxes/property-tax/exemptions/"">Texas Comptroller</a>).</p>
<p>For a home inside the city limits in Boerne ISD, the 2025 adopted rates per $100 of taxable value were:</p>
<ul>
<li><strong>Boerne ISD: 1.0109</strong> — 0.6969 maintenance and operations plus 0.3140 debt (<a href=""https://www.co.kendall.tx.us/295/Boerne-ISD"">Kendall County</a>).</li>
<li><strong>City of Boerne: 0.4716</strong> (<a href=""https://www.kendallcountytx.gov/297/Boerne-City-of"">Kendall County</a>).</li>
<li><strong>Kendall County: 0.377</strong> — 0.317976 M&amp;O plus 0.059024 debt, down from 0.3827 in 2024 (<a href=""https://www.co.kendall.tx.us/306/Kendall-County"">Kendall County</a>).</li>
</ul>
<p>Any special district on the parcel adds to that. Sales tax in Boerne is <strong>8.25 percent total</strong>: 6.25 percent state, 1.50 percent city, 0.50 percent county (<a href=""https://www.ci.boerne.tx.us/646/Current-Tax-Rates"">City of Boerne</a>).</p>
<p>Buyers coming from California hit this hardest, because Proposition 13 limits reassessment there and Texas does not work that way. A <strong>CPA or tax advisor</strong> is the right person to model your own before-and-after.</p>
<h2>Water is a live constraint, not a talking point</h2>
<p>Boerne's drinking water comes from three sources: <strong>Canyon Lake surface water purchased through the Guadalupe-Blanco River Authority, Boerne City Lake, and local wells in the Trinity Group aquifers</strong> (<a href=""https://www.ci.boerne.tx.us/FAQ.aspx?QID=315"">City of Boerne</a>).</p>
<p>Groundwater in Kendall County is regulated by the <strong>Cow Creek Groundwater Conservation District</strong>, which sets drought stages using roughly 42 monitor wells, stream gauges on Cibolo Creek and the Guadalupe River, and more than 100 rain gauge sites (<a href=""https://ccgcd.org/"">Cow Creek GCD</a>). Stages move. Check <a href=""https://ccgcd.org/"">ccgcd.org</a> for the current one rather than trusting a number in any article, including this one.</p>
<p>If you are buying acreage on a well instead of a city tap, that is a different due-diligence problem. Well yield, depth, casing condition and the district's rules on permitted pumping all belong in your inspection window.</p>
<h2>Who Boerne is not for</h2>
<p>Someone who wants a five-minute commute to the Medical Center. Someone who needs walkable everything — Boerne has a genuinely walkable downtown, but the rest is car country. Someone who wants a low tax bill in absolute dollars; Boerne ISD's rate plus a Hill Country valuation adds up. And someone buying acreage expecting no rules, because groundwater regulation, deed restrictions and the city's extraterritorial jurisdiction all reach past the city limit sign.</p>
<h2>Related questions</h2>
<ul>
<li><a href=""/answers/is-boerne-texas-growing"">Is Boerne, Texas growing?</a></li>
<li><a href=""/answers/are-boerne-isd-schools-good"">Are Boerne ISD schools good?</a></li>
<li><a href=""/answers/what-are-property-taxes-like-in-boerne"">What are property taxes like in Boerne, Texas?</a></li>
<li><a href=""/answers/how-far-is-boerne-from-san-antonio"">How far is Boerne from San Antonio?</a></li>
<li><a href=""/answers/does-boerne-have-enough-water"">Does Boerne have enough water?</a></li>
<li><a href=""/answers/moving-from-austin-to-boerne"">What should I know about moving from Austin to Boerne?</a></li>
</ul>
<h2>Questions about a specific property?</h2>
<p>Call or text <strong><a href=""tel:+1-830-446-3847"">830-446-3847</a></strong> · Email <strong><a href=""mailto:heath.shepard@kw.com"">heath.shepard@kw.com</a></strong></p>
<hr>
<p><em>This page summarizes public data as of September 2026 and is not legal or tax advice. Talk with a CPA about your tax picture, Kendall Appraisal District about exemptions and valuations, and a Texas real estate attorney about deed restrictions.</em></p>","","2026-09-17","real-estate-market","https://www.theheathshepardrealestateteam.com/boerne/real-estate-market","is-boerne-texas-growing,are-boerne-isd-schools-good,what-are-property-taxes-like-in-boerne,how-far-is-boerne-from-san-antonio,does-boerne-have-enough-water,moving-from-austin-to-boerne","https://www.city-data.com/city/Boerne-Texas.html
https://communityimpact.com/san-antonio/boerne-fair-oaks-ranch/government/2026/03/30/kendall-county-population-increases-by-203-from-2020-2025/
https://worldpopulationreview.com/us-cities/texas/boerne
https://www.boernestar.com/article/11432,boerne-isd-six-straight-years-of-a-ratings
https://tea.texas.gov/texas-schools/accountability/academic-accountability/performance-reporting/2025-accountability-rating-system
https://www.co.kendall.tx.us/295/Boerne-ISD
https://www.kendallcountytx.gov/297/Boerne-City-of
https://www.co.kendall.tx.us/306/Kendall-County
https://www.ci.boerne.tx.us/646/Current-Tax-Rates
https://ccgcd.org/
https://www.ci.boerne.tx.us/FAQ.aspx?QID=315
https://kendallad.org/adopted-tax-rates-and-exemptions/
https://comptroller.texas.gov/taxes/property-tax/exemptions/","draft"
"Is Boerne, Texas growing?","is-boerne-texas-growing","Is Boerne, Texas growing?","Kendall County went from 44,568 residents in 2020 to 53,289 in 2025, up 20.3 percent on domestic migration. Boerne's 2020 census count was 18,084.","Yes. Kendall County grew 20.3 percent between 2020 and 2025, from an estimated 44,568 residents to 53,289, and most of that came from domestic migration rather than births. The City of Boerne's 2020 census population was 18,084; current city-level numbers are estimates that vary by source.","<h2>The county number is the reliable one</h2>
<p><strong>Kendall County: 44,568 in 2020, 53,289 in 2025 — up 20.3 percent</strong> (<a href=""https://communityimpact.com/san-antonio/boerne-fair-oaks-ranch/government/2026/03/30/kendall-county-population-increases-by-203-from-2020-2025/"">Community Impact</a>). Boerne is the <strong>county seat of Kendall County</strong>, roughly 31 miles northwest of San Antonio on I-10 (<a href=""https://www.city-data.com/city/Boerne-Texas.html"">City-Data</a>).</p>
<p>County-level estimates are the number to quote, because they are produced on a consistent methodology and they capture the unincorporated acreage where a lot of the actual growth is landing. City limits are a political boundary; growth does not respect it.</p>
<h2>The city number needs a caveat</h2>
<p>The <strong>2020 decennial census counted 18,084 people in the City of Boerne</strong>. Estimates for 2026 vary by source — World Population Review puts it around 25,209, and other projections land lower (<a href=""https://worldpopulationreview.com/us-cities/texas/boerne"">World Population Review</a>).</p>
<p>Use the 2020 census figure as the hard number and describe anything after it as an estimate. Different vendors use different base years, different annexation assumptions and different household-size models, which is why a &quot;Boerne population&quot; search returns four different answers.</p>
<h2>&quot;Domestic migration&quot; is the important word</h2>
<p>Most of Kendall County's growth is people moving in from elsewhere in the United States, not natural increase (<a href=""https://communityimpact.com/san-antonio/boerne-fair-oaks-ranch/government/2026/03/30/kendall-county-population-increases-by-203-from-2020-2025/"">Community Impact</a>).</p>
<p>That distinction changes what the growth does to the market. Natural increase adds people slowly and adds households later, when those children form their own. In-migration adds a household on day one, usually with proceeds from a previous sale, and usually with an opinion about price formed somewhere more expensive. It is the fastest-acting kind of demand there is.</p>
<h2>Where the growth actually goes</h2>
<p>Three places, and they are governed differently:</p>
<ol>
<li><strong>Inside Boerne city limits</strong> — city utilities, city ordinances, city tax rate, platting through the City of Boerne.</li>
<li><strong>Boerne's extraterritorial jurisdiction (ETJ)</strong> — unincorporated, but the city retains regulatory authority over subdivision platting under Texas Local Government Code Chapter 42, and some city ordinances explicitly reach the ETJ.</li>
<li><strong>Unincorporated Kendall County outside the ETJ</strong> — no city tax rate, no city services, well and septic, and a much narrower set of local rules.</li>
</ol>
<p>A buyer comparing two listings five miles apart can be comparing two different regulatory worlds. Confirm which one a specific address sits in with the <strong>City of Boerne Planning Department</strong> before assuming anything about utilities, permitting or what can be built next door.</p>
<h2>What growth is pressing against</h2>
<p><strong>Schools.</strong> Boerne ISD has held an <strong>&quot;A&quot; rating from the Texas Education Agency for six consecutive years</strong> (<a href=""https://www.boernestar.com/article/11432,boerne-isd-six-straight-years-of-a-ratings"">Boerne Star</a>). Sustaining that through enrollment growth is a capacity and staffing problem, and it is why the district's rate carries a debt component — <strong>1.0109 total for 2025, of which 0.3140 is debt service</strong> (<a href=""https://www.co.kendall.tx.us/295/Boerne-ISD"">Kendall County</a>). School bonds are how fast-growing districts build classrooms, and they land on the tax bill.</p>
<p><strong>Water.</strong> The city draws from three sources: <strong>Canyon Lake surface water through the Guadalupe-Blanco River Authority, Boerne City Lake, and local Trinity Group aquifer wells</strong> (<a href=""https://www.ci.boerne.tx.us/FAQ.aspx?QID=315"">City of Boerne</a>). Groundwater is regulated countywide by the <strong>Cow Creek Groundwater Conservation District</strong> (<a href=""https://ccgcd.org/"">ccgcd.org</a>). More rooftops on a fixed aquifer is the constraint that shapes how much of this growth can continue and where.</p>
<p><strong>Roads.</strong> I-10 is the single artery. Everything that grows here commutes on it.</p>
<h2>Context: the neighbors are growing too</h2>
<p>Boerne is not growing in isolation. <strong>Fair Oaks Ranch</strong> incorporated in <strong>1988</strong> and had a <strong>2020 census population of 9,833</strong>, with city limits spanning <strong>Bexar, Comal and Kendall counties</strong> (<a href=""https://en.wikipedia.org/wiki/Fair_Oaks_Ranch,_Texas"">Wikipedia, Fair Oaks Ranch</a>). <strong>Bulverde</strong>, in <strong>Comal County</strong>, incorporated in <strong>1999</strong> and counted <strong>5,692</strong> in 2020 (<a href=""https://en.wikipedia.org/wiki/Bulverde,_Texas"">Wikipedia, Bulverde</a>). The whole northwest arc out of San Antonio is absorbing the same in-migration; Boerne is simply the largest and oldest town in it.</p>
<h2>What this means if you are buying</h2>
<p>Three practical consequences:</p>
<ul>
<li><strong>Inventory turns over faster than a small-town reputation suggests.</strong> A well-priced house in a good attendance zone does not sit.</li>
<li><strong>New construction competes with resale.</strong> In a growth market the builder down the road is a comparable sale, and builder incentives move the resale ceiling.</li>
<li><strong>Today's edge-of-town lot is tomorrow's interior lot.</strong> That is good for value and bad for the view. Ask what is zoned, platted or filed for development on the adjacent tracts — the Planning Department, not the seller, is the source for that.</li>
</ul>
<h2>Related questions</h2>
<ul>
<li><a href=""/answers/is-boerne-texas-a-good-place-to-live"">Is Boerne, Texas a good place to live?</a></li>
<li><a href=""/answers/why-are-homes-in-boerne-so-expensive"">Why are homes in Boerne, Texas so expensive?</a></li>
<li><a href=""/answers/does-boerne-have-enough-water"">Does Boerne have enough water?</a></li>
<li><a href=""/answers/are-boerne-isd-schools-good"">Are Boerne ISD schools good?</a></li>
<li><a href=""/answers/boerne-vs-fair-oaks-ranch-vs-bulverde"">Boerne vs. Fair Oaks Ranch vs. Bulverde: which should I buy in?</a></li>
</ul>
<h2>Questions about a specific property?</h2>
<p>Call or text <strong><a href=""tel:+1-830-446-3847"">830-446-3847</a></strong> · Email <strong><a href=""mailto:heath.shepard@kw.com"">heath.shepard@kw.com</a></strong></p>
<hr>
<p><em>Population figures after the 2020 census are estimates, not counts, and are current as of September 2026. For platting, zoning and ETJ questions about a specific address, contact the City of Boerne Planning Department.</em></p>","","2026-09-17","real-estate-market","https://www.theheathshepardrealestateteam.com/boerne/real-estate-market","is-boerne-texas-a-good-place-to-live,why-are-homes-in-boerne-so-expensive,does-boerne-have-enough-water,are-boerne-isd-schools-good,boerne-vs-fair-oaks-ranch-vs-bulverde","https://communityimpact.com/san-antonio/boerne-fair-oaks-ranch/government/2026/03/30/kendall-county-population-increases-by-203-from-2020-2025/
https://worldpopulationreview.com/us-cities/texas/boerne
https://www.city-data.com/city/Boerne-Texas.html
https://ccgcd.org/
https://www.ci.boerne.tx.us/FAQ.aspx?QID=315
https://www.boernestar.com/article/11432,boerne-isd-six-straight-years-of-a-ratings
https://www.co.kendall.tx.us/295/Boerne-ISD
https://en.wikipedia.org/wiki/Fair_Oaks_Ranch,_Texas
https://en.wikipedia.org/wiki/Bulverde,_Texas","draft"
"Is Texas Hill Country land a good investment?","is-hill-country-land-a-good-investment","Is Texas Hill Country land a good investment?","Ag valuation under 1-d-1, the three-year rollback under Tax Code 23.55, Cow Creek groundwater rules and legal access decide a Hill Country tract.","Hill Country land is not a passive investment. The numbers that decide it are specific to the tract: whether it carries 1-d-1 open-space ag valuation, what a change of use would trigger in rollback taxes for the prior three years, legal access and easements, groundwater availability under Cow Creek GCD rules, and septic feasibility.","<p>Land is sold on scenery and bought on diligence. A tract with a view and a low price per acre can carry a tax status that collapses the year you change what you do with it, a well that will not produce, an access easement that is not recorded, and no realistic path to a septic permit. None of that shows up in the listing. All of it shows up in the closing file or the year after.</p>
<h2>Ag valuation is the biggest single line item, and it is conditional</h2>
<p>Most rural Texas tracts are taxed not on market value but on <strong>productivity value</strong> under <strong>1-d-1 open-space appraisal</strong>. That is a large reduction, and it is the reason a 40-acre tract can carry a smaller tax bill than a house in town.</p>
<p>It is also conditional. Under the <a href=""https://comptroller.texas.gov/taxes/property-tax/ag-timber/index.php"">Texas Comptroller's ag and timber rules</a>, 1-d-1 open-space appraisal requires:</p>
<ul>
<li><strong>current principal agricultural use</strong> of the land;</li>
<li>use to the <strong>degree of intensity generally accepted in the area</strong> — a local standard the appraisal district applies, not a number you choose; and</li>
<li><strong>agricultural or timber production in 5 of the preceding 7 years</strong>.</li>
</ul>
<p>&quot;Degree of intensity generally accepted in the area&quot; is the phrase to underline. It means a few animals on a large tract may not qualify. What counts is set locally, and in Kendall County the people who decide it are at <strong><a href=""https://kendallad.org/adopted-tax-rates-and-exemptions/"">Kendall Appraisal District</a></strong> — not Bexar CAD, because Boerne and Kendall County are not in Bexar County or the City of San Antonio.</p>
<p><strong>Wildlife management use</strong> is the alternative that suits buyers who are not going to run cattle. The land must have been <strong>previously qualified</strong> as open-space or timber land, and it must be used in <strong>at least 3 of 7</strong> specified ways to propagate a sustaining breeding, migrating or wintering population of indigenous wild animals. The word &quot;previously qualified&quot; is the gate: wildlife management is a conversion of an existing ag valuation, not a fresh start on land that never had one.</p>
<p>Before writing an offer, ask the appraisal district what the tract currently carries, what the qualifying use is, and what it would take to keep it.</p>
<h2>The rollback tax is the thing that surprises buyers</h2>
<p>Take ag-valued land out of ag use and the appraisal district assesses an <strong>additional tax</strong> — the rollback. Under <strong>Texas Tax Code §23.55</strong>, it equals &quot;the difference between the taxes imposed on the land for each of the <strong>three years preceding</strong> the year in which the change of use occurs&quot; (<a href=""https://codes.findlaw.com/tx/tax-code/tax-sect-23-55/"">Texas Tax Code §23.55</a>) — the gap between what was paid on productivity value and what would have been paid on market value.</p>
<p>Two corrections worth making, because both circulate widely.</p>
<p><strong>First: the buyer who changes the use inherits the bill.</strong> The rollback is triggered by the change of use, not by the sale. A buyer who closes on an ag-valued tract, stops running livestock, and puts up a house is the one holding the assessment, for tax years in which the seller owned the land and got the benefit. Nobody is required to warn you.</p>
<p><strong>Second: there is no separate statutory rollback interest rate.</strong> A great many land-buying articles publish a 5% or 7% &quot;rollback interest&quot; figure. §23.55 does not impose one. It provides only that the additional taxes incur &quot;penalties and interest as provided by law for ad valorem taxes imposed by the taxing unit&quot; if they are not paid by the delinquency deadline. That is ordinary delinquency interest on an unpaid bill, not a rollback surcharge. Treat any page quoting a specific rollback interest percentage as unsourced.</p>
<p>What the rollback actually costs on a given tract is arithmetic on that tract's own three-year history and the rates of every entity that taxes it. Kendall County parcels sit under a stack that can include Boerne ISD or Comfort ISD, the City of Boerne, Kendall County, Kendall County MUD, Miralomas MUD, the Cow Creek Groundwater Conservation District, and Kendall County WCID #1 (<a href=""https://kendallad.org/adopted-tax-rates-and-exemptions/"">Kendall AD</a>; <a href=""https://www.kendallcountytx.gov/184/Tax-Rate-Information"">Kendall County tax rate information</a>). Get the number from the appraisal district before you commit, and take the consequences to a CPA.</p>
<h2>Water is a permitting question, not a plumbing question</h2>
<p>Groundwater in Kendall County is regulated by the <strong><a href=""https://ccgcd.org/"">Cow Creek Groundwater Conservation District</a></strong>, which sets drought stages using data from roughly 42 monitor wells, stream gauges on Cibolo Creek and the Guadalupe River, and more than 100 rain gauge sites. Cow Creek is also a taxing entity on Kendall County bills.</p>
<p>Drought stages move, and stage rules can restrict permitted pumping. Do not take a stage from any article, including this one. Check the district for the current stage and for what it means for a new or existing well on the tract.</p>
<p>The questions to ask before buying land you intend to build on:</p>
<ul>
<li>Is there an existing well, and what does it actually produce today — not what the seller remembers it producing?</li>
<li>What does Cow Creek require to permit a new well on this tract, and are there spacing or production conditions?</li>
<li>Do the water rights convey? TREC publishes a <strong>Seller's Disclosure about Groundwater and Surface Water Rights, form 61-0, effective 07/01/2026</strong> (<a href=""https://www.trec.texas.gov/agency-information/contracts"">TREC</a>), which exists precisely because buyers assume water rights follow the dirt.</li>
</ul>
<p>A tract with no viable water is not cheap land. It is a different asset.</p>
<h2>Access, easements and the rest of the diligence list</h2>
<p>Each of these is a separate item with a separate professional attached, and each one has sunk a Hill Country land deal:</p>
<ul>
<li><strong>Legal access.</strong> Does the tract have recorded, deeded access to a public road, or does the driveway cross a neighbor's land on a handshake? An easement that is not recorded is not access. This is a title and survey question and a <strong>Texas real estate attorney</strong> question.</li>
<li><strong>Survey.</strong> Acreage, boundaries, encroachments, the location of easements and any floodplain line. On raw land this is not optional.</li>
<li><strong>Utilities.</strong> Distance to the nearest electric service and the cost to extend it. That number can be large and it is quoted by the utility, not estimated by anyone else.</li>
<li><strong>Septic feasibility.</strong> Hill Country soil over limestone is thin. Whether a conventional system will perc, or whether the tract needs an engineered aerobic system, changes the build budget materially. That is a soil evaluation, done before closing, not after.</li>
<li><strong>Minerals.</strong> Texas allows severed mineral estates, and a prior owner may have reserved them. TREC has an <strong>Addendum for Reservation of Oil, Gas, and Other Minerals, form 44-3, effective 02/01/2023</strong>.</li>
<li><strong>Deed restrictions and any POA.</strong> Private restrictions can control building size, materials, livestock, subdivision and short-term rental use, and they are enforceable regardless of what zoning says.</li>
<li><strong>Which contract form applies.</strong> Vacant land generally uses the <strong>Unimproved Property Contract, TREC form 9-18, effective 07/01/2026</strong>; a tract with a home and acreage generally uses the <strong>Farm and Ranch Contract, form 25-17, effective 07/01/2026</strong> (<a href=""https://www.trec.texas.gov/agency-information/contracts"">TREC</a>).</li>
</ul>
<h2>Financing raw land is its own product</h2>
<p>Raw land does not finance like a house. Terms, down payment and amortization are different, and the lenders who do it are often not the lenders who do residential mortgages. A buyer planning to build should get the land loan and the construction financing structured together with a <strong>lender</strong> before writing an offer, not after. Nothing about raw land financing should be assumed from residential experience.</p>
<h2>The demand side, stated honestly</h2>
<p><strong>Kendall County grew 20.3% between 2020 and 2025</strong>, from an estimated 44,568 to 53,289, driven mostly by domestic migration (<a href=""https://communityimpact.com/san-antonio/boerne-fair-oaks-ranch/government/2026/03/30/kendall-county-population-increases-by-203-from-2020-2025/"">Community Impact</a>).</p>
<p>That is a real, sourced population trend, and it is the strongest available argument that demand for land here is not hypothetical. It is not a forecast, and it is not a return.</p>
<p><strong>This page does not publish land prices per acre, appreciation rates or absorption figures.</strong> Those vary enormously by location, access, water, topography and tract size, they move constantly, and a number pulled off a blog is worse than no number. Ask for current comparable land sales, dated, for the specific area and tract size you are considering.</p>
<h2>The honest summary</h2>
<p>Hill Country land can be a good investment. It is never an easy one. The tracts that work are the ones where a buyer priced the ag status, the rollback exposure, the water, the access and the septic before closing instead of discovering them afterward. The tracts that go wrong almost always go wrong on one of those five.</p>
<h2>Who answers which question</h2>
<ul>
<li><strong>Kendall Appraisal District</strong> — current ag valuation status, qualifying use, degree of intensity, and what a rollback would be on this tract.</li>
<li><strong>A CPA or tax advisor</strong> — the tax consequences of a change of use, and how the rollback lands on your return.</li>
<li><strong>A Texas real estate attorney</strong> — access, easements, deed restrictions, severed minerals, title defects.</li>
<li><strong>Cow Creek Groundwater Conservation District</strong> — well permitting and current drought stage.</li>
<li><strong>A surveyor, a licensed inspector and a septic professional</strong> — boundaries, improvements and system feasibility.</li>
<li><strong>A lender</strong> — land loan structure and construction financing.</li>
</ul>
<h2>Related questions</h2>
<ul>
<li><a href=""/answers/what-is-an-ag-exemption-in-texas-and-what-are-rollback-taxes"">What is an ag exemption in Texas, and what are rollback taxes?</a></li>
<li><a href=""/answers/what-should-i-know-about-septic-and-wells-in-the-hill-country"">What should I know about septic and wells in the Hill Country?</a></li>
<li><a href=""/answers/does-boerne-have-enough-water"">Does Boerne have enough water?</a></li>
<li><a href=""/answers/is-boerne-texas-growing"">Is Boerne, Texas growing?</a></li>
<li><a href=""/answers/is-boerne-a-good-real-estate-investment"">Is Boerne a good real estate investment?</a></li>
</ul>
<h2>Questions about a specific property?</h2>
<p>Call or text <strong><a href=""tel:+1-830-446-3847"">830-446-3847</a></strong> · Email <strong><a href=""mailto:heath.shepard@kw.com"">heath.shepard@kw.com</a></strong></p>
<hr>
<p><em>This page explains how Texas ag valuation, rollback tax and land diligence work. It is not legal or tax advice. Confirm valuation and rollback exposure with Kendall Appraisal District, tax consequences with a CPA, and access, easements and mineral rights with a Texas real estate attorney.</em></p>","","2026-09-17","land-and-acreage","https://www.theheathshepardrealestateteam.com/boerne/land-and-acreage","what-is-an-ag-exemption-in-texas-and-what-are-rollback-taxes,what-should-i-know-about-septic-and-wells-in-the-hill-country,does-boerne-have-enough-water,is-boerne-texas-growing,is-boerne-a-good-real-estate-investment","https://comptroller.texas.gov/taxes/property-tax/ag-timber/index.php
https://codes.findlaw.com/tx/tax-code/tax-sect-23-55/
https://kendallad.org/adopted-tax-rates-and-exemptions/
https://www.kendallcountytx.gov/184/Tax-Rate-Information
https://ccgcd.org/
https://communityimpact.com/san-antonio/boerne-fair-oaks-ranch/government/2026/03/30/kendall-county-population-increases-by-203-from-2020-2025/
https://www.trec.texas.gov/agency-information/contracts","draft"
"Is the option fee refundable in Texas?","is-the-option-fee-refundable-in-texas","Is the option fee refundable in Texas?","Is the Texas option fee refundable? No — but it is credited to the sales price at closing. Here is the difference between the option fee and earnest money.","No. The option fee is not refundable. If the buyer terminates during the option period, the seller keeps it — that is what the fee bought. If the sale closes, the fee is credited to the sales price, so the buyer effectively gets it back at the closing table. Earnest money is the refundable deposit.","<h2>Why it is not refundable</h2>
<p>The option fee is consideration for a right, not a deposit. The buyer is purchasing an <strong>unrestricted right to terminate</strong> the contract during the option period, for any reason or no reason at all. The seller sells that right and gets paid for it.</p>
<p>The contract says so in terms. Paragraph 5B of TREC form 20-19 provides that if the buyer gives notice of termination within the time prescribed, &quot;(i) <strong>the option fee will not be refunded</strong> and Escrow Agent shall release any option fee remaining with Escrow Agent to Seller; and (ii) <strong>any earnest money will be refunded to Buyer</strong>&quot; (<a href=""https://www.trec.texas.gov/sites/default/files/pdf-forms/20-19_4.pdf"">TREC form 20-19, ¶5B</a>).</p>
<p>That single sentence is the whole answer. The fee goes to the seller. The earnest money comes back.</p>
<p>Refunding the fee would mean the buyer got the right for free. That is not the bargain, and it is not how the contract is written. The seller earns the fee by taking the property off the market and accepting that the buyer can walk with no justification required. Whether the buyer uses the right or not, the seller provided it.</p>
<h2>The question most people are actually asking</h2>
<p>Almost nobody asks &quot;is the option fee refundable&quot; because they want a vocabulary lesson. They are asking one of two things.</p>
<p><strong>&quot;If I back out, do I lose money?&quot;</strong> Yes — you lose the option fee. Your earnest money comes back to you, assuming you terminated properly and on time.</p>
<p><strong>&quot;If I buy the house, did I pay that for nothing?&quot;</strong> No. Paragraph 5A(4) of the contract: &quot;<strong>The option fee will be credited to the Sales Price at closing</strong>&quot; (<a href=""https://www.trec.texas.gov/sites/default/files/pdf-forms/20-19_4.pdf"">TREC form 20-19, ¶5A(4)</a>). It shows on the buyer's side of the settlement statement as a credit and reduces the cash needed at the table by that amount. You do not pay it twice.</p>
<p>So &quot;not refundable&quot; and &quot;you get it back&quot; are both true, in different scenarios. Non-refundable on termination. Credited on closing.</p>
<h2>Option fee versus earnest money</h2>
<p>These are two different amounts with two different jobs, and they behave nothing alike.</p>
<table>
<thead>
<tr>
<th></th>
<th>Option fee</th>
<th>Earnest money</th>
</tr>
</thead>
<tbody>
<tr>
<td>What it is</td>
<td>Payment for the right to terminate</td>
<td>Good-faith deposit toward the purchase</td>
</tr>
<tr>
<td>Whose money once delivered</td>
<td>The seller's</td>
<td>Still the buyer's, held in escrow</td>
</tr>
<tr>
<td>Refundable on option-period termination</td>
<td>No</td>
<td>Yes</td>
</tr>
<tr>
<td>At closing</td>
<td>Credited to the sales price</td>
<td>Credited to the buyer</td>
</tr>
<tr>
<td>Can be released early</td>
<td>Yes — escrow may pay it to the seller before closing without the buyer's consent</td>
<td>No — requires mutual agreement or a court order</td>
</tr>
</tbody>
</table>
<p>That last row is the one that surprises people, and the buyer signed up for it. Paragraph 5A(4): &quot;Buyer authorizes Escrow Agent to release and deliver the option fee to Seller <strong>at any time without further notice to or consent from Buyer</strong>, and releases Escrow Agent from liability for delivery of the option fee to Seller&quot; (<a href=""https://www.trec.texas.gov/sites/default/files/pdf-forms/20-19_4.pdf"">TREC form 20-19, ¶5A(4)</a>). Earnest money cannot move that way. It sits in escrow until both sides sign a release or a court orders it.</p>
<h2>Is there any situation where the fee comes back?</h2>
<p>Not through the option mechanism. The fee is non-refundable by design, and there is no statutory right to claw it back.</p>
<p>Two things get confused with a refund:</p>
<p><strong>The credit at closing.</strong> Covered above. That is not a refund, it is a credit against the price.</p>
<p><strong>A negotiated return.</strong> Buyer and seller can agree to anything they both sign. If a seller wants to return the option fee as part of settling a dispute, or as a concession in a re-negotiation, nothing prevents it. That is a deal term the parties write, not a right the buyer has. A Texas real estate attorney is the right person to look at any agreement that moves money after a termination.</p>
<h2>The failure that actually costs buyers money</h2>
<p>The bigger risk is not losing the option fee. It is losing the <em>right</em> the option fee paid for.</p>
<p>Paragraph 5D spells out both ways that happens:</p>
<blockquote>
<p>&quot;If <strong>no dollar amount is stated</strong> as the option fee or if Buyer fails to deliver the option fee within the time required, <strong>Buyer shall not have the unrestricted right to terminate</strong> this contract under this paragraph 5.&quot;</p>
</blockquote>
<p>(<a href=""https://www.trec.texas.gov/sites/default/files/pdf-forms/20-19_4.pdf"">TREC form 20-19, ¶5D</a>)</p>
<p><strong>Late delivery.</strong> Paragraph 5A requires the fee to reach the escrow agent within 3 days after the effective date. Paragraph 5A(2) extends that only if the last day is a Saturday, Sunday or Legal Holiday, as defined by Texas Government Code Sections 662.003(a) and 662.003(b)(4) and (6). Paragraph 5E: &quot;<strong>Time is of the essence</strong> for this paragraph and strict compliance with the time for performance is required.&quot;</p>
<p><strong>A blank option fee.</strong> This one has nothing to do with timing. A contract with an option period filled in and the option fee dollar blank left empty gives the buyer no unrestricted right to terminate at all. Nobody misses a deadline; the right simply never existed. Read your own executed ¶5A and confirm there is a dollar figure in it.</p>
<p>Either way the buyer is in a contract they cannot freely exit, with earnest money exposed.</p>
<p>The combined payment adds a third exposure. Paragraph 5A allows the option fee and earnest money to be paid separately or combined, and ¶5A(3) applies amounts received &quot;first to the option fee, then to the earnest money, and then to the additional earnest money.&quot; A combined payment that is short by any amount fully funds the option fee and leaves the earnest money underfunded — which is a buyer default, not a clerical issue.</p>
<h2>Terminating the right way</h2>
<p>Paragraph 5B requires notice of termination to the seller, and specifies that &quot;Notices under this paragraph must be given <strong>by 5:00 p.m. (local time where the Property is located)</strong> by the date specified&quot; (<a href=""https://www.trec.texas.gov/sites/default/files/pdf-forms/20-19_4.pdf"">TREC form 20-19, ¶5B</a>). TREC publishes a form for it: <strong>Notice of Buyer's Termination of Contract, form 38-8, effective 04/01/2025</strong> (<a href=""https://www.trec.texas.gov/agency-information/contracts"">TREC contract forms</a>).</p>
<p>Do that, and the seller keeps the option fee and the earnest money goes back to the buyer. Miss the 5:00 p.m. deadline and the buyer has paid for a right that expired unused.</p>
<h2>Related questions</h2>
<ul>
<li><a href=""/answers/how-does-the-option-fee-work-in-texas"">How does the option fee work in Texas?</a></li>
<li><a href=""/answers/what-is-the-option-period-in-texas"">What is the option period in a Texas real estate contract?</a></li>
<li><a href=""/answers/what-is-earnest-money-in-texas-and-is-it-refundable"">What is earnest money in Texas, and is it refundable?</a></li>
<li><a href=""/answers/how-do-i-terminate-a-contract-in-texas"">How do I terminate a real estate contract in Texas?</a></li>
</ul>
<h2>Questions about a specific property?</h2>
<p>Call or text <strong><a href=""tel:+1-830-446-3847"">830-446-3847</a></strong> · Email <strong><a href=""mailto:heath.shepard@kw.com"">heath.shepard@kw.com</a></strong></p>
<hr>
<p><em>This page explains how the Texas option fee is treated under the TREC contract. It is not legal advice. For how these terms apply to a specific contract, talk with a Texas real estate attorney.</em></p>","","2026-09-17","buying-a-home","https://www.theheathshepardrealestateteam.com/boerne/buying-a-home","how-does-the-option-fee-work-in-texas,what-is-the-option-period-in-texas,what-is-earnest-money-in-texas-and-is-it-refundable,how-do-i-terminate-a-contract-in-texas","https://www.trec.texas.gov/sites/default/files/pdf-forms/20-19_4.pdf
https://www.trec.texas.gov/article/changes-delivery-option-fee-0
https://trerc.tamu.edu/article/option-period-basics-2360/
https://www.trec.texas.gov/forms/one-four-family-residential-contract-resale
https://www.trec.texas.gov/agency-information/contracts","draft"
"What should I know about moving from Austin to Boerne?","moving-from-austin-to-boerne","What should I know about moving from Austin to Boerne?","Leaving Travis County means Kendall Appraisal District, Boerne ISD, a 1.8595 combined tax rate before exemptions, and a different water picture.","Boerne is in Kendall County, not Travis County: a different appraisal district (Kendall Appraisal District), a different school district (Boerne ISD), and a different water picture. It sits about 31 miles northwest of San Antonio on Interstate 10, a 30 to 45 minute drive downtown depending on traffic.","<h2>Everything administrative changes</h2>
<p>An Austin-to-Boerne move is not a move across town. It is a move into a different county, which means a different set of institutions handles everything you have gotten used to.</p>
<p><strong>Appraisal district.</strong> Boerne property is appraised by <strong><a href=""https://kendallad.org/adopted-tax-rates-and-exemptions/"">Kendall Appraisal District</a></strong>, not Travis CAD. That is where the homestead exemption is filed, where the appraisal notice comes from, and where a protest is heard. A homestead exemption does not follow you from a Travis County property. It is filed fresh, on the new address, with the new district.</p>
<p><strong>School district.</strong> Boerne is served by <strong>Boerne ISD</strong>, and part of the county is served by <strong>Comfort ISD</strong>. Neither is an Austin-area district and neither shares Austin-area boundaries, calendars or bond history.</p>
<p><strong>City.</strong> Boerne is the county seat of Kendall County. It is not in the City of San Antonio and not in Bexar County — San Antonio ordinances do not apply here, which matters if you are researching anything on a San Antonio city page and assuming it carries over. The City of Boerne is at 201 East San Antonio Avenue, Boerne, TX 78006, 830-249-9343. ZIP codes are 78006 and 78015.</p>
<h2>The tax bill is built differently, and you have to read the entity list</h2>
<p>A Kendall County property tax bill stacks every taxing entity whose boundary touches the parcel. The entities that appear on Kendall County bills include Boerne ISD, Comfort ISD, the City of Boerne, Kendall County, Kendall County MUD, Miralomas MUD, the Cow Creek Groundwater Conservation District, and Kendall County WCID #1 (<a href=""https://kendallad.org/adopted-tax-rates-and-exemptions/"">Kendall AD</a>).</p>
<p>For a home inside the Boerne city limits, in Boerne ISD, the 2025 stack was, per $100 of taxable value:</p>
<table>
<thead>
<tr>
<th>Entity</th>
<th>2025 rate</th>
</tr>
</thead>
<tbody>
<tr>
<td>Boerne ISD</td>
<td><strong>1.0109</strong> (M&amp;O 0.6969 + debt 0.3140, up from 0.9909 in 2024)</td>
</tr>
<tr>
<td>City of Boerne</td>
<td><strong>0.4716</strong> (unchanged from 2024)</td>
</tr>
<tr>
<td>Kendall County</td>
<td><strong>0.377</strong> (M&amp;O 0.317976 + debt 0.059024)</td>
</tr>
<tr>
<td><strong>Combined</strong></td>
<td><strong>1.8595</strong></td>
</tr>
</tbody>
</table>
<p>Sources: <a href=""https://www.co.kendall.tx.us/295/Boerne-ISD"">Boerne ISD rates</a>, <a href=""https://www.kendallcountytx.gov/297/Boerne-City-of"">City of Boerne rates</a>, <a href=""https://www.co.kendall.tx.us/306/Kendall-County"">Kendall County rates</a>.</p>
<p>That combined figure is <strong>before any special district on the parcel and before exemptions</strong>. Part of the county is in <strong>Comfort ISD</strong>, whose 2025 rate was <strong>0.9328</strong> (<a href=""https://www.kendallcountytx.gov/300/Kendall-County"">Kendall County</a>). Kendall County's <strong>2026 adopted rate is 0.373</strong>, continuing a downward drift from 0.3827 in 2024 and 0.412700 in 2021 — which does not mean a falling bill, because values are reappraised annually.</p>
<p>Rates change each fall. Pull the current set from <a href=""https://www.kendallcountytx.gov/184/Tax-Rate-Information"">Kendall County Tax Rate Information</a> before you build a payment estimate on them, and pull the entity list for your specific parcel from <a href=""https://kendallad.org/adopted-tax-rates-and-exemptions/"">Kendall AD</a>.</p>
<p>The line worth checking on any specific address is the MUD or WCID line. A newer subdivision can carry a district rate that an older in-town property does not, and it will not show up in a generic &quot;Boerne tax rate&quot; number.</p>
<h2>Schools</h2>
<p><strong>Boerne ISD earned an &quot;A&quot; rating from the Texas Education Agency for six consecutive years</strong>, including the 2024 and 2025 rating years, and scored <strong>92 points</strong> in the 2024-2025 ratings with <strong>20 distinction designations</strong> (<a href=""https://www.boernestar.com/article/11432,boerne-isd-six-straight-years-of-a-ratings"">Boerne Star</a>; <a href=""https://tea.texas.gov/texas-schools/accountability/academic-accountability/performance-reporting/2025-accountability-rating-system"">TEA</a>).</p>
<p>Not every campus rated A. The Boerne Star reported that Viola Wilson, Currington, Herff and Kendall elementaries received lower grades. A parent moving from an Austin-area district should look at the specific campus that serves the specific address rather than the district-level letter, because attendance zones in a growing district move.</p>
<h2>The orientation flips toward San Antonio</h2>
<p>Boerne runs on <strong>Interstate 10</strong> and faces San Antonio, roughly <strong>31 miles southeast</strong>, a <strong>30 to 45 minute</strong> drive to downtown San Antonio depending on traffic (<a href=""https://www.city-data.com/city/Boerne-Texas.html"">city-data</a>).</p>
<p>That is the practical reorientation of the move. Medical centers, the airport, professional services and most big-ticket shopping are a San Antonio trip, not an Austin trip. Anyone who needs to be in Austin regularly should drive the route at the hour they would actually drive it, on a weekday, before committing — that is a real number you should measure yourself rather than take from any page.</p>
<h2>Water is the structural difference, and it deserves an hour of your time</h2>
<p>This is the part Austin transplants underestimate.</p>
<p>Boerne's drinking water comes from three sources: <strong>Canyon Lake surface water purchased through the Guadalupe-Blanco River Authority</strong>, <strong>Boerne City Lake</strong>, and <strong>local wells in the Trinity Group aquifers</strong> (<a href=""https://www.ci.boerne.tx.us/FAQ.aspx?QID=315"">City of Boerne</a>). That is a genuinely different supply structure from a large municipal system, and it is diversified precisely because no single source is abundant.</p>
<p>Groundwater in Kendall County is regulated by the <strong><a href=""https://ccgcd.org/"">Cow Creek Groundwater Conservation District</a></strong>, which sets drought stages using data from roughly 42 monitor wells, stream gauges on Cibolo Creek and the Guadalupe River, and more than 100 rain gauge sites. Cow Creek is also a taxing entity on Kendall County bills.</p>
<p>Drought stages move. Do not take a stage from any article, including this one — check <a href=""https://ccgcd.org/"">ccgcd.org</a> for the current stage and the restrictions attached to it before you plan a lawn, a pool or livestock.</p>
<p>Two address-specific questions follow from this and both belong in the option period:</p>
<ol>
<li><strong>Is this property on city water or on a well?</strong> Outside the city limits, many are on wells, and a well is a private water system you own and maintain.</li>
<li><strong>Is it on sewer or on septic?</strong> Outside the city, septic is common. Septic condition, capacity and permitting are inspection items, and a failing system is expensive.</li>
</ol>
<h2>The county is growing fast</h2>
<p><strong>Kendall County grew 20.3% between 2020 and 2025</strong>, from an estimated 44,568 to 53,289, driven mostly by domestic migration (<a href=""https://communityimpact.com/san-antonio/boerne-fair-oaks-ranch/government/2026/03/30/kendall-county-population-increases-by-203-from-2020-2025/"">Community Impact</a>).</p>
<p>Growth is why the water conversation is live, why school attendance zones move, and why annual reappraisal shows up as a real number on year-two tax bills.</p>
<h2>What this page deliberately does not tell you</h2>
<p>It does not compare median home prices between Austin and Boerne. Those figures vary widely by source, by ZIP code and by month, and a stale one is worse than none. Ask for current MLS numbers for the specific neighborhoods you are considering, dated, from an agent who can pull them.</p>
<h2>Who answers which question</h2>
<ul>
<li><strong>Kendall Appraisal District</strong> — homestead exemption, appraised value, protest, which districts a parcel sits in.</li>
<li><strong>City of Boerne Planning Department</strong> — zoning, permits, ETJ status, short-term rental rules.</li>
<li><strong>Cow Creek Groundwater Conservation District</strong> — well permitting and current drought stage.</li>
<li><strong>A licensed inspector and a septic specialist</strong> — well and septic condition on a specific property.</li>
<li><strong>A CPA</strong> — what the move does to your tax picture overall.</li>
</ul>
<h2>Related questions</h2>
<ul>
<li><a href=""/answers/is-boerne-texas-a-good-place-to-live"">Is Boerne, Texas a good place to live?</a></li>
<li><a href=""/answers/are-boerne-isd-schools-good"">Are Boerne ISD schools good?</a></li>
<li><a href=""/answers/does-boerne-have-enough-water"">Does Boerne have enough water?</a></li>
<li><a href=""/answers/how-far-is-boerne-from-san-antonio"">How far is Boerne from San Antonio?</a></li>
<li><a href=""/answers/what-are-property-taxes-like-in-boerne"">What are property taxes like in Boerne?</a></li>
</ul>
<h2>Questions about a specific property?</h2>
<p>Call or text <strong><a href=""tel:+1-830-446-3847"">830-446-3847</a></strong> · Email <strong><a href=""mailto:heath.shepard@kw.com"">heath.shepard@kw.com</a></strong></p>
<hr>
<p><em>This page describes how Boerne and Kendall County are organized. It is not legal or tax advice. Confirm exemptions and valuations with Kendall Appraisal District, zoning and permits with the City of Boerne Planning Department, and groundwater rules with the Cow Creek Groundwater Conservation District.</em></p>","","2026-09-17","relocation","https://www.theheathshepardrealestateteam.com/boerne/relocation","is-boerne-texas-a-good-place-to-live,are-boerne-isd-schools-good,does-boerne-have-enough-water,how-far-is-boerne-from-san-antonio,what-are-property-taxes-like-in-boerne","https://www.city-data.com/city/Boerne-Texas.html
https://kendallad.org/adopted-tax-rates-and-exemptions/
https://www.co.kendall.tx.us/295/Boerne-ISD
https://www.co.kendall.tx.us/306/Kendall-County
https://www.kendallcountytx.gov/300/Kendall-County
https://www.kendallcountytx.gov/297/Boerne-City-of
https://www.kendallcountytx.gov/184/Tax-Rate-Information
https://www.boernestar.com/article/11432,boerne-isd-six-straight-years-of-a-ratings
https://tea.texas.gov/texas-schools/accountability/academic-accountability/performance-reporting/2025-accountability-rating-system
https://www.ci.boerne.tx.us/FAQ.aspx?QID=315
https://ccgcd.org/
https://communityimpact.com/san-antonio/boerne-fair-oaks-ranch/government/2026/03/30/kendall-county-population-increases-by-203-from-2020-2025/","draft"
"What should I know about moving from California to the Texas Hill Country?","moving-from-california-to-the-texas-hill-country","What should I know about moving from California to the Texas Hill Country?","Moving from California to the Texas Hill Country: the real tax trade, the Boerne and Kendall County entities on a tax bill, and the January 1 homestead rule.","Texas has no state individual income tax, and it funds local government largely through property tax instead. Texas property is reappraised at market value every year, unlike California under Proposition 13. In Boerne, Boerne ISD's 2025 rate was 1.0109 and the City of Boerne's was 0.4716 per $100 of taxable value.","<h2>The trade you are actually making</h2>
<p>California buyers arrive knowing about the income tax. They usually do not arrive knowing that the property tax side works on a completely different principle.</p>
<p>In California, Proposition 13 limits how much a property's assessed value can be reassessed while the same owner holds it. A long-time owner can be paying tax on a number that has very little to do with what the house would sell for today.</p>
<p>Texas does the opposite. Texas appraisal districts value property at <strong>market value, reappraised annually</strong>. Once a homestead exemption is in place there is a <strong>10% per-year cap</strong> on the increase in net appraised value (<a href=""https://comptroller.texas.gov/taxes/property-tax/exemptions/"">Texas Comptroller</a>), but that cap limits the speed of the climb, not the destination. Over time, a Texas tax bill tracks the market. A California tax bill, under Prop 13, tracks the purchase.</p>
<p>That is the structural difference, and it is the one that changes a monthly payment five years from now.</p>
<p>Do not let anyone hand you a single &quot;effective rate&quot; comparison between the two states. The honest way to do this is to price your specific Texas address against your specific California situation with a CPA, using the actual rates on the actual parcel.</p>
<h2>Kendall County bills stack several entities</h2>
<p>Boerne is the county seat of <strong>Kendall County</strong>. It is not in the City of San Antonio and not in Bexar County, and San Antonio ordinances do not apply here. Your appraisal district is <strong><a href=""https://kendallad.org/adopted-tax-rates-and-exemptions/"">Kendall Appraisal District</a></strong>, not Bexar CAD.</p>
<p>A Texas property tax bill is not one rate. It is the sum of every taxing entity whose boundary covers the parcel. In Kendall County the entities that appear on bills include Boerne ISD, Comfort ISD, the City of Boerne, Kendall County, Kendall County MUD, Miralomas MUD, the Cow Creek Groundwater Conservation District, and Kendall County WCID #1 (<a href=""https://kendallad.org/adopted-tax-rates-and-exemptions/"">Kendall AD</a>).</p>
<p>For a home inside the Boerne city limits, in Boerne ISD, the 2025 stack looked like this, per $100 of taxable value:</p>
<table>
<thead>
<tr>
<th>Entity</th>
<th>2025 rate</th>
</tr>
</thead>
<tbody>
<tr>
<td>Boerne ISD</td>
<td><strong>1.0109</strong> (M&amp;O 0.6969 + debt 0.3140)</td>
</tr>
<tr>
<td>City of Boerne</td>
<td><strong>0.4716</strong></td>
</tr>
<tr>
<td>Kendall County</td>
<td><strong>0.377</strong> (M&amp;O 0.317976 + debt 0.059024)</td>
</tr>
<tr>
<td><strong>Combined</strong></td>
<td><strong>1.8595</strong></td>
</tr>
</tbody>
</table>
<p>Sources: <a href=""https://www.co.kendall.tx.us/295/Boerne-ISD"">Boerne ISD rates</a>, <a href=""https://www.kendallcountytx.gov/297/Boerne-City-of"">City of Boerne rates</a>, <a href=""https://www.co.kendall.tx.us/306/Kendall-County"">Kendall County rates</a>.</p>
<p>That combined 1.8595 is <strong>before any special district on the parcel and before any exemption</strong>, and it is not a universal Boerne number. Part of the county is in <strong>Comfort ISD</strong>, whose 2025 rate was <strong>0.9328</strong> (<a href=""https://www.kendallcountytx.gov/300/Kendall-County"">Kendall County</a>). An address in unincorporated Kendall County does not pay the city rate at all — but it also does not get city services, and it may sit inside a MUD or WCID that adds a line the table above does not show.</p>
<p>The school district is the largest single line on most bills, which is why the school exemption below matters so much.</p>
<p>Rates move every fall with each entity's budget. Boerne ISD was 0.9909 in 2024 and 1.1786 in 2022. The City of Boerne was 0.4766 in 2023. Kendall County has drifted down — 0.3827 in 2024 and 2023, 0.38770 in 2022, 0.412700 in 2021 — and its <strong>2026 adopted rate is 0.373</strong>. A falling rate does not mean a falling bill, because the other half of the equation is the annually reappraised value.</p>
<p>Pull the current set, and the entity list for your specific parcel, from <a href=""https://www.kendallcountytx.gov/184/Tax-Rate-Information"">Kendall County Tax Rate Information</a> or <a href=""https://kendallad.org/adopted-tax-rates-and-exemptions/"">Kendall AD's adopted rates page</a> rather than trusting a number in any article, including this one, as current. MUDs, the WCID and Cow Creek GCD vary parcel by parcel.</p>
<h2>The offsets that bring the number down</h2>
<p>Texas gives most of the relief back through homestead exemptions, and they are meaningful.</p>
<ul>
<li><strong>School district residence homestead exemption: $140,000.</strong> Raised from $100,000 by <strong>Proposition 13</strong>, approved by Texas voters in <strong>November 2025</strong> and implemented by <strong>SB 4, 89th Legislature</strong>, effective for tax year 2026 (<a href=""https://comptroller.texas.gov/taxes/property-tax/exemptions/"">Texas Comptroller</a>). Yes — Texas's Proposition 13 and California's Proposition 13 are entirely unrelated measures that happen to share a number. Texas's raises an exemption. California's limits reassessment.</li>
<li><strong>Local option exemption:</strong> taxing units may offer up to <strong>20%</strong> of appraised value, with a $5,000 minimum.</li>
<li><strong>Age 65 or older, or disabled:</strong> school districts must grant an <strong>additional $60,000</strong>, and other taxing units may adopt a local option of at least $3,000. Kendall AD notes that the City of Boerne, Boerne ISD, Comfort ISD and Kendall County offer over-65 and disability tax freezes (<a href=""https://kendallad.org/adopted-tax-rates-and-exemptions/"">Kendall AD</a>).</li>
<li><strong>Counties collecting a farm-to-market or flood-control tax</strong> must give a <strong>$3,000</strong> residence homestead exemption.</li>
<li><strong>The 10% cap</strong> applies only once the homestead exemption is in place.</li>
</ul>
<h2>The January 1 rule nobody tells a relocating buyer</h2>
<p>To claim a residence homestead exemption for a tax year, you must have <strong>owned and occupied the home as your principal residence on January 1</strong> of that year (<a href=""https://comptroller.texas.gov/taxes/property-tax/exemptions/"">Texas Comptroller</a>).</p>
<p>Close in February and you do not get the exemption for that year. You get it the following year. The application deadline is <strong>before May 1</strong> — commonly stated as April 30.</p>
<p>That has two practical consequences a California buyer should plan around. The first year's tax bill is the unexempted bill, and if the lender escrows from that number the payment is higher than the one you will settle into. The second is that the 10% cap does not protect a property that does not yet carry a homestead exemption, so the first reappraisal after purchase can move a long way, particularly if the prior owner had held the property for years.</p>
<p>Filing the exemption is a form filed with <strong>Kendall Appraisal District</strong>. Nobody files it for you. It is not automatic, it does not carry over from the seller, and the title company does not do it at closing.</p>
<h2>Sales tax, and the part of the bill that is not property</h2>
<p>Texas state sales tax is <strong>6.25%</strong>, with local add-ons to a combined maximum of <strong>8.25%</strong>. Boerne is at the maximum: 6.25% state, 1.50% City of Boerne, 0.50% Kendall County (<a href=""https://www.ci.boerne.tx.us/646/Current-Tax-Rates"">City of Boerne</a>).</p>
<p>If you are buying something to rent out short-term, note that hotel occupancy tax runs <strong>13% total</strong> in Boerne — 6% state plus 7% city — and Boerne has its own short-term rental ordinance that reaches both the city limits and the ETJ.</p>
<h2>The county is growing, which is why reappraisal bites</h2>
<p><strong>Kendall County grew 20.3% between 2020 and 2025</strong>, from an estimated 44,568 to 53,289, driven mostly by domestic migration (<a href=""https://communityimpact.com/san-antonio/boerne-fair-oaks-ranch/government/2026/03/30/kendall-county-population-increases-by-203-from-2020-2025/"">Community Impact</a>).</p>
<p>Rising values in a growing county plus annual reappraisal is exactly the mechanism that produces the tax-bill surprise in year two and year three. The protest process exists for this and it has a real deadline. Anyone moving here should know the appraisal notice arrives in spring and the window to protest is short.</p>
<h2>Who answers which question</h2>
<ul>
<li><strong>Kendall Appraisal District</strong> — exemptions, appraised value, protests, whether your specific parcel sits in a MUD or WCID.</li>
<li><strong>A CPA or tax advisor</strong> — the overall California-versus-Texas comparison, what the move does to your return, and any capital gains question on the California sale.</li>
<li><strong>A Texas real estate attorney</strong> — deed restrictions, title, and marital property. Texas is a community property state, which changes how a married couple takes title compared with California's own community property rules.</li>
<li><strong>A lender</strong> — how the first-year unexempted tax bill affects the escrow estimate on your loan.</li>
</ul>
<h2>Related questions</h2>
<ul>
<li><a href=""/answers/does-texas-have-no-state-income-tax"">Does Texas really have no state income tax, and what do I pay instead?</a></li>
<li><a href=""/answers/what-are-property-taxes-like-in-boerne"">What are property taxes like in Boerne?</a></li>
<li><a href=""/answers/what-is-the-texas-homestead-exemption"">What is the Texas homestead exemption?</a></li>
<li><a href=""/answers/what-is-the-10-percent-homestead-cap-in-texas"">What is the 10% homestead cap in Texas?</a></li>
<li><a href=""/answers/what-surprises-out-of-state-buyers-about-texas-real-estate"">What surprises out-of-state buyers about buying a house in Texas?</a></li>
</ul>
<h2>Questions about a specific property?</h2>
<p>Call or text <strong><a href=""tel:+1-830-446-3847"">830-446-3847</a></strong> · Email <strong><a href=""mailto:heath.shepard@kw.com"">heath.shepard@kw.com</a></strong></p>
<hr>
<p><em>This page explains how Texas property and sales taxes are structured. It is not tax or legal advice. For a California-to-Texas comparison on your own numbers, talk with a CPA; for exemptions and appraised value on a specific parcel, contact Kendall Appraisal District.</em></p>","","2026-09-17","relocation","https://www.theheathshepardrealestateteam.com/boerne/relocation","does-texas-have-no-state-income-tax,what-are-property-taxes-like-in-boerne,what-is-the-texas-homestead-exemption,what-is-the-10-percent-homestead-cap-in-texas,what-surprises-out-of-state-buyers-about-texas-real-estate","https://comptroller.texas.gov/taxes/property-tax/exemptions/
https://www.kendallcountytx.gov/297/Boerne-City-of
https://www.co.kendall.tx.us/295/Boerne-ISD
https://www.co.kendall.tx.us/306/Kendall-County
https://www.kendallcountytx.gov/300/Kendall-County
https://kendallad.org/adopted-tax-rates-and-exemptions/
https://www.kendallcountytx.gov/184/Tax-Rate-Information
https://www.ci.boerne.tx.us/646/Current-Tax-Rates
https://communityimpact.com/san-antonio/boerne-fair-oaks-ranch/government/2026/03/30/kendall-county-population-increases-by-203-from-2020-2025/","draft"
"Should I buy inside Boerne city limits or in unincorporated Kendall County?","should-i-buy-in-boerne-city-limits-or-unincorporated-kendall-county","Should I buy inside Boerne city limits or in unincorporated Kendall County?","City limits, ETJ or open county: the 0.4716 city rate, well and septic diligence, and the STR ordinance that still reaches Boerne's ETJ.","Inside the city limits you get City of Boerne utilities and ordinances and pay the city's 0.4716 rate. Unincorporated means well and septic, no city rate, and fewer local rules — except in Boerne's ETJ, where the city still regulates platting and some ordinances, such as short-term rentals, still reach you.","<h2>There are three zones, not two</h2>
<p>Almost everyone frames this as city versus country. There are actually three:</p>
<ol>
<li><strong>Inside the City of Boerne city limits.</strong> City utilities, city ordinances, city zoning, city tax rate.</li>
<li><strong>Boerne's extraterritorial jurisdiction (ETJ).</strong> Unincorporated — no city tax rate — but the city keeps regulatory authority over subdivision platting under <strong>Texas Local Government Code Chapter 42</strong>, and some city ordinances explicitly reach out here.</li>
<li><strong>Unincorporated Kendall County outside the ETJ.</strong> County government, deed restrictions, and the groundwater district. No city layer at all.</li>
</ol>
<p>The middle one is where buyers get surprised, because a property can carry city rules without a city tax bill or city water. Step one for any address: ask the <strong>City of Boerne Planning Department</strong> which of the three it sits in. That answer drives everything below.</p>
<h2>Utilities</h2>
<p><strong>Inside the city limits:</strong> City of Boerne water and sewer. The city's supply comes from three sources — <strong>Canyon Lake surface water through the Guadalupe-Blanco River Authority, Boerne City Lake, and local Trinity Group aquifer wells</strong> (<a href=""https://www.ci.boerne.tx.us/FAQ.aspx?QID=315"">City of Boerne</a>). Drought restrictions come from the utility; supply risk is the city's to manage.</p>
<p><strong>Unincorporated:</strong> typically a private well and an on-site septic system. That moves a set of risks onto you that a city customer never thinks about:</p>
<ul>
<li><strong>Well yield, tested</strong> — gallons per minute, not the seller's recollection.</li>
<li><strong>Depth, casing and pump age.</strong></li>
<li><strong>Septic system type, capacity, permit history and last service.</strong> Capacity is sized to bedroom count; adding bedrooms can require a system change.</li>
<li><strong>Permitting and pumping limits</strong> under the <strong>Cow Creek Groundwater Conservation District</strong>, which regulates groundwater countywide and sets drought stages using roughly 42 monitor wells, stream gauges on Cibolo Creek and the Guadalupe River, and 100-plus rain gauge sites (<a href=""https://ccgcd.org/"">ccgcd.org</a>).</li>
<li><strong>Shared wells and shared access roads</strong>, both of which live or die on the recorded agreement.</li>
</ul>
<p>A standard home inspection does not evaluate a well or certify a septic system. Budget separate specialists inside the option period.</p>
<h2>Which taxing entities bill you</h2>
<p>The <strong>City of Boerne 2025 rate was 0.4716 per $100</strong> of taxable value (<a href=""https://www.kendallcountytx.gov/297/Boerne-City-of"">Kendall County</a>). Outside the city limits, that line does not appear. That is the single clearest financial difference, and it is a trade — you are also not buying city water, sewer, trash service or city police response.</p>
<p>Everything else carries across:</p>
<ul>
<li><strong>Kendall County 2025: 0.377</strong> — M&amp;O 0.317976 plus debt 0.059024 (<a href=""https://www.co.kendall.tx.us/306/Kendall-County"">Kendall County</a>).</li>
<li><strong>School district.</strong> <strong>Boerne ISD 2025: 1.0109</strong> (M&amp;O 0.6969 + debt 0.3140) (<a href=""https://www.co.kendall.tx.us/295/Boerne-ISD"">Kendall County</a>). The western part of the county is <strong>Comfort ISD, 2025 adopted 0.9328</strong> (<a href=""https://www.kendallcountytx.gov/300/Kendall-County"">Kendall County</a>). Unincorporated does not mean no school district — it means confirm which one.</li>
<li><strong>Special districts.</strong> Kendall AD lists <strong>Kendall County MUD, Miralomas MUD, the Cow Creek Groundwater Conservation District and Kendall County WCID #1</strong> among entities that can appear on a bill (<a href=""https://kendallad.org/adopted-tax-rates-and-exemptions/"">Kendall Appraisal District</a>). A MUD rate in a newer subdivision can erase the savings from dropping the city rate.</li>
</ul>
<p>Pull the entity list for the exact parcel from <strong>Kendall Appraisal District</strong>. That is also where the homestead exemption and any protest get filed for Kendall County property — not Bexar CAD.</p>
<p>Two TREC forms exist because this catches people: the <strong>Notice to Purchaser of Special Taxing or Assessment District (form 59-0, effective 02/12/2024)</strong> and the <strong>Addendum Containing Notice of Obligation to Pay Improvement District Assessment (form 53-0, effective 09/01/2021)</strong> (<a href=""https://www.trec.texas.gov/agency-information/contracts"">TREC contracts</a>).</p>
<h2>What the city still controls in the ETJ</h2>
<p>Boerne's <strong>short-term rental ordinance, No. 2023-09, applies in the city limits and the ETJ</strong> (<a href=""https://www.ci.boerne.tx.us/2444/Short-Term-Rentals"">City of Boerne</a>; <a href=""https://www.ci.boerne.tx.us/DocumentCenter/View/23223/Short-Term-Rental-Ordinance-2023-09"">Ordinance 2023-09</a>). An ETJ property still needs the <strong>$200 two-year permit</strong>, still owes hotel occupancy tax, and still faces the ordinance's requirements — though the <strong>safety inspection is not required for ETJ properties</strong>.</p>
<p>That is the model to hold in your head: unincorporated does not mean unregulated, and the boundary of a city's authority is not the same as the boundary of its tax rate. Subdivision platting in the ETJ runs through the city under Chapter 42, which matters enormously if you intend to split a tract.</p>
<p><strong>A property in unincorporated Kendall County outside both the city limits and the ETJ is not covered by the Boerne ordinance.</strong> Texas counties have narrower ordinance-making authority than cities, but that is not the same as none. Confirm any specific requirement with <strong>Kendall County</strong> rather than assuming an acreage parcel is rule-free.</p>
<h2>Where deed restrictions take over</h2>
<p>Outside the city, private restrictions do the work zoning does inside it. A recorded declaration and a property owners' association can be more restrictive than any city code — on building materials, setbacks, outbuildings, livestock, RVs, rentals and resale.</p>
<p>Texas Property Code Chapter 207 requires an association to provide <strong>subdivision information, including a resale certificate</strong>, on proper written request, covering assessments, unpaid amounts, certain known violations, insurance, certain pending lawsuits, reserves, budgets and transfer restrictions (<a href=""https://codes.findlaw.com/tx/property-code/prop-sect-207-003/"">Tex. Prop. Code §207.003</a>). Delivery is within <strong>10 business days</strong> of the written request, and the certificate must be prepared no earlier than <strong>60 days</strong> before delivery. The relevant TREC forms are the <strong>Addendum for Property Subject to Mandatory Membership in a POA (36-11)</strong> and <strong>Subdivision Information, Including Resale Certificate (37-5)</strong> (<a href=""https://www.trec.texas.gov/agency-information/contracts"">TREC</a>).</p>
<p>Order it early and read it during the option period. A <strong>Texas real estate attorney</strong> is the right person to tell you what a specific set of restrictions permits — that is a legal reading, not an agent's call.</p>
<h2>If the land carries an ag valuation</h2>
<p>Much unincorporated acreage sits under <strong>1-d-1 open-space appraisal</strong>, valued on <strong>productivity value</strong> rather than market value. Qualification requires current principal agricultural use to the degree of intensity generally accepted in the area, with agricultural or timber production in <strong>5 of the preceding 7 years</strong>; a wildlife management valuation requires previously qualified land used in <strong>at least 3 of 7</strong> specified ways. Changing the use triggers a <strong>3-year rollback tax</strong> — the difference between taxes paid on ag value and what would have been paid on market value (<a href=""https://comptroller.texas.gov/taxes/property-tax/ag-timber/index.php"">Texas Comptroller</a>).</p>
<p>The buy-a-ranchette-and-build failure mode is exactly this: a low carrying cost converts into a rollback bill. Ask <strong>Kendall Appraisal District</strong> whether the valuation survives your intended use, and a <strong>CPA</strong> what the consequence costs.</p>
<h2>How to decide</h2>
<p>Buy <strong>inside the city limits</strong> if you want city water and sewer, a shorter commute to everything, predictable utility service, and zoning that governs what your neighbor can build. Pay the 0.4716 for it.</p>
<p>Buy <strong>unincorporated</strong> if you want land, distance and fewer municipal rules, and you are prepared to own the well, the septic, the road agreement and the groundwater question personally.</p>
<p>Either way, before the option period ends: confirm the zone with the <strong>City of Boerne Planning Department</strong>, the taxing entities with <strong>Kendall Appraisal District</strong>, the current drought stage at <a href=""https://ccgcd.org/"">ccgcd.org</a>, and the recorded restrictions with a <strong>Texas real estate attorney</strong>.</p>
<h2>Related questions</h2>
<ul>
<li><a href=""/answers/what-is-an-etj-in-texas"">What is an ETJ in Texas?</a></li>
<li><a href=""/answers/what-should-i-know-about-septic-and-wells-in-the-hill-country"">What should I know about septic and wells in the Hill Country?</a></li>
<li><a href=""/answers/what-are-property-taxes-like-in-boerne"">What are property taxes like in Boerne, Texas?</a></li>
<li><a href=""/answers/does-boerne-have-enough-water"">Does Boerne have enough water?</a></li>
<li><a href=""/boerne/short-term-rentals"">Short-Term Rental Rules in Boerne, TX</a></li>
</ul>
<h2>Questions about a specific property?</h2>
<p>Call or text <strong><a href=""tel:+1-830-446-3847"">830-446-3847</a></strong> · Email <strong><a href=""mailto:heath.shepard@kw.com"">heath.shepard@kw.com</a></strong></p>
<hr>
<p><em>Jurisdiction, platting and ETJ status are determined per parcel by the City of Boerne Planning Department; taxing entities by Kendall Appraisal District. This page is not legal or tax advice — deed restrictions and shared-well or access agreements are questions for a Texas real estate attorney, and rollback tax consequences are questions for a CPA.</em></p>","","2026-09-17","real-estate-market","https://www.theheathshepardrealestateteam.com/boerne/real-estate-market","what-is-an-etj-in-texas,what-should-i-know-about-septic-and-wells-in-the-hill-country,what-are-property-taxes-like-in-boerne,does-boerne-have-enough-water","https://kendallad.org/adopted-tax-rates-and-exemptions/
https://www.kendallcountytx.gov/297/Boerne-City-of
https://www.co.kendall.tx.us/306/Kendall-County
https://www.co.kendall.tx.us/295/Boerne-ISD
https://www.kendallcountytx.gov/300/Kendall-County
https://www.ci.boerne.tx.us/2444/Short-Term-Rentals
https://www.ci.boerne.tx.us/DocumentCenter/View/23223/Short-Term-Rental-Ordinance-2023-09
https://ccgcd.org/
https://www.ci.boerne.tx.us/FAQ.aspx?QID=315
https://www.trec.texas.gov/agency-information/contracts
https://comptroller.texas.gov/taxes/property-tax/ag-timber/index.php
https://codes.findlaw.com/tx/property-code/prop-sect-207-003/","draft"
"What is the Texas disabled veteran property tax exemption?","texas-disabled-veteran-property-tax-exemption","What is the Texas disabled veteran property tax exemption?","The $5,000 to $12,000 ladder under Tax Code 11.22, the total homestead exemption under 11.131, Form 50-114 by April 30, and surviving spouse rules.","Texas gives disabled veterans a fixed dollar exemption off one property's appraised value, scaled to the VA disability rating and starting at $5,000 for a 10-29% rating. A veteran rated 100% disabled, or determined individually unemployable, gets a total exemption on their residence homestead under Tax Code 11.131.","<h2>There are two different exemptions, and the difference is enormous</h2>
<p>Texas veterans routinely conflate these. They are not the same program.</p>
<p><strong>The partial disabled veteran exemption (Tax Code §11.22)</strong> is a fixed dollar amount off the appraised value of <strong>one property</strong> the veteran owns. It is not limited to a residence homestead. The amount is tied to the VA disability rating (<a href=""https://comptroller.texas.gov/taxes/property-tax/info-pack/disabled-veterans-exemptions.pdf"">Texas Comptroller disabled veterans info pack</a>).</p>
<p><strong>The 100% disabled veteran exemption (Tax Code §11.131)</strong> is a <strong>total exemption of the total appraised value of the residence homestead</strong> (<a href=""https://comptroller.texas.gov/taxes/property-tax/exemptions/disabledvet-100-faq.php"">Texas Comptroller</a>). Not a dollar amount off the top. The entire appraised value of the homestead, exempt.</p>
<p>A veteran who qualifies for the total exemption and files only the partial one has left the whole thing on the table.</p>
<h2>The partial exemption ladder</h2>
<p>The schedule is set by statute. <strong>Texas Tax Code §11.22(a)</strong> exempts a portion of assessed value by disability rating (<a href=""https://codes.findlaw.com/tx/tax-code/tax-sect-11-22/"">Tax Code §11.22</a>):</p>
<table>
<thead>
<tr>
<th>VA disability rating</th>
<th>Exemption amount</th>
</tr>
</thead>
<tbody>
<tr>
<td>At least 10% but less than 30%</td>
<td>$5,000</td>
</tr>
<tr>
<td>At least 30% but less than 50%</td>
<td>$7,500</td>
</tr>
<tr>
<td>At least 50% but less than 70%</td>
<td>$10,000</td>
</tr>
<tr>
<td>70% or more</td>
<td>$12,000</td>
</tr>
</tbody>
</table>
<p>Kendall Appraisal District publishes the same <strong>$5,000 to $12,000</strong> range for the disabled veteran exemption on its adopted exemptions page (<a href=""https://kendallad.org/adopted-tax-rates-and-exemptions/"">Kendall Appraisal District</a>).</p>
<p>The bands are written as &quot;at least X but less than Y,&quot; which matters at the edges. A 30% rating lands in the $7,500 tier, not the $5,000 one. A 70% rating lands in the top tier.</p>
<p>The partial exemption applies to <strong>one property</strong> the veteran designates, and it is the same property across all taxing units. The Comptroller states it plainly: an applicant may claim the exemption on only one piece of property the applicant owned on <strong>January 1</strong>, and the applicant must be a <strong>Texas resident</strong> to qualify for a homestead exemption (<a href=""https://comptroller.texas.gov/taxes/property-tax/info-pack/disabled-veterans-exemptions.pdf"">Texas Comptroller disabled veterans info pack</a>). A veteran who owns a home, a rental and some acreage picks one. The filing deadline is <strong>April 30</strong>.</p>
<h2>The 100% exemption, and the &quot;or&quot; that people miss</h2>
<p>Under <strong>Tax Code §11.131</strong>, a veteran qualifies on <strong>either</strong> a 100% disability rating <strong>or</strong> a VA determination of <strong>individual unemployability</strong> — not both (<a href=""https://comptroller.texas.gov/taxes/property-tax/exemptions/disabledvet-100-faq.php"">Texas Comptroller</a>).</p>
<p>That &quot;or&quot; is the single most consequential detail on this page. Veterans rated at less than 100% schedular but receiving compensation at the 100% rate because of individual unemployability regularly assume they do not qualify, because the word on their award letter is not &quot;100%.&quot; The Comptroller's FAQ says the determination of individual unemployability qualifies on its own.</p>
<p>The benefit is a <strong>total exemption on the residence homestead</strong> — the total appraised value. On a homesteaded property, that means the exempting units tax nothing.</p>
<h2>How to apply, and the five-year window</h2>
<p>The application is <strong>Form 50-114</strong>, filed with the appraisal district. The ordinary deadline is <strong>April 30</strong>, but the 100% disabled veteran exemption may be filed <strong>up to five years after the delinquency date</strong> for the taxes in question (<a href=""https://comptroller.texas.gov/taxes/property-tax/exemptions/disabledvet-100-faq.php"">Texas Comptroller</a>).</p>
<p>Five years back. A veteran who received a qualifying rating years ago and never filed is not necessarily out of luck, and that is an unusually generous late-filing window by Texas property tax standards. The appraisal district will tell you exactly which years are still open on your account.</p>
<p>The partial disabled veteran exemption uses a different form: <strong>Form 50-135</strong>.</p>
<p>For a Boerne or Kendall County property, both go to the <strong>Kendall Appraisal District</strong> at <a href=""https://kendallad.org/adopted-tax-rates-and-exemptions/"">kendallad.org</a>. Boerne is in Kendall County, not Bexar County, and not in the City of San Antonio. Bexar CAD does not administer exemptions on Kendall County parcels.</p>
<p>A VA rating change is also worth a call to the district. Ratings move, and the exemption follows the rating — but the district does not learn about a change unless something tells it.</p>
<h2>Surviving spouses, and the trap when they move</h2>
<p>A surviving spouse of a veteran who qualified for the 100% exemption may continue it if:</p>
<ul>
<li>the spouse has <strong>not remarried</strong>,</li>
<li>the property <strong>was the veteran's residence homestead at the time of death</strong>, and</li>
<li>it <strong>remains the spouse's residence homestead</strong>.</li>
</ul>
<p>(<a href=""https://comptroller.texas.gov/taxes/property-tax/exemptions/disabledvet-100-faq.php"">Texas Comptroller</a>)</p>
<p>Here is the part that costs money. <strong>If the surviving spouse moves to a different home, the exemption is capped at the dollar value of the last year's exemption on the prior home.</strong> It does not become a fresh total exemption on the new house (<a href=""https://comptroller.texas.gov/taxes/property-tax/exemptions/disabledvet-100-faq.php"">Texas Comptroller</a>).</p>
<p>A surviving spouse who had a fully exempt home appraised at, say, a modest value and moves to a more expensive one carries forward only that prior dollar figure. The rest of the new home's value is taxable. This is a real consideration in downsizing or relocation decisions, and it is almost never mentioned until after the move.</p>
<p>Two other surviving-spouse categories carry a <strong>100% exemption</strong> on the residence homestead, per the Comptroller (<a href=""https://comptroller.texas.gov/taxes/property-tax/info-pack/disabled-veterans-exemptions.pdf"">disabled veterans info pack</a>):</p>
<ul>
<li>The surviving spouse of a <strong>service member killed or fatally injured in the line of duty</strong>, if not remarried.</li>
<li>The surviving spouse of a <strong>veteran who died as a result of a qualifying condition or disease</strong>, if not remarried — <strong>regardless of the veteran's disability rating at death</strong>.</li>
</ul>
<p>That second one is worth reading twice. The veteran's rating at the time of death does not control it. Families who assume the exemption died with a partial rating should take the question to the appraisal district.</p>
<h2>What the exemption does not do</h2>
<ul>
<li>It does not exempt you from filing. Nothing here is automatic.</li>
<li>It does not cover every property you own. The partial exemption is one property; the total exemption is the residence homestead.</li>
<li>It does not eliminate special assessments that are not ad valorem taxes. What appears on a bill is not always a property tax.</li>
<li>It is separate from the <strong>VA funding fee exemption</strong> on a VA loan, which is a mortgage cost, not a property tax matter, and is handled through the lender and the VA.</li>
</ul>
<h2>Practical sequence</h2>
<ol>
<li>Pull your current VA rating decision or award letter, including any individual unemployability determination.</li>
<li>Call the appraisal district for the county the property sits in and ask which exemption fits and which form applies.</li>
<li>File. Free, directly with the district.</li>
<li>Confirm the exemption posted on the next notice of appraised value.</li>
<li>If a rating changes, tell the district.</li>
</ol>
<p>Whether a specific veteran, rating or property qualifies is determined by the appraisal district. For the tax consequences of an exemption, an estate, or a surviving spouse's move, talk with a CPA, and take deed and title questions to a Texas real estate attorney.</p>
<h2>Related questions</h2>
<ul>
<li><a href=""/answers/what-is-the-texas-homestead-exemption"">What is the Texas homestead exemption in 2026?</a></li>
<li><a href=""/answers/how-do-i-file-for-a-homestead-exemption-in-kendall-county"">How do I file for a homestead exemption in Kendall County, Texas?</a></li>
<li><a href=""/answers/texas-over-65-property-tax-exemption-and-school-tax-ceiling"">What is the Texas over-65 property tax exemption and school tax ceiling?</a></li>
<li><a href=""/answers/what-is-the-va-funding-fee-and-who-is-exempt"">What is the VA funding fee, and who is exempt?</a></li>
<li><a href=""/answers/why-did-my-texas-property-taxes-go-up"">Why did my Texas property taxes go up?</a></li>
</ul>
<h2>Questions about a specific property?</h2>
<p><strong>Heath Shepard is a 100% disabled veteran</strong> and a licensed Texas REALTOR. If VA benefits or the disabled-veteran exemption are part of your purchase, say so up front and he’ll factor them into the numbers.</p>
<p>Call or text <strong><a href=""tel:+1-830-446-3847"">830-446-3847</a></strong> · Email <strong><a href=""mailto:heath.shepard@kw.com"">heath.shepard@kw.com</a></strong></p>
<hr>
<p><em>This page explains how Texas disabled veteran property tax exemptions work. It is not tax or legal advice. Eligibility and exemption amounts are determined by your appraisal district; confirm the current figures with them and with the Texas Comptroller.</em></p>","","2026-09-17","property-taxes","https://www.theheathshepardrealestateteam.com/boerne/property-taxes","what-is-the-texas-homestead-exemption,how-do-i-file-for-a-homestead-exemption-in-kendall-county,texas-over-65-property-tax-exemption-and-school-tax-ceiling,what-is-the-va-funding-fee-and-who-is-exempt,why-did-my-texas-property-taxes-go-up","https://codes.findlaw.com/tx/tax-code/tax-sect-11-22/
https://comptroller.texas.gov/taxes/property-tax/exemptions/disabledvet-100-faq.php
https://comptroller.texas.gov/taxes/property-tax/info-pack/disabled-veterans-exemptions.pdf
https://comptroller.texas.gov/taxes/property-tax/exemptions/
https://kendallad.org/adopted-tax-rates-and-exemptions/","draft"
"What is the Texas over-65 property tax exemption and school tax ceiling?","texas-over-65-property-tax-exemption-and-school-tax-ceiling","What is the Texas over-65 property tax exemption and school tax ceiling?","The Texas over-65 exemption and school tax ceiling explained: the additional $60,000, how the freeze works, and how the percentage transfer works when you move.","Texas homeowners 65 or older get an additional $60,000 school district homestead exemption on top of the general $140,000, plus a school tax ceiling that freezes school taxes at the amount for the year they qualified. Moving transfers the ceiling as a percentage, not a dollar amount, and only if you file for it.","<h2>Two separate benefits, often confused</h2>
<p>The age-65 package is really two things, and mixing them up leads to wrong expectations about a tax bill.</p>
<p><strong>The exemption</strong> is an amount subtracted from taxable value. School districts must grant an <strong>additional $60,000</strong> residence homestead exemption to owners who are 65 or older or who are disabled, on top of the general <strong>$140,000</strong> school district exemption in effect for 2026. Other taxing units may adopt a local option exemption of <strong>at least $3,000</strong> for the same group (<a href=""https://comptroller.texas.gov/taxes/property-tax/exemptions/"">Texas Comptroller</a>).</p>
<p><strong>The ceiling</strong> is a cap on the tax itself, not on the value. A qualifying homeowner's <strong>school district taxes are frozen at the amount for the year the owner qualified</strong>. Appraised value can climb, the school district's rate can climb, and the school portion of the bill does not go above the ceiling amount (<a href=""https://comptroller.texas.gov/taxes/property-tax/exemptions/"">Texas Comptroller</a>).</p>
<p>The ceiling only covers the school district portion. City, county and special district taxes are a separate question, answered entity by entity.</p>
<h2>The ceiling can go down but not up</h2>
<p>A ceiling is a maximum, not a fixed payment. If rates fall or value falls enough that the calculated school tax comes in below the ceiling, you pay the lower number. The ceiling does not force you to pay more than the actual calculation.</p>
<p>The ceiling can also be raised by <strong>new improvements</strong>. Adding square footage, a casita, a pool, a shop building — the added value is taxed, and the ceiling is adjusted to account for it. Ordinary repairs and maintenance are a different matter from new improvements, and where the line falls on a specific project is a determination the appraisal district makes.</p>
<h2>Which local entities freeze, and which do not</h2>
<p>Statewide, the school district ceiling is mandatory. A city or county freeze is a <strong>local option</strong>, and it is not universal across Texas.</p>
<p>In Kendall County, the appraisal district names the <strong>City of Boerne, Boerne ISD, Comfort ISD and Kendall County</strong> as jurisdictions offering over-65 and disability tax freezes (<a href=""https://kendallad.org/adopted-tax-rates-and-exemptions/"">Kendall Appraisal District</a>). Which entities cover a specific parcel depends on where that parcel sits — inside Boerne city limits versus unincorporated Kendall County is a different set of taxing units, and a MUD or water district on the bill is not part of any of it.</p>
<p>Do not assume a freeze you had in another Texas county follows you. It is adopted locally and applies locally.</p>
<h2>Moving: this is where money gets lost</h2>
<p>An over-65 homeowner who sells and buys another Texas home can carry the school tax ceiling to the new home. Two things about how that works surprise nearly everyone:</p>
<p><strong>It transfers as a percentage, not a dollar amount.</strong> The old ceiling is expressed as a percentage of what the school taxes would otherwise have been, and that percentage is applied to the new home's school taxes. Someone paying a frozen $1,400 on an older home does not get a $1,400 ceiling on a more expensive new home. They get the same proportional reduction (<a href=""https://comptroller.texas.gov/taxes/property-tax/exemptions/"">Texas Comptroller</a>).</p>
<p><strong>It only happens if you file.</strong> The transfer is not automatic and does not follow you by itself. The sequence is:</p>
<ol>
<li>Request a <strong>tax ceiling certificate — Comptroller Form 50-311</strong> — from the appraisal district for the <strong>old</strong> home.</li>
<li>File that certificate with the appraisal district for the <strong>new</strong> home.</li>
<li>File a <strong>new residence homestead application</strong> on the new home, including the age-65 exemption.</li>
</ol>
<p>All three. Skipping the certificate is the common failure: the new homestead exemption gets filed, the age-65 exemption gets filed, and the ceiling percentage never transfers because nobody asked the old district for the certificate.</p>
<p>For a Boerne or Kendall County purchase, step 2 and step 3 go to the <strong>Kendall Appraisal District</strong> at <a href=""https://kendallad.org/adopted-tax-rates-and-exemptions/"">kendallad.org</a> — not Bexar CAD, because Boerne is in Kendall County and is not part of San Antonio or Bexar County.</p>
<h2>Qualifying, and the January 1 rule</h2>
<p>The underlying requirement is the same as any residence homestead exemption: the owner <strong>owned and occupied the home as a principal residence on January 1</strong> of the tax year (<a href=""https://comptroller.texas.gov/taxes/property-tax/exemptions/"">Texas Comptroller</a>). Applications are due <strong>before May 1</strong>.</p>
<p>The age-65 exemption has its own well-known wrinkle in practice, and the appraisal district is the right place to confirm how it is applied in your situation: the qualifying event is a birthday, not a calendar year, and districts handle the first year of eligibility according to the statute's terms. Ask them rather than guessing.</p>
<h2>Why the bill can still move</h2>
<p>A frozen school tax is not a frozen tax bill. As of September 2026, the <strong>Boerne ISD rate was 1.0109 per $100 of taxable value for 2025</strong> — 0.6969 maintenance and operations plus 0.3140 debt — after 0.9909 in 2024 and 0.9932 in 2023 (<a href=""https://www.co.kendall.tx.us/295/Boerne-ISD"">Kendall County</a>). Movement in that rate does not push a ceilinged bill above its ceiling. Movement in a <strong>city</strong> or <strong>county</strong> or <strong>MUD</strong> rate, on a parcel where that entity has no freeze, does.</p>
<p>So an over-65 homeowner can hold a rock-steady school tax and still open a larger total bill. The school line is doing its job; a different line moved.</p>
<h2>What the ceiling does at death</h2>
<p>A surviving spouse may continue an over-65 ceiling, subject to the statutory conditions on age and continued homestead use. That is a fact-specific determination, and the appraisal district makes it. A Texas real estate attorney is the right person to look at how title is held before the question ever becomes urgent, because how the deed reads at the time of death affects the answer.</p>
<h2>What to actually do</h2>
<ul>
<li>File for the age-65 exemption when you become eligible, with the appraisal district, free.</li>
<li>Confirm on the next notice of appraised value that both the exemption and the ceiling posted.</li>
<li>Before selling and moving within Texas, request Form 50-311 from the old district first.</li>
<li>Check which non-school entities on your bill offer a freeze — do not assume.</li>
</ul>
<p>Eligibility, the ceiling amount and the transfer percentage are all determined by the appraisal district. For the tax consequences of any of it, and for planning around a move or an estate, talk with a CPA.</p>
<h2>Related questions</h2>
<ul>
<li><a href=""/answers/can-i-defer-my-property-taxes-in-texas-over-65"">Can I defer my property taxes in Texas if I'm over 65?</a></li>
<li><a href=""/answers/what-is-the-texas-homestead-exemption"">What is the Texas homestead exemption in 2026?</a></li>
<li><a href=""/answers/how-do-i-file-for-a-homestead-exemption-in-kendall-county"">How do I file for a homestead exemption in Kendall County, Texas?</a></li>
<li><a href=""/answers/why-did-my-texas-property-taxes-go-up"">Why did my Texas property taxes go up?</a></li>
<li><a href=""/answers/texas-disabled-veteran-property-tax-exemption"">What is the Texas disabled veteran property tax exemption?</a></li>
</ul>
<h2>Questions about a specific property?</h2>
<p>Call or text <strong><a href=""tel:+1-830-446-3847"">830-446-3847</a></strong> · Email <strong><a href=""mailto:heath.shepard@kw.com"">heath.shepard@kw.com</a></strong></p>
<hr>
<p><em>This page explains how the Texas over-65 exemption and school tax ceiling work. It is not tax or legal advice. Eligibility and ceiling amounts are determined by the appraisal district; take tax consequences to a CPA.</em></p>","","2026-09-17","property-taxes","https://www.theheathshepardrealestateteam.com/boerne/property-taxes","can-i-defer-my-property-taxes-in-texas-over-65,what-is-the-texas-homestead-exemption,how-do-i-file-for-a-homestead-exemption-in-kendall-county,why-did-my-texas-property-taxes-go-up,texas-disabled-veteran-property-tax-exemption","https://comptroller.texas.gov/taxes/property-tax/exemptions/
https://kendallad.org/adopted-tax-rates-and-exemptions/
https://www.co.kendall.tx.us/295/Boerne-ISD","draft"
"What are property taxes like in Boerne, Texas?","what-are-property-taxes-like-in-boerne","What are property taxes like in Boerne, Texas?","Boerne's 2025 rates per $100: Boerne ISD 1.0109, City of Boerne 0.4716, Kendall County 0.377, plus any MUD or WCID line on the parcel.","For a home inside Boerne city limits in Boerne ISD, the 2025 adopted rates per $100 of taxable value were Boerne ISD 1.0109, City of Boerne 0.4716 and Kendall County 0.377, plus any special district on the parcel. Boerne files with Kendall Appraisal District, not Bexar CAD.","<h2>The 2025 rate stack, per $100 of taxable value</h2>
<table>
<thead>
<tr>
<th>Entity</th>
<th>2025 adopted</th>
<th>Detail</th>
</tr>
</thead>
<tbody>
<tr>
<td><strong>Boerne ISD</strong></td>
<td><strong>1.0109</strong></td>
<td>M&amp;O 0.6969 + debt 0.3140</td>
</tr>
<tr>
<td><strong>City of Boerne</strong></td>
<td><strong>0.4716</strong></td>
<td>applies inside city limits only</td>
</tr>
<tr>
<td><strong>Kendall County</strong></td>
<td><strong>0.377</strong></td>
<td>M&amp;O 0.317976 + debt 0.059024</td>
</tr>
</tbody>
</table>
<p>Sources: <a href=""https://www.co.kendall.tx.us/295/Boerne-ISD"">Boerne ISD rates</a>, <a href=""https://www.kendallcountytx.gov/297/Boerne-City-of"">City of Boerne rates</a>, <a href=""https://www.co.kendall.tx.us/306/Kendall-County"">Kendall County rates</a>.</p>
<p>Recent history for the same three:</p>
<ul>
<li><strong>Boerne ISD:</strong> 1.0109 (2025), 0.9909 (2024), 0.9932 (2023), 1.1786 (2022), 1.2046 (2021)</li>
<li><strong>City of Boerne:</strong> 0.4716 (2025), 0.4716 (2024), 0.4766 (2023), 0.4510 (2022)</li>
<li><strong>Kendall County:</strong> 0.377 (2025), 0.3827 (2024), 0.38270 (2023), 0.38770 (2022), 0.412700 (2021)</li>
</ul>
<p>Kendall County's 2025 rate of 0.377 was adopted at the <strong>August 26, 2025 Commissioners Court meeting</strong>, against a posted no-new-revenue rate of <strong>0.373981</strong>, and was a decrease from 2024 (<a href=""https://communityimpact.com/san-antonio/boerne-fair-oaks-ranch/government/2025/08/27/kendall-county-commissioners-approve-tax-rate-decrease/"">Community Impact</a>).</p>
<p>Note the pattern: rates have generally drifted down while bills have not necessarily followed, because the rate is only half the equation. The other half is appraised value, and Texas reappraises at market annually.</p>
<h2>It is a different appraisal district than San Antonio</h2>
<p><strong>Boerne is in Kendall County.</strong> Your appraisal district is <strong><a href=""https://kendallad.org/adopted-tax-rates-and-exemptions/"">Kendall Appraisal District</a></strong> — kendallad.org. It is not Bexar CAD, and San Antonio's rates and entities have nothing to do with your bill.</p>
<p>Kendall AD is where a Boerne homeowner files a homestead exemption, files a protest, and confirms which taxing units apply to a specific parcel.</p>
<h2>Not every Boerne-area bill has the same entities on it</h2>
<p>The three rates above are the common stack for a home inside the city limits in Boerne ISD. Kendall AD lists these as entities that can appear on a Kendall County tax bill:</p>
<ul>
<li><strong>Boerne ISD</strong></li>
<li><strong>Comfort ISD</strong> — 2025 adopted <strong>0.9328</strong>, from 0.9603 in 2024 and 0.9626 in 2023, serving the western part of the county (<a href=""https://www.kendallcountytx.gov/300/Kendall-County"">Kendall County</a>)</li>
<li><strong>City of Boerne</strong></li>
<li><strong>Kendall County</strong></li>
<li><strong>Kendall County MUD</strong></li>
<li><strong>Miralomas MUD</strong></li>
<li><strong>Cow Creek Groundwater Conservation District</strong></li>
<li><strong>Kendall County WCID #1</strong></li>
</ul>
<p>Source: <a href=""https://kendallad.org/adopted-tax-rates-and-exemptions/"">Kendall Appraisal District</a>.</p>
<p>Three practical consequences:</p>
<ol>
<li><strong>A property outside the city limits does not pay the City of Boerne rate.</strong> That is real money, and it is offset by having no city water, sewer or trash service.</li>
<li><strong>A MUD or the WCID can add a line you did not budget for.</strong> MUD rates are parcel-specific and can be substantial in newer subdivisions.</li>
<li><strong>Comfort ISD is not Boerne ISD.</strong> Kendall County contains both.</li>
</ol>
<p>Pull the entity list for the exact parcel from Kendall AD. Do not reconstruct it from a listing sheet, and do not assume the seller's current bill is what yours will be.</p>
<h2>Exemptions that change the bill</h2>
<p>Texas exemptions reduce taxable value before the rate is applied (<a href=""https://comptroller.texas.gov/taxes/property-tax/exemptions/"">Texas Comptroller</a>):</p>
<ul>
<li><strong>School district residence homestead: $140,000</strong>, raised from $100,000 by <strong>Proposition 13</strong>, approved by Texas voters in <strong>November 2025</strong> and implemented by <strong>SB 4 of the 89th Legislature</strong>, effective for tax year <strong>2026</strong>.</li>
<li><strong>Local option homestead exemption:</strong> taxing units may offer up to <strong>20 percent</strong> of appraised value, minimum $5,000.</li>
<li><strong>County farm-to-market or flood-control:</strong> counties that collect that tax must grant a <strong>$3,000</strong> residence homestead exemption.</li>
<li><strong>Age 65 or older, or disabled:</strong> school districts must grant an <strong>additional $60,000</strong>; other units may adopt a local option of at least $3,000.</li>
<li><strong>Deadline: before May 1</strong>, and you must have <strong>owned and occupied the home as your principal residence on January 1</strong> of the tax year.</li>
</ul>
<p>Kendall AD also notes that several local jurisdictions offer over-65 and disability tax <strong>&quot;freezes&quot;</strong> — named: <strong>City of Boerne, Boerne ISD, Comfort ISD and Kendall County</strong> (<a href=""https://kendallad.org/adopted-tax-rates-and-exemptions/"">Kendall AD</a>). Kendall AD applies these; confirm which apply to your account with them.</p>
<p><strong>Disabled veterans.</strong> The partial exemption under Tax Code §11.22 is a fixed dollar amount off appraised value by VA rating — <strong>$5,000</strong> for a rating of at least 10 percent but less than 30 percent, <strong>$7,500</strong> for at least 30 but less than 50, <strong>$10,000</strong> for at least 50 but less than 70, and <strong>$12,000</strong> at 70 percent or more (<a href=""https://codes.findlaw.com/tx/tax-code/tax-sect-11-22/"">Texas Tax Code §11.22(a)</a>). It applies to <strong>one property the veteran designates</strong>, and to that same property across all taxing units. A veteran with a <strong>100 percent disability rating or a determination of individual unemployability</strong> may qualify under §11.131 for an exemption of the <strong>total appraised value</strong> of the residence homestead, applied for on <strong>Form 50-114</strong> (<a href=""https://comptroller.texas.gov/taxes/property-tax/exemptions/disabledvet-100-faq.php"">Texas Comptroller</a>).</p>
<h2>The caps</h2>
<ul>
<li><strong>Homestead cap: 10 percent per year</strong> on net appraised value, and only for property that already carries a homestead exemption.</li>
<li><strong>Circuit breaker (Tax Code §23.231): 20 percent</strong> cap for <strong>non-homestead</strong> real property at or below an annually indexed threshold. It was created by <strong>SB 2 (2023)</strong> as a pilot for tax years <strong>2024, 2025 and 2026 and expires December 31, 2026</strong> unless the Legislature renews it (<a href=""https://traviscad.org/circuitbreaker"">Travis CAD</a>).</li>
</ul>
<p>A buyer's first full year is the year this bites. The seller's bill may reflect a homestead exemption and a capped value the new owner does not inherit. Have your <strong>lender</strong> underwrite the escrow payment on a full, unexempted market valuation.</p>
<h2>Protesting</h2>
<p>Deadline: <strong>May 15, or 30 days after the appraisal district mails the notice of appraised value, whichever is later</strong> — counted from the <strong>mailing</strong> date, not the day it landed in your mailbox. Notices must go out by <strong>May 1</strong>, or <strong>April 1</strong> for a residence homestead, or as soon as practical after. The notice of protest form is <strong>Comptroller Form 50-132</strong>, though a protest is sufficient if it identifies the property and owner and states dissatisfaction in writing. The appraisal review board must give <strong>at least 15 days</strong> notice of the hearing, and you may appear in person, by phone or videoconference, or by written affidavit (<a href=""https://comptroller.texas.gov/taxes/property-tax/protests/"">Texas Comptroller</a>).</p>
<h2>One more Boerne rate, for completeness</h2>
<p>Sales tax in Boerne is <strong>8.25 percent</strong> — 6.25 state, 1.50 City of Boerne, 0.50 Kendall County. Hotel occupancy tax is <strong>13 percent</strong> — 6 state plus 7 city (<a href=""https://www.ci.boerne.tx.us/646/Current-Tax-Rates"">City of Boerne</a>).</p>
<p>For the county's own published rate documents, see <a href=""https://www.kendallcountytx.gov/184/Tax-Rate-Information"">Kendall County Tax Rate Information</a>.</p>
<h2>Related questions</h2>
<ul>
<li><a href=""/answers/why-are-homes-in-boerne-so-expensive"">Why are homes in Boerne, Texas so expensive?</a></li>
<li><a href=""/answers/how-do-i-file-for-a-homestead-exemption-in-kendall-county"">How do I file for a homestead exemption in Kendall County?</a></li>
<li><a href=""/answers/how-do-i-protest-my-property-taxes-in-texas"">How do I protest my property taxes in Texas?</a></li>
<li><a href=""/answers/what-is-the-10-percent-homestead-cap-in-texas"">What is the 10 percent homestead cap in Texas?</a></li>
<li><a href=""/answers/should-i-buy-in-boerne-city-limits-or-unincorporated-kendall-county"">Should I buy inside Boerne city limits or in unincorporated Kendall County?</a></li>
</ul>
<h2>Questions about a specific property?</h2>
<p>Call or text <strong><a href=""tel:+1-830-446-3847"">830-446-3847</a></strong> · Email <strong><a href=""mailto:heath.shepard@kw.com"">heath.shepard@kw.com</a></strong></p>
<hr>
<p><em>Rates are adopted annually and change. This page reflects publicly posted figures as of September 2026 and is not tax or legal advice. Kendall Appraisal District decides exemptions and valuations for Boerne-area property; a CPA or tax advisor is the right person for your own tax planning.</em></p>","","2026-09-17","property-taxes","https://www.theheathshepardrealestateteam.com/boerne/property-taxes","why-are-homes-in-boerne-so-expensive,how-do-i-file-for-a-homestead-exemption-in-kendall-county,how-do-i-protest-my-property-taxes-in-texas,what-is-the-10-percent-homestead-cap-in-texas,should-i-buy-in-boerne-city-limits-or-unincorporated-kendall-county","https://www.co.kendall.tx.us/295/Boerne-ISD
https://www.kendallcountytx.gov/297/Boerne-City-of
https://www.co.kendall.tx.us/306/Kendall-County
https://www.kendallcountytx.gov/300/Kendall-County
https://communityimpact.com/san-antonio/boerne-fair-oaks-ranch/government/2025/08/27/kendall-county-commissioners-approve-tax-rate-decrease/
https://kendallad.org/adopted-tax-rates-and-exemptions/
https://www.kendallcountytx.gov/184/Tax-Rate-Information
https://comptroller.texas.gov/taxes/property-tax/exemptions/
https://comptroller.texas.gov/taxes/property-tax/protests/
https://comptroller.texas.gov/taxes/property-tax/info-pack/disabled-veterans-exemptions.pdf
https://comptroller.texas.gov/taxes/property-tax/exemptions/disabledvet-100-faq.php
https://traviscad.org/circuitbreaker
https://www.ci.boerne.tx.us/646/Current-Tax-Rates
https://codes.findlaw.com/tx/tax-code/tax-sect-11-22/","draft"
"What are the 2026 conforming and FHA loan limits in Kendall County, Texas?","what-are-the-2026-loan-limits-in-kendall-county","What are the 2026 conforming and FHA loan limits in Kendall County, Texas?","2026 conforming and FHA loan limits for Kendall County and Boerne, Texas, the reported MSA figure, and what a loan limit actually governs.","For 2026 the conforming one-unit baseline is $832,750, with a high-cost ceiling of $1,249,125. FHA's nationwide one-unit floor is $541,287 and ceiling $1,249,125. Kendall County sits in the San Antonio-New Braunfels MSA, whose 2026 FHA one-unit limit is reported at $557,750 — confirm it on HUD's lookup. VA has no limit on full entitlement.","<h2>Conforming (Fannie Mae and Freddie Mac), 2026</h2>
<p>The Federal Housing Finance Agency set the 2026 conforming loan limit for a <strong>one-unit property at $832,750</strong>, an increase of <strong>$26,250</strong> over the 2025 limit of <strong>$806,500</strong>. The <strong>high-cost area ceiling is $1,249,125</strong>, which is 150% of the baseline. FHFA announced the values after its third-quarter 2025 house price index showed prices up <strong>3.26% year over year</strong> (<a href=""https://www.fhfa.gov/news/news-release/fhfa-announces-conforming-loan-limit-values-for-2026"">FHFA</a>).</p>
<p>The baseline is the number that applies across most of the country; the $1,249,125 ceiling applies only in areas FHFA designates as high-cost. For a conventional one-unit loan in Kendall County, the baseline is the figure to plan against, and your lender confirms the value applied to your specific county at application.</p>
<h2>FHA, 2026</h2>
<p>FHA sets limits county by county within a floor and a ceiling. Per <strong>Mortgagee Letter 2025-23</strong>, the <strong>2026 nationwide one-unit floor is $541,287</strong> and the <strong>ceiling is $1,249,125</strong>, effective for case numbers assigned <strong>January 1 through December 31, 2026</strong> (<a href=""https://www.hud.gov/sites/dfiles/hudclips/documents/2025-23hsgml.pdf"">HUD Mortgagee Letter 2025-23</a>, <a href=""https://www.hud.gov/news/hud-no-25-145"">HUD announcement</a>).</p>
<p>The effective-date language is worth reading carefully. FHA limits key off the date the <strong>case number is assigned</strong>, not the contract date and not the closing date. A loan whose case number was assigned in December 2025 sits under the 2025 limit even if it closes in 2026. That distinction has repriced deals.</p>
<p>Kendall County is part of the <strong>San Antonio–New Braunfels metropolitan statistical area</strong>, which is the geography HUD uses to set the FHA limit here. That is the correct MSA for Boerne — Boerne is in <strong>Kendall County</strong>, not Bexar County and not the City of San Antonio, but the FHA limit is set at the MSA level and the MSA spans both.</p>
<p><strong>The San Antonio–New Braunfels MSA 2026 FHA limits are reported as $557,750 for one unit, $714,000 for two units, $863,100 for three units and $1,072,600 for four units.</strong> That figure comes from a <strong>secondary source</strong> (<a href=""https://lrgrealty.com/lrg-blog/2026-loan-limits-san-antonio-austin-killeen/"">LRG Realty, 2026 loan limits</a>), not from HUD directly, and it has not been confirmed against the official table. <strong>Verify it on HUD's own FHA mortgage limits lookup before relying on it</strong> (<a href=""https://entp.hud.gov/idapp/html/hicostlook.cfm"">HUD FHA mortgage limits lookup</a>). Your lender will pull it from that same source when the case number is assigned.</p>
<h2>VA, 2026</h2>
<p>There is no dollar figure to look up. Veterans with <strong>full entitlement have no VA loan limit</strong>, and the <strong>VA guaranty does not exceed 25%</strong> of the loan (<a href=""https://www.va.gov/housing-assistance/home-loans/loan-limits/"">U.S. Department of Veterans Affairs</a>).</p>
<p>Full entitlement is the condition, not the assumption. A veteran with an active VA loan, or with a prior VA loan that ended in foreclosure or a deed in lieu, may hold only partial entitlement, and in that case entitlement math does constrain the loan. The Certificate of Eligibility resolves it, and the lender pulls it as a matter of course.</p>
<p>&quot;No VA loan limit&quot; also does not mean unlimited borrowing. The VA is declining to cap the loan amount. Income, assets, credit and the appraised value still govern, and the lender still has to approve the file.</p>
<h2>What a loan limit actually governs</h2>
<p>A loan limit is an <strong>agency eligibility line</strong>, not an affordability statement and not a price cap on the house.</p>
<p>Below the applicable limit, the loan is <strong>agency-eligible</strong>: Fannie Mae or Freddie Mac can buy a conventional loan, or FHA can insure an FHA loan. That eligibility is why those loans price the way they do — there is a deep, liquid secondary market for them and the pricing reflects it.</p>
<p>Above the limit, a conventional loan becomes a <strong>jumbo</strong>. Nobody is buying it under agency guidelines, so the individual lender or its private investor sets the terms: its own down payment requirement, its own reserve requirement, its own credit standard, its own rate. Jumbo terms vary far more between lenders than conforming terms do, because there is no common rulebook. Two jumbo quotes on the same file can look like two different products.</p>
<p>The practical consequence for a Boerne or Kendall County buyer: the limit is a <strong>threshold in the loan amount, not the purchase price</strong>. A purchase above the limit can still be a conforming loan if the down payment brings the loan amount under it. That is a real planning lever, and it is worth running both ways with a lender — the jumbo option versus a larger down payment that keeps the loan conforming — before assuming the higher-priced structure is required.</p>
<h2>What moves these numbers, and when</h2>
<p>Conforming limits are reset annually by FHFA based on its house price index, announced in late fall for the following calendar year. FHA limits are reset annually by HUD in a Mortgagee Letter, keyed to the conforming baseline and set per county with the floor and ceiling as bounds. Both are calendar-year numbers.</p>
<p>Anything on this page is correct <strong>as of September 2026</strong> and is subject to the next annual reset. Before writing an offer near a limit, have your lender confirm the current figure and, for FHA, when the case number will be assigned.</p>
<h2>How this shows up in the contract</h2>
<p>A Texas buyer whose purchase depends on a mortgage uses the <strong>Third Party Financing Addendum, TREC form 40-11, effective 01/03/2025</strong> (<a href=""https://www.trec.texas.gov/agency-information/contracts"">TREC contract forms</a>). TREC promulgates the form and license holders are required to use it; a license holder may not draft contract language. The financing terms written into that addendum should match what your lender has actually approved — not what you hope to qualify for.</p>
<h2>Who to ask</h2>
<p>County-level FHA limits come from <strong>HUD's lookup tool</strong> and from your lender at case-number assignment. Entitlement questions go to the <strong>VA</strong> and your lender. Whether a jumbo or a larger down payment is the better structure for your file is a <strong>lender</strong> question, and it is worth asking for both scenarios in writing. Contract language is for a <strong>Texas real estate attorney</strong>.</p>
<h2>Related questions</h2>
<ul>
<li><a href=""/answers/conventional-vs-fha-vs-va-loan-in-texas"">Conventional vs. FHA vs. VA loan in Texas: which one?</a></li>
<li><a href=""/answers/how-much-down-payment-do-i-need-in-texas"">How much down payment do I need to buy a house in Texas?</a></li>
<li><a href=""/answers/what-credit-score-do-i-need-to-buy-a-house-in-texas"">What credit score do I need to buy a house in Texas?</a></li>
<li><a href=""/answers/what-is-the-va-funding-fee-and-who-is-exempt"">What is the VA funding fee, and who is exempt?</a></li>
<li><a href=""/answers/why-are-homes-in-boerne-so-expensive"">Why are homes in Boerne so expensive?</a></li>
</ul>
<h2>Questions about a specific property?</h2>
<p>Call or text <strong><a href=""tel:+1-830-446-3847"">830-446-3847</a></strong> · Email <strong><a href=""mailto:heath.shepard@kw.com"">heath.shepard@kw.com</a></strong></p>
<hr>
<p><em>Figures on this page are current as of September 2026 and reset annually. This is not lending advice — a licensed lender confirms the limit that applies to your file and when the FHA case number is assigned.</em></p>","","2026-09-17","buying-a-home","https://www.theheathshepardrealestateteam.com/boerne/buying-a-home","conventional-vs-fha-vs-va-loan-in-texas,how-much-down-payment-do-i-need-in-texas,what-credit-score-do-i-need-to-buy-a-house-in-texas,what-is-the-va-funding-fee-and-who-is-exempt,why-are-homes-in-boerne-so-expensive","https://www.fhfa.gov/news/news-release/fhfa-announces-conforming-loan-limit-values-for-2026
https://www.hud.gov/sites/dfiles/hudclips/documents/2025-23hsgml.pdf
https://www.hud.gov/news/hud-no-25-145
https://entp.hud.gov/idapp/html/hicostlook.cfm
https://www.va.gov/housing-assistance/home-loans/loan-limits/
https://lrgrealty.com/lrg-blog/2026-loan-limits-san-antonio-austin-killeen/
https://www.trec.texas.gov/agency-information/contracts","draft"
"What credit score do I need to buy a house in Texas?","what-credit-score-do-i-need-to-buy-a-house-in-texas","What credit score do I need to buy a house in Texas?","Why there is no single credit score answer in Texas: agency minimums vs. lender overlays, how score prices a loan, and what a real preapproval is worth.","There is no single number. Each loan program sets an agency minimum, and then the individual lender adds its own stricter overlay — the overlay is what you actually have to meet. Score also prices the loan and the mortgage insurance, not just approval. Get a real preapproval from a lender who pulls credit and reads your income documents.","<h2>There are two different minimums, and most articles only tell you about the wrong one</h2>
<p>Every page that answers this question with a single number is quoting a <strong>program minimum</strong> — the floor published by Fannie Mae and Freddie Mac for conventional loans, by HUD for FHA, or by the VA for VA loans. That floor describes what the agency will insure, guarantee or buy. It does not describe what any actual lender will lend you.</p>
<p>On top of the program floor, individual lenders impose <strong>overlays</strong>: their own stricter requirements, set by their risk appetite, their investor relationships and their servicing capacity. Overlays vary lender to lender, they change without notice, and they are not published anywhere you can look them up. A borrower who is comfortably above the program floor can still be declined by one lender and approved by the next one on the same file with the same score.</p>
<p>That is why the honest answer is structural rather than numerical. The number that governs your file is the overlay at the specific lender you apply with, on the day you apply. The only way to learn it is to apply.</p>
<h2>Score is a price, not just a gate</h2>
<p>The second thing the single-number framing hides: credit score is mostly a <strong>pricing input</strong>. Approval is binary. Cost is a slope.</p>
<p>Score feeds into loan-level pricing adjustments on conventional loans, which move your interest rate or your closing costs up or down. It feeds into what private mortgage insurance costs on a conventional loan with less than twenty percent down, because the mortgage insurance company is separately underwriting you. On an FHA loan the mortgage insurance structure is set by HUD rather than by your score, which is part of why FHA can pencil out better than conventional for a borrower with a thinner file — and worse for a borrower with a strong one.</p>
<p>So &quot;do I qualify&quot; is the wrong first question. The right one is: <strong>at my score, across the programs I am eligible for, what does the monthly payment actually come out to?</strong> Two loans that both approve can differ meaningfully in what you pay every month for thirty years. A lender can price conventional, FHA and VA side by side on the same file. Ask for that comparison in writing.</p>
<h2>Which score the lender is even looking at</h2>
<p>Mortgage underwriting does not use the free score in your banking app. Lenders pull a tri-merge report from all three bureaus, each with its own score, and standard practice is to use the middle of the three for a single borrower. On a joint application, the lower borrower's middle score typically governs. That means the number you have been watching is frequently not the number that decides your loan, and it is often not even close.</p>
<p>Pulling credit costs money and takes a few minutes. Any lender who tells you what you qualify for without pulling it is guessing, and you should treat their answer as a guess.</p>
<h2>What actually makes a preapproval worth anything</h2>
<p>A preapproval is only as strong as the work behind it. There is a wide range under the same word:</p>
<ul>
<li>A <strong>prequalification</strong> is a conversation. Someone typed your stated income and stated debts into a calculator. It proves nothing.</li>
<li>A <strong>preapproval</strong> should mean credit has been pulled and the loan officer has read pay stubs, W-2s or tax returns, and asset statements, and has run the file through automated underwriting.</li>
<li>An <strong>underwritten preapproval</strong> means a human underwriter has reviewed the file and issued conditions. This is the strongest thing a buyer can walk in with short of a cash offer.</li>
</ul>
<p>The difference matters most on the days it matters most. When a seller is holding two offers, the financing behind them is the tiebreaker, and a letter that says &quot;subject to verification of all information&quot; does not read the same as one from a lender who can say on the phone that the file has cleared underwriting.</p>
<h2>What the seller's side is actually reading</h2>
<p>In a Texas contract, a buyer whose purchase depends on getting a mortgage uses the <strong>Third Party Financing Addendum, TREC form 40-11, effective 01/03/2025</strong> (<a href=""https://www.trec.texas.gov/agency-information/contracts"">TREC contract forms</a>). It is a promulgated form — TREC writes it, license holders are required to use it, and license holders may not draft their own contract language.</p>
<p>That addendum, plus the preapproval letter attached to the offer, is what the listing side evaluates when it weighs your offer against another one. Listing agents call lenders. The answer they get — whether the loan officer picks up, whether they know the file, whether they will speak to the underwriting status — moves offers. A strong file communicated badly loses to a weaker file communicated well more often than buyers expect.</p>
<h2>Credit is a moving target, and mid-contract is the worst time to move it</h2>
<p>Your file gets re-verified before closing. Common ways buyers damage their own deal after going under contract:</p>
<ul>
<li>Financing furniture or appliances for the new house.</li>
<li>Opening a store card for the discount at checkout.</li>
<li>Buying or leasing a vehicle.</li>
<li>Moving money between accounts without a paper trail, which creates unsourced deposits the underwriter has to chase.</li>
<li>Paying off and closing an old account, which can shorten average account age.</li>
<li>Changing jobs, changing from salary to commission, or going from W-2 to 1099.</li>
</ul>
<p>None of these are hypothetical. All of them have killed loans in the last week before closing. The rule from contract to funding is boring on purpose: change nothing, buy nothing, move nothing, tell the lender first.</p>
<h2>One Texas-specific thing to know now, not later</h2>
<p>If you ever plan to pull equity out of the home once you own it, Texas is different from most states. A cash-out refinance or home equity loan on a Texas homestead is governed by the <strong>Texas Constitution, Section 50(a)(6)</strong>, which caps total borrowing against the homestead at <strong>80% of fair market value</strong>, requires a <strong>12-day</strong> waiting period before closing, caps most fees at <strong>2%</strong> of loan principal (excluding the appraisal, survey, title insurance premium and title search), is generally <strong>non-recourse</strong>, and allows only <strong>one</strong> such loan at a time with <strong>12 months</strong> between home equity closings (<a href=""https://hurstlending.com/texas-cash-out-refinance-rules-50a6-guidelines/"">Texas cash-out rules summarized</a>).</p>
<p>That matters at purchase because the equity cushion you will need later is set by law, not by what a lender is willing to do. Investment property in Texas is not subject to 50(a)(6). A lender can walk you through how it applies to your plans.</p>
<h2>Who to ask</h2>
<p>Qualification, rates, programs, overlays and what your specific score prices out to are <strong>lender</strong> questions, and the answer is file-specific. Credit report errors are disputed with the bureaus, and a reputable lender will tell you whether a rapid rescore is worth attempting on your file or whether it is a waste of thirty days. How the contract's financing terms should be written for your situation is a question for your agent and, where the language itself is at issue, a <strong>Texas real estate attorney</strong>.</p>
<h2>Related questions</h2>
<ul>
<li><a href=""/answers/how-much-down-payment-do-i-need-in-texas"">How much down payment do I need to buy a house in Texas?</a></li>
<li><a href=""/answers/conventional-vs-fha-vs-va-loan-in-texas"">Conventional vs. FHA vs. VA loan in Texas: which one?</a></li>
<li><a href=""/answers/what-are-the-2026-loan-limits-in-kendall-county"">What are the 2026 conforming and FHA loan limits in Kendall County, Texas?</a></li>
<li><a href=""/answers/what-is-the-third-party-financing-addendum"">What is the Third Party Financing Addendum?</a></li>
<li><a href=""/answers/what-is-a-texas-cash-out-refinance-50a6"">What is a Texas cash-out refinance (50(a)(6))?</a></li>
</ul>
<h2>Questions about a specific property?</h2>
<p>Call or text <strong><a href=""tel:+1-830-446-3847"">830-446-3847</a></strong> · Email <strong><a href=""mailto:heath.shepard@kw.com"">heath.shepard@kw.com</a></strong></p>
<hr>
<p><em>This page explains how mortgage credit requirements are structured. It is not lending advice or legal advice. Qualification, pricing and program eligibility are determined by a licensed lender reviewing your actual file.</em></p>","","2026-09-17","buying-a-home","https://www.theheathshepardrealestateteam.com/boerne/buying-a-home","how-much-down-payment-do-i-need-in-texas,conventional-vs-fha-vs-va-loan-in-texas,what-are-the-2026-loan-limits-in-kendall-county,what-is-the-third-party-financing-addendum,what-is-a-texas-cash-out-refinance-50a6","https://www.trec.texas.gov/agency-information/contracts
https://hurstlending.com/texas-cash-out-refinance-rules-50a6-guidelines/
https://www.rocketmortgage.com/learn/home-equity-loan-cash-out-refinance-texas","draft"
"What does the effective date mean in a Texas real estate contract?","what-does-the-effective-date-mean-in-a-texas-contract","What does the effective date mean in a Texas real estate contract?","The effective date is the last signature delivered, and day zero for the three-day option fee, the option period, financing and title deadlines.","The effective date is the date the last party signs the contract and that signature is delivered. It is day zero. Every other deadline in a Texas contract counts from it: the option fee delivery, the option period, the financing deadline, title objections and the closing date. A wrong effective date makes every one of them wrong.","<h2>When the effective date happens</h2>
<p>Two events have to occur, in order:</p>
<ol>
<li><strong>The last party signs.</strong> If the buyer signs Tuesday and the seller signs Thursday, Tuesday is irrelevant to the effective date.</li>
<li><strong>That final signature is delivered</strong> to the other party, in the way the contract provides for delivery.</li>
</ol>
<p>Signature plus delivery. Not acceptance in principle, not a verbal yes, not &quot;we have a deal&quot; over the phone, not the seller's agent saying the seller is signing tonight.</p>
<p>Things that are <strong>not</strong> the effective date and are regularly mistaken for it:</p>
<ul>
<li>The date the buyer wrote the offer.</li>
<li>The date the seller verbally accepted.</li>
<li>The date the offer was emailed.</li>
<li>The date the title company opened the file.</li>
<li>The date the earnest money was wired.</li>
</ul>
<p>The effective date is a blank on the contract, filled in when both conditions are met. Under Texas real estate practice it is normally filled in and dated by the broker or agent who receives that last delivery, and it is the one blank on the form that should never be guessed at.</p>
<h2>Why it is the most load-bearing date in the deal</h2>
<p>The TREC contract expresses almost nothing as an absolute calendar date. It expresses obligations as <strong>a number of days after the effective date</strong>. Move the effective date by one day and the entire chain slides.</p>
<p>What hangs off it, with the paragraph of the One to Four Family Residential Contract (Resale) that puts it there (<a href=""https://www.trec.texas.gov/sites/default/files/pdf-forms/20-19_4.pdf"">TREC form 20-19, PDF</a>):</p>
<ul>
<li><strong>¶5A — earnest money and option fee.</strong> &quot;<strong>Within 3 days after the Effective Date</strong>, Buyer must deliver to [Escrow Agent] ... as earnest money and ... as the option fee.&quot; They &quot;<strong>may be paid separately or combined in a single payment</strong>.&quot; Delivery is to the escrow agent — the title company, not the seller (<a href=""https://www.trec.texas.gov/article/changes-delivery-option-fee-0"">TREC</a>).</li>
<li><strong>¶5A(1) — additional earnest money</strong>, delivered within a stated number of days after the Effective Date.</li>
<li><strong>¶5B — the option period.</strong> The seller grants the buyer &quot;the <strong>unrestricted right to terminate</strong> this contract by giving notice of termination to Seller within [ ] days after the Effective Date of this contract (Option Period),&quot; with notices due &quot;<strong>by 5:00 p.m. (local time where the Property is located)</strong>.&quot; Counted in calendar days with the effective date as day zero — a ten-day option period on a November 1 effective date runs out at 5:00 p.m. on November 11 (<a href=""https://trerc.tamu.edu/article/option-period-basics-2360/"">Texas Real Estate Research Center</a>).</li>
<li><strong>¶6C — the survey.</strong> Whichever of the three survey boxes is checked, it runs on a stated number of days, and two of the three outcomes back up against &quot;<strong>no later than 3 days prior to Closing Date</strong>.&quot;</li>
<li><strong>¶7B — the seller's disclosure notice</strong>, delivered within a stated number of days after the Effective Date when box (2) is checked.</li>
<li><strong>The financing deadline</strong> under the <strong>Third Party Financing Addendum, form 40-11, effective 01/03/2025</strong>. The contract cross-references it in ¶6C(2): a buyer who elects to obtain the survey and fails to &quot;<strong>may not terminate</strong> the contract under Paragraph 2B of the Third Party Financing Addendum because the survey was not obtained&quot; (<a href=""https://www.trec.texas.gov/agency-information/contracts"">TREC contract forms</a>).</li>
<li><strong>¶6B and ¶6D — the title commitment and the objection window.</strong> 6B runs 20 days from when the <strong>Title Company receives a copy of the contract</strong>, which is a different trigger — and a file that does not get opened on day one has already burned days.</li>
<li><strong>HOA subdivision information</strong>, where the association has up to 10 business days from a written request, which itself has to start early.</li>
<li><strong>Closing</strong>, stated as a date but negotiated against that whole chain.</li>
</ul>
<p>One date, nine or more downstream obligations. It is the closest thing a Texas contract has to a single point of failure.</p>
<h2>What the contract says about missing those dates</h2>
<p>Three sentences from Paragraph 5 decide most disputes about timing.</p>
<p><strong>¶5D — no option fee, no option.</strong> &quot;If <strong>no dollar amount is stated</strong> as the option fee or if Buyer fails to deliver the option fee within the time required, <strong>Buyer shall not have the unrestricted right to terminate</strong> this contract under this paragraph 5.&quot; A blank and a late delivery produce the same result.</p>
<p><strong>¶5C — late earnest money.</strong> The seller may terminate or exercise remedies under Paragraph 15, or both, by giving notice to the buyer <strong>before the buyer delivers the earnest money</strong>. The window closes when the money lands, which is why a seller who wants to act on it has to act quickly.</p>
<p><strong>¶5E — time.</strong> &quot;<strong>Time is of the essence</strong> for this paragraph and strict compliance with the time for performance is required.&quot; That is the whole doctrine in one line. There is no substantial-compliance argument built into Paragraph 5.</p>
<p>Two mechanical details that go with them. <strong>¶5A(3)</strong>: funds received are applied &quot;<strong>first to the option fee, then to the earnest money, and then to the additional earnest money</strong>&quot; — so a combined payment that is short leaves the earnest money underfunded rather than the option fee. And <strong>¶5A(4)</strong>: the buyer authorizes the escrow agent to release the option fee to the seller &quot;at any time without further notice to or consent from Buyer,&quot; and &quot;<strong>the option fee will be credited to the Sales Price at closing</strong>.&quot;</p>
<h2>The weekend rule is narrower than people think</h2>
<p><strong>¶5A(2)</strong> provides that if the last day to deliver the earnest money, the option fee or the additional earnest money falls on a <strong>Saturday, Sunday or Legal Holiday</strong>, the time is extended to the end of the next day that is not one of those. The form defines Legal Holiday by statute: a legal holiday described in <strong>Sections 662.003(a) and 662.003(b)(4) and (6), Texas Government Code</strong>.</p>
<p>Note what that rule covers. It is written into Paragraph 5, about delivery of those funds. It is not a general &quot;all deadlines roll to Monday&quot; rule for the whole contract. The option period itself runs on calendar days and expires at 5:00 p.m. on its final day.</p>
<p>Different clocks in the same contract: calendar days for the option period, the 5A(2) rollover for fund delivery, business days for the HOA's 10-day response, and &quot;the earlier of the Closing Date or X days&quot; for title objections. Mixing them up produces a confident wrong answer.</p>
<h2>What actually goes wrong</h2>
<p><strong>Backdating to &quot;make the numbers work.&quot;</strong> Someone writes an earlier date so the option period lines up with a weekend, or because the offer was made days earlier. That is not a scheduling convenience. It is a misstatement on an executed contract, it can start deadlines that have already run, and it can hand a party a defense they would not otherwise have.</p>
<p><strong>Guessing forward.</strong> Someone fills in the date the seller <em>plans</em> to sign. If the seller signs later, the contract now says deadlines began before it existed.</p>
<p><strong>Leaving it blank.</strong> A contract circulating with no effective date has no computable deadlines. Nobody knows when the option fee is due, which means it gets delivered late, which means the buyer loses the unrestricted termination right entirely — the single most common way a Texas buyer forfeits protection they paid for.</p>
<p><strong>A multi-party signature that never got delivered.</strong> Two sellers, one signs, the other's page is signed but never sent. No delivery, no effective date, and everyone proceeds as though the clock is running.</p>
<h2>If the date on the contract is wrong</h2>
<p>Do not fix it by writing over it. Changing a date on an executed contract is changing a contract term, and Texas contracts are changed one way: an <strong>Amendment to Contract, form 39-11, effective 07/01/2026</strong>, signed by every party and delivered (<a href=""https://www.trec.texas.gov/agency-information/contracts"">TREC contract forms</a>).</p>
<p>If deadlines have already run against the wrong date, the situation is no longer a clerical question and the parties' rights may already have been affected. That is a question for a <strong>Texas real estate attorney</strong>, not something to solve by agreement in a group text.</p>
<h2>The habit that prevents all of it</h2>
<p>The moment the contract goes effective, build the deadline calendar from that date and send it to everyone — buyer, seller, lender, title company, inspector.</p>
<ul>
<li>Option fee delivered to the title company, and confirmation from the title company that it was received.</li>
<li>Option period expiration, with the time: 5:00 p.m. local.</li>
<li>Financing approval deadline.</li>
<li>Title commitment review and objection deadline.</li>
<li>HOA document request date, and the 10-business-day outside date.</li>
<li>Closing date.</li>
</ul>
<p>The contract for an ordinary resale is <strong>form 20-19, effective 07/01/2026</strong> (<a href=""https://www.trec.texas.gov/forms/one-four-family-residential-contract-resale"">TREC</a>); condominiums, builder new construction and farm and ranch use their own promulgated contracts, and the day counts live in the same place on each.</p>
<p>Every deadline in that list is enforceable against a party who misses it, and none of them send a reminder.</p>
<h2>Related questions</h2>
<ul>
<li><a href=""/answers/what-is-the-option-period-in-texas"">What is the option period in a Texas real estate contract?</a></li>
<li><a href=""/answers/how-does-the-option-fee-work-in-texas"">How does the option fee work in Texas?</a></li>
<li><a href=""/answers/what-is-the-third-party-financing-addendum"">What is the Third Party Financing Addendum in Texas?</a></li>
<li><a href=""/answers/what-is-the-trec-1-4-family-residential-contract"">What is the TREC 1-4 Family Residential Contract?</a></li>
<li><a href=""/answers/what-is-the-amendment-to-contract-form-in-texas"">What is the Amendment to Contract in a Texas real estate deal?</a></li>
</ul>
<h2>Questions about a specific property?</h2>
<p>Call or text <strong><a href=""tel:+1-830-446-3847"">830-446-3847</a></strong> · Email <strong><a href=""mailto:heath.shepard@kw.com"">heath.shepard@kw.com</a></strong></p>
<hr>
<p><em>This page explains how the effective date works in a Texas real estate contract. It is not legal advice. If deadlines have run against an incorrect effective date, talk with a Texas real estate attorney.</em></p>","","2026-09-17","buying-a-home","https://www.theheathshepardrealestateteam.com/boerne/buying-a-home","what-is-the-option-period-in-texas,how-does-the-option-fee-work-in-texas,what-is-the-third-party-financing-addendum,what-is-the-trec-1-4-family-residential-contract,what-is-the-amendment-to-contract-form-in-texas","https://www.trec.texas.gov/forms/one-four-family-residential-contract-resale
https://www.trec.texas.gov/agency-information/contracts
https://www.trec.texas.gov/article/changes-delivery-option-fee-0
https://trerc.tamu.edu/article/option-period-basics-2360/
https://www.trec.texas.gov/sites/default/files/pdf-forms/20-19_4.pdf","draft"
"What happens at a Texas real estate closing?","what-happens-at-a-texas-closing","What happens at a Texas real estate closing?","The title company runs it, no attorney required, and signing is not closing. Funding and recording are, plus what paragraph 13 prorates.","At a Texas closing the title company acts as escrow agent. The parties sign the deed, note and closing disclosure, the buyer wires funds, the lender funds the loan, and the title company records the deed. Signing is not closing — the deal closes when it funds and records. No attorney is required.","<h2>The title company runs it</h2>
<p>In Texas, residential closings happen at a title company, and the title company does the work that in some other states falls to an attorney. It serves as <strong>escrow agent</strong>, runs the title search, issues the title commitment and then the title policy, prepares the closing documents, collects and disburses funds, and records the deed.</p>
<p>Hiring an attorney is optional, not required. Nothing about a Texas residential closing depends on one being present.</p>
<p>The title company is neutral. It represents neither buyer nor seller. It cannot give either side legal advice and it cannot decide a dispute between them — which is exactly why escrowed earnest money cannot be released without mutual agreement or a court order.</p>
<h2>Before the signing appointment</h2>
<p>The closing is the last step of a chain that has been running since the effective date.</p>
<p>The title company opens the file and orders the title search, then issues the <strong>title commitment</strong> — which lists what the policy will cover, what it excepts, and what has to be cleared before it will insure.</p>
<p>That has a deadline. Paragraph 6B of the contract requires the seller to furnish the commitment &quot;<strong>within 20 days after the Title Company receives a copy of this contract</strong>,&quot; along with legible copies of the exception documents at the buyer's expense. If it is not delivered in time, delivery is &quot;automatically extended up to <strong>15 days or 3 days before the Closing Date, whichever is earlier</strong>.&quot; If it still has not arrived, &quot;<strong>Buyer may terminate this contract and the earnest money will be refunded to Buyer</strong>&quot; (<a href=""https://www.trec.texas.gov/sites/default/files/pdf-forms/20-19_4.pdf"">TREC form 20-19, ¶6B</a>).</p>
<p>Once it arrives, the buyer's objection clock under ¶6D starts. Objections are due by the earlier of the closing date or a stated number of days after receiving the commitment, exception documents and survey, and failure to object in time &quot;<strong>will constitute a waiver</strong>&quot; of the right, except as to the Schedule C requirements. If the seller does not cure timely objections within the <strong>15-day cure period</strong>, the buyer has <strong>5 days</strong> after that period ends to terminate with earnest money refunded, or waive.</p>
<p>Liens get payoff statements ordered. Tax certificates get pulled. The survey question gets resolved under ¶6C — either the seller's existing survey plus a <strong>T-47 Affidavit or T-47.1 Declaration</strong> is accepted, or a new survey is ordered (<a href=""https://www.tdi.texas.gov/title/documents/formT-47.pdf"">TDI T-47</a>). The HOA is contacted for the resale certificate and transfer amounts if there is one.</p>
<p>On the lender's side, underwriting finishes, the appraisal comes in, and the loan gets a clear to close. The lender issues the <strong>Closing Disclosure</strong>, which itemizes the final loan terms and costs and must reach the borrower in advance of consummation under federal rules — your lender will tell you the exact timing for your loan.</p>
<p>The buyer's side has its own tasks: homeowner's insurance bound and the binder delivered to the lender, the wire set up, a government-issued photo ID ready, and the final walkthrough scheduled.</p>
<p>Any one of these can move the closing date. The one that moves it most often is the lender.</p>
<h2>What gets signed</h2>
<p>The stack varies with the loan, but the core documents are consistent.</p>
<p><strong>Seller signs</strong></p>
<ul>
<li>The <strong>deed</strong> conveying title to the buyer</li>
<li>The settlement statement</li>
<li>Affidavits required by the title company, which may include a T-47 or T-47.1 and a no-lien affidavit</li>
<li>Tax and identity forms, including IRS reporting forms where applicable</li>
<li>Any FIRPTA-related certification</li>
</ul>
<p><strong>Buyer signs</strong></p>
<ul>
<li>The <strong>promissory note</strong> — the promise to repay</li>
<li>The <strong>deed of trust</strong> — the lien securing the note against the property</li>
<li>The <strong>Closing Disclosure</strong></li>
<li>The settlement statement</li>
<li>Loan affidavits and disclosures, occupancy certification, and the tax authorization forms</li>
</ul>
<p>A deed and a deed of trust require notarization. Whoever is signing has to have valid identification and has to be present, physically or by an accepted remote method the title company offers.</p>
<p>Sellers and buyers frequently sign separately, hours or days apart. There is no requirement that everyone sit at the same table, and on many transactions nobody does.</p>
<h2>Signing is not closing</h2>
<p>This is the single most misunderstood part of a Texas closing, and it is where people get caught.</p>
<p>Signing is the buyer and seller executing documents. <strong>Closing is when the transaction funds and records.</strong> The deal is not done when the pen goes down.</p>
<p>The sequence after signing:</p>
<ol>
<li>The title company confirms it has every required item — all signatures, the buyer's funds, the seller's payoff figures, the lender's loan package.</li>
<li>The lender reviews the executed package and <strong>funds</strong> — wires the loan proceeds.</li>
<li>The title company <strong>records</strong> the deed and the deed of trust with the county clerk in the county where the property sits. For Boerne that is <strong>Kendall County</strong>, not Bexar County.</li>
<li>Only then does the title company <strong>disburse</strong> — payoff to the existing lender, proceeds to the seller, commissions, the county's recording fees, and any credits.</li>
</ol>
<p><strong>Funds are not disbursed and documents are not recorded until all required items are received.</strong> A missing signature page, a payoff that arrived short, a wire that has not landed, or a lender that did not release funding will hold everything. The file sits signed and unclosed.</p>
<p>This is why the answer to &quot;can I get the keys right after I sign?&quot; is no. Possession transfers at closing and funding, per the contract, unless the parties agreed otherwise in writing — a temporary residential lease, for instance, using the promulgated forms 15-7 or 16-7 (<a href=""https://www.trec.texas.gov/agency-information/contracts"">TREC contract forms</a>).</p>
<p>It is also why Friday afternoon closings are structurally risky. If anything stalls after signing, the title company and the lender are closed until Monday and the money sits in limbo across the weekend.</p>
<h2>Money movement</h2>
<p><strong>The buyer wires.</strong> Large closing funds come by wire, not by personal check. Confirm wire instructions by calling the title company at a number you looked up independently — never from the email containing the instructions. Wire fraud in real estate closings is a persistent, active problem, and a wire sent to a fraudulent account is generally not recoverable.</p>
<p><strong>Prorations settle.</strong> Paragraph 13 governs, and it is worth reading in full: &quot;<strong>Taxes for the current year, interest, rents, and regular periodic maintenance fees, assessments, and dues (including prepaid items) will be prorated through the Closing Date. The tax proration may be calculated taking into consideration any change in exemptions that will affect the current year's taxes. If taxes for the current year vary from the amount prorated at closing, the parties shall adjust the prorations when tax statements for the current year are available. If taxes are not paid at or prior to closing, Buyer shall pay taxes for the current year</strong>&quot; (<a href=""https://www.trec.texas.gov/sites/default/files/pdf-forms/20-19_4.pdf"">TREC form 20-19, ¶13</a>).</p>
<p>Two consequences people miss. The tax number on your settlement statement is an estimate — the parties <strong>shall adjust</strong> once the real statements come out, which can mean a check months after closing. And if the property's exemptions are changing, the proration may be computed with that in mind, so a seller's homestead or over-65 exemption does not automatically follow the property to the buyer.</p>
<p><strong>Expenses split per ¶12.</strong> Paragraph 12A(1) assigns the seller lien releases with prepayment penalties and recording fees, release of seller's loan liability, tax statements or certificates, preparation of deed, and one-half of the escrow fee. Paragraph 12A(2) assigns the buyer the loan costs, the loan title policy with lender endorsements, one-half of the escrow fee, prepaid flood and hazard insurance premiums and reserves, and PMI, the VA Loan Funding Fee or FHA MIP as required by the lender (<a href=""https://www.trec.texas.gov/sites/default/files/pdf-forms/20-19_4.pdf"">TREC form 20-19, ¶12</a>).</p>
<p><strong>Brokerage compensation is separate.</strong> Paragraph 12B: &quot;Brokerage compensation is not set by law and is fully negotiable,&quot; and each party pays their own broker under separate written agreements.</p>
<p><strong>The option fee shows as a credit.</strong> Paragraph 5A(4): &quot;The option fee will be credited to the Sales Price at closing.&quot; Earnest money is credited to the buyer as well.</p>
<p><strong>The seller nets.</strong> Payoff, compensation and seller-side costs come off the sales price, and the remainder is wired or issued to the seller after funding.</p>
<h2>If the house burns down before closing</h2>
<p>Paragraph 14, CASUALTY LOSS, covers damage by fire or other casualty after the effective date. The seller must restore the property &quot;as soon as reasonably possible, but in any event by the Closing Date.&quot;</p>
<p>If the seller cannot, due to factors beyond the seller's control, the buyer has three options (<a href=""https://www.trec.texas.gov/sites/default/files/pdf-forms/20-19_4.pdf"">TREC form 20-19, ¶14</a>):</p>
<ol>
<li><strong>Terminate</strong> and have the earnest money refunded.</li>
<li><strong>Extend</strong> the time for performance up to <strong>15 days</strong>, with the closing date extended as necessary.</li>
<li><strong>Accept</strong> the property in its damaged condition with an assignment of insurance proceeds, if the carrier permits — <strong>plus a credit from the seller at closing in the amount of the deductible</strong>.</li>
</ol>
<p>Option three is the one worth knowing about. A buyer taking the insurance proceeds is not also stuck eating the seller's deductible; the contract makes the seller credit it. That single clause can be worth a few thousand dollars on a hail claim, and it is routinely forgotten in Hill Country storm season.</p>
<h2>The title policy</h2>
<p>The owner's title policy is issued after closing. It insures the buyer's title against covered defects — liens, undisclosed heirs, forgery, errors in the public record, and, if the survey exception was amended, matters a survey would disclose.</p>
<p>Texas title insurance premium rates are <strong>promulgated by the Texas Department of Insurance</strong>, so the premium for a given policy amount is identical at every title company in the state. The current schedule is &quot;Texas Title Insurance Premium Rates, Rates Effective March 1, 2026&quot; (<a href=""https://tdi.texas.gov/title/titlerates2026.html"">TDI</a>, <a href=""https://www.tdi.texas.gov/title/documents/titlerates2026.pdf"">rate table</a>). Which title company you use changes the service and the escrow fee, not the premium.</p>
<h2>When you do want an attorney</h2>
<p>The contract says so itself. Paragraph 6E(1): &quot;<strong>Broker advises Buyer to have an abstract of title covering the Property examined by an attorney of Buyer's selection</strong>, or Buyer should be furnished with or obtain a Title Policy. If a Title Policy is furnished, the <strong>Commitment should be promptly reviewed by an attorney of Buyer's choice due to the time limitations on Buyer's right to object</strong>&quot; (<a href=""https://www.trec.texas.gov/sites/default/files/pdf-forms/20-19_4.pdf"">TREC form 20-19, ¶6E(1)</a>).</p>
<p>And Paragraph 23 is titled <strong>CONSULT AN ATTORNEY BEFORE SIGNING</strong>: &quot;TREC rules prohibit real estate brokers and sales agents from giving legal advice. READ THIS CONTRACT CAREFULLY.&quot; The form provides printed fields for the buyer's attorney and the seller's attorney.</p>
<p>The title company is neutral and does not advise either side. If the transaction involves a title defect the commitment flagged, a probate or estate sale, an entity or trust taking title, a boundary dispute, a deed restriction question, community property or a divorce decree, or custom contract language, a <strong>Texas real estate attorney</strong> is the right person — and specifically during the ¶6D objection window, not at the closing table.</p>
<h2>Related questions</h2>
<ul>
<li><a href=""/answers/who-pays-closing-costs-in-texas"">Who pays closing costs in Texas?</a></li>
<li><a href=""/answers/do-i-need-a-real-estate-attorney-to-buy-a-house-in-texas"">Do I need a real estate attorney to buy a house in Texas?</a></li>
<li><a href=""/answers/what-is-title-insurance-in-texas"">What is title insurance in Texas?</a></li>
<li><a href=""/answers/what-is-a-title-commitment-in-texas"">What is a title commitment in Texas?</a></li>
<li><a href=""/answers/are-property-taxes-prorated-at-closing-in-texas"">Are property taxes prorated at closing in Texas?</a></li>
</ul>
<h2>Questions about a specific property?</h2>
<p>Call or text <strong><a href=""tel:+1-830-446-3847"">830-446-3847</a></strong> · Email <strong><a href=""mailto:heath.shepard@kw.com"">heath.shepard@kw.com</a></strong></p>
<hr>
<p><em>This page describes the mechanics of a Texas residential closing. It is not legal advice. For title defects, estates, entity purchases or contract language, talk with a Texas real estate attorney.</em></p>","","2026-09-17","buying-a-home","https://www.theheathshepardrealestateteam.com/boerne/buying-a-home","who-pays-closing-costs-in-texas,do-i-need-a-real-estate-attorney-to-buy-a-house-in-texas,what-is-title-insurance-in-texas,what-is-a-title-commitment-in-texas,are-property-taxes-prorated-at-closing-in-texas","https://www.trec.texas.gov/sites/default/files/pdf-forms/20-19_4.pdf
https://tdi.texas.gov/title/titlerates2026.html
https://www.tdi.texas.gov/title/documents/titlerates2026.pdf
https://www.trec.texas.gov/agency-information/contracts
https://www.trec.texas.gov/article/changes-delivery-option-fee-0
https://www.tdi.texas.gov/title/documents/formT-47.pdf","draft"
"What is a 1031 exchange?","what-is-a-1031-exchange","What is a 1031 exchange?","The 45-day identification and 180-day receipt clocks, why a year-end closing shortens them, qualified intermediaries, Form 8824 and TREC form 60-0.","A 1031 exchange lets an owner defer capital gain on real property held for productive use in a trade or business or for investment by exchanging it for like-kind real property. You have 45 days to identify replacement property in writing and 180 days to receive it. A personal residence does not qualify.","<h2>What qualifies, after the Tax Cuts and Jobs Act</h2>
<p>Section 1031 of the Internal Revenue Code now applies <strong>only to real property</strong>. The Tax Cuts and Jobs Act removed personal property and intangible property from the section, so exchanges of equipment, vehicles, artwork or franchise rights no longer qualify (<a href=""https://www.irs.gov/businesses/small-businesses-self-employed/like-kind-exchanges-real-estate-tax-tips"">IRS, <em>Like-Kind Exchanges — Real Estate Tax Tips</em></a>).</p>
<p>The property has to be <strong>held for productive use in a trade or business or for investment</strong> — both the property given up and the property received. A <strong>personal residence does not qualify.</strong> Neither does property held primarily for resale.</p>
<p>&quot;Like-kind&quot; is broader than most people expect within real property. Real property is generally like-kind to other real property regardless of grade or quality — raw land, a rental house, a retail building. What matters is how the property was held, not what type of building sits on it. Whether a particular property was held in a qualifying way is a facts-and-circumstances question, and it is a <strong>CPA's</strong> call, not an agent's.</p>
<h2>Deferral is not forgiveness</h2>
<p>A 1031 exchange defers gain. It does not erase it. The deferred gain generally carries forward into the basis of the replacement property, which is why a chain of exchanges can push a large embedded gain forward for years and why the eventual taxable event, if there is one, can be much larger than the gain on any single sale.</p>
<p>That is the part worth understanding before anyone builds a strategy on it. It is also exactly where a <strong>CPA or tax advisor</strong> earns their fee, because the basis carryover, any boot received, depreciation recapture and the interaction with the taxpayer's other holdings are all specific to the filer.</p>
<h2>The two clocks, and the one that surprises people</h2>
<p>Both clocks start at the <strong>transfer of the relinquished property</strong> — the day the old property closes.</p>
<p><strong>45 days to identify.</strong> Replacement property must be identified <strong>in writing, signed by the taxpayer, and delivered</strong> to a person involved in the exchange, such as the qualified intermediary or the seller of the replacement property (<a href=""https://www.irs.gov/businesses/small-businesses-self-employed/like-kind-exchanges-real-estate-tax-tips"">IRS</a>). Identification is a formal written act with a deadline, not a conversation with an agent.</p>
<p><strong>180 days to receive</strong> the replacement property — <strong>or the due date of the tax return, including extensions, for the year of the transfer, whichever is earlier.</strong></p>
<p>That &quot;whichever is earlier&quot; is the rule that catches people, and it catches them in one specific situation: <strong>a relinquished property that closes late in the calendar year.</strong> Sell in November, and 180 days runs into May — but the return due date arrives first unless the taxpayer files an extension. The fix is usually mechanical and usually involves an extension, and it has to be handled by the CPA before the deadline, not discovered after it.</p>
<p>These deadlines are strict. If the timing fails, the gain may be taxable in the year of the transfer.</p>
<h2>The qualified intermediary is not optional in practice</h2>
<p>A <strong>qualified intermediary</strong> structure is what allows a deferred exchange — one where the sale and the purchase happen on different days — to be treated as a like-kind exchange rather than a sale followed by a purchase (<a href=""https://www.irs.gov/businesses/small-businesses-self-employed/like-kind-exchanges-real-estate-tax-tips"">IRS</a>).</p>
<p>The practical rule that flows from that: <strong>the seller cannot take receipt of the proceeds.</strong> Money that lands in the seller's account, or in an account the seller controls, generally blows the exchange. The intermediary has to be engaged <strong>before the relinquished property closes</strong> — not after the funds move, and not &quot;we'll set it up next week.&quot;</p>
<p>This is the single most common way a 1031 fails in the field. The deal closes normally, the title company wires the seller, and the exchange is over before the CPA hears about it. Engage the intermediary while the property is still under contract.</p>
<p>Choosing an intermediary is a diligence exercise of its own. They hold the money, they are not federally licensed in the way a bank is, and the taxpayer bears the counterparty risk. A CPA or attorney can point to ones they have used.</p>
<h2>How it shows up in a Texas contract</h2>
<p>TREC publishes an <strong>Addendum for Section 1031 Exchange, form 60-0, effective 01/03/2025</strong> (<a href=""https://www.trec.texas.gov/agency-information/contracts"">TREC contract forms</a>). It is the promulgated way to put the other side on notice that the transaction is part of an exchange and to address cooperation.</p>
<p>Two things it does not do. It does not make the exchange work — the intermediary and the deadlines do that. And it is not a substitute for the exchange documents themselves, which the qualified intermediary prepares.</p>
<p>TREC license holders may not draft contract language. If the situation needs something the promulgated addendum does not cover, that is a <strong>Texas real estate attorney's</strong> work.</p>
<h2>Reporting</h2>
<p>The exchange is reported to the IRS on <strong>Form 8824</strong> (<a href=""https://www.irs.gov/instructions/i8824"">IRS Instructions for Form 8824</a>). It gets filed with the return for the year the relinquished property was transferred, which means a 1031 shows up on a return even though no tax is being paid on the gain.</p>
<h2>What this page deliberately does not tell you</h2>
<p>There are specific IRS rules governing <strong>how many</strong> replacement properties a taxpayer may identify within the 45 days and at what aggregate value. Those rules exist and they matter, and the version of them circulating on real estate blogs is frequently stated wrong. Ask the qualified intermediary and the CPA for the current identification rules in writing before the 45th day.</p>
<p>Likewise, nothing here addresses whether a 1031 is the right move at all. Deferring gain has a cost — the replacement property is chosen under a 45-day clock, which is not a condition anyone would choose for a major acquisition. Sometimes paying the tax and buying the right asset in ninety days beats deferring it into the wrong one in forty-five.</p>
<h2>Who decides what</h2>
<ul>
<li><strong>CPA or tax advisor</strong>: whether the property qualifies, whether the exchange makes sense, basis and boot, depreciation recapture, the extension needed to protect the 180 days.</li>
<li><strong>Qualified intermediary</strong>: the exchange documents, holding the proceeds, the identification mechanics and the current identification rules.</li>
<li><strong>Texas real estate attorney</strong>: entity and title questions, any contract language beyond the promulgated addendum.</li>
<li><strong>Real estate agent</strong>: finding and contracting the replacement property inside the 45-day window, which is the part that actually runs out first.</li>
</ul>
<h2>Related questions</h2>
<ul>
<li><a href=""/answers/what-is-the-brrrr-method-and-does-it-work-in-texas"">What is the BRRRR method, and does it work in Texas?</a></li>
<li><a href=""/answers/how-are-rental-properties-taxed-differently-in-texas"">How are rental properties taxed differently in Texas?</a></li>
<li><a href=""/answers/what-is-a-texas-cash-out-refinance-50a6"">What is a Texas cash-out refinance under Section 50(a)(6)?</a></li>
<li><a href=""/answers/is-boerne-a-good-real-estate-investment"">Is Boerne a good real estate investment?</a></li>
<li><a href=""/answers/what-is-the-trec-1-4-family-residential-contract"">What is the TREC One to Four Family Residential Contract?</a></li>
</ul>
<h2>Questions about a specific property?</h2>
<p>Call or text <strong><a href=""tel:+1-830-446-3847"">830-446-3847</a></strong> · Email <strong><a href=""mailto:heath.shepard@kw.com"">heath.shepard@kw.com</a></strong></p>
<hr>
<p><em>This page explains the mechanism of a Section 1031 exchange as of September 2026 and is not tax or legal advice. A CPA or tax advisor and a qualified intermediary decide how Section 1031 applies to your situation.</em></p>","","2026-09-17","real-estate-market","https://www.theheathshepardrealestateteam.com/boerne/real-estate-market","what-is-the-brrrr-method-and-does-it-work-in-texas,how-are-rental-properties-taxed-differently-in-texas,what-is-a-texas-cash-out-refinance-50a6,is-boerne-a-good-real-estate-investment,what-is-the-trec-1-4-family-residential-contract","https://www.irs.gov/businesses/small-businesses-self-employed/like-kind-exchanges-real-estate-tax-tips
https://www.irs.gov/instructions/i8824
https://www.trec.texas.gov/agency-information/contracts","draft"
"What is a MUD or a PID in a Texas subdivision?","what-is-a-mud-or-pid-in-a-texas-subdivision","What is a MUD or a PID in a Texas subdivision?","MUD notice is Water Code 49.452, PID notice is Property Code 5.014, each has its own TREC form, and both land on the monthly payment.","A MUD is a municipal utility district and a PID is a public improvement district. Both fund water, sewer, roads and amenities in a Texas subdivision, and both add a line to the property tax bill that can change the monthly payment. Each has a TREC notice form that goes to the buyer in the transaction.","<h2>Why these exist at all</h2>
<p>Texas grows at the edges. A developer buys raw land outside a city's utility system and has to put in water lines, wastewater treatment, drainage, streets and sometimes parks before a single house sells. That infrastructure costs real money up front, and the buyers who will use it do not exist yet.</p>
<p>A special district solves the timing problem. The district issues debt to build the infrastructure, and the property owners inside the district pay it back over time through a tax or an assessment on their property. The cost lands on the people who use it, spread over years, instead of entirely on the lot price at closing.</p>
<p>That is the honest case for them. The honest cost is that the buyer's tax bill is higher than an identical house outside the district, often by enough to change what the buyer can afford.</p>
<h2>MUD and PID are not the same thing</h2>
<p><strong>MUD — municipal utility district.</strong> A political subdivision with its own board. It typically owns and operates water, wastewater and drainage infrastructure, and it <strong>levies a property tax</strong> the same way a city or school district does. It appears as its own taxing-entity line on the tax bill, with its own rate, and that rate can change year to year as the district's debt is paid down or new debt is issued.</p>
<p><strong>PID — public improvement district.</strong> Created by a city or county to fund specified improvements in a defined area. A PID does not levy a property tax in the MUD sense; it imposes an <strong>assessment</strong> against the properties within it. TREC's own form language reflects the distinction — the form is titled an &quot;Obligation to Pay Improvement District Assessment.&quot;</p>
<p>Two practical consequences follow from that difference.</p>
<ol>
<li>A PID assessment often has a <strong>payoff</strong> — an outstanding principal balance attributable to the lot that can, in many districts, be paid off in a lump sum. Ask whether it can be, and what the balance is. A MUD tax generally cannot be prepaid away; it goes with the district.</li>
<li>Because a MUD levies a tax and a PID levies an assessment, they can show up differently on a tax statement and in a lender's escrow calculation. Confirm both with the tax office and the lender rather than assuming they are interchangeable.</li>
</ol>
<p>Related special districts appear on Texas tax bills too — water control and improvement districts, groundwater conservation districts, emergency services districts. Same principle: another entity, another line, another rate.</p>
<h2>The MUD notice is a statute, and its timing is the whole point</h2>
<p>Disclosure of a MUD is not a courtesy. It is <strong>Texas Water Code Section 49.452</strong>, and the timing requirement is where the leverage sits.</p>
<p>The seller of property inside a qualifying district must give the purchaser <strong>written notice prior to execution of a binding contract of sale and purchase</strong>, either separately or as part of the contract, and the <strong>purchaser signs</strong> the notice — or the contract containing it — to evidence receipt (<a href=""https://codes.findlaw.com/tx/water-code/water-sect-49-452/"">Texas Water Code 49.452</a>).</p>
<p>Now the part that matters to a buyer. If the notice was <strong>not</strong> given before the contract, the seller may give it <strong>at closing</strong> instead — but a purchaser who proceeds at that point <strong>waives termination rights</strong>. The exit exists only in the gap between learning about the district and signing. Discovering the MUD in a closing package and signing anyway is a decision, whether or not it felt like one at the table.</p>
<p>The statute reaches districts providing <strong>water, sewer, drainage or flood control</strong> services that are financed by district bonds or standby fees and that cover <strong>less than all the territory in at least one county</strong>. The content of the notice itself is prescribed by <strong>Section 49.4521</strong>.</p>
<p>The section also carries an exemption list, quoted from the statute: &quot;transfers of title under any type of lien foreclosure; transfers of title by deed in cancellation of indebtedness secured by a lien upon the property conveyed; transfers of title by reason of a will or probate proceedings; transfers of title to a governmental entity; or transfers of title for the purpose of qualifying a director.&quot; A foreclosure buyer, an heir and a governmental grantee do not get this notice, which means they do not get this warning.</p>
<p>How any of that applies to a specific transaction — particularly whether an exemption applies or whether a right was waived — is a question for a <strong>Texas real estate attorney</strong>, not an agent.</p>
<h2>The PID notice is a different statute, with different words</h2>
<p>PID disclosure runs through <strong>Texas Property Code Section 5.014</strong>. The <strong>seller</strong> must give the purchaser written notice <strong>before the effective date of a binding contract</strong> for the purchase of the property, and the buyer acknowledges receipt (<a href=""https://codes.findlaw.com/tx/property-code/prop-sect-5-014/"">Texas Property Code 5.014</a>).</p>
<p>The notice says three things a buyer should read slowly:</p>
<ul>
<li>The buyer is <strong>obligated to pay assessments</strong> to the municipality or county for the cost of a portion of a public improvement undertaken for the benefit of the property.</li>
<li>&quot;<strong>AN ASSESSMENT HAS BEEN LEVIED AGAINST YOUR PROPERTY.</strong>&quot; Past tense. The obligation already exists; the buyer is inheriting it, not being offered it.</li>
<li>Failure to pay &quot;<strong>may result in penalties and interest being added to what you owe or in a lien on and the foreclosure of your property.</strong>&quot;</li>
</ul>
<p>That last clause is the reason this is not paperwork. An unpaid PID assessment is not a late utility bill. It is secured against the house.</p>
<p>Section 5.014 also carries exemptions, including foreclosure sales, bankruptcy transfers, transfers to family members, and transfers involving only groundwater rights or mineral interests.</p>
<p>Note the difference in the two trigger points. The MUD notice under 49.452 is keyed to <strong>execution of a binding contract</strong>; the PID notice under 5.014 is keyed to the <strong>effective date</strong> of a binding contract. They are drafted in different codes for different district types, and neither one is satisfied by a verbal mention at a showing.</p>
<h2>The TREC forms that carry these notices</h2>
<p>Two promulgated forms carry this in a transaction (<a href=""https://www.trec.texas.gov/agency-information/contracts"">TREC contract forms</a>):</p>
<ul>
<li><strong>Addendum Containing Notice of Obligation to Pay Improvement District Assessment, form 53-0, effective 09/01/2021.</strong> This is the PID side — the form that delivers the Property Code 5.014 notice, including the levied-assessment language and the foreclosure warning.</li>
<li><strong>Notice to Purchaser of Special Taxing or Assessment District, form 59-0, effective 02/12/2024.</strong> The notice given to a purchaser of property inside a special taxing or assessment district, which is the vehicle for the Water Code notice on the MUD side.</li>
</ul>
<p>Read them. They are short, they are specific to the property, and they exist precisely because buyers were closing without understanding the obligation. A signed notice that nobody read is still a signed notice — and under 49.452, signing it at closing is what extinguishes the termination right.</p>
<h2>The money is not a rounding error</h2>
<p>Look at how the base stack already works before adding a district on top. In Kendall County, per $100 of taxable value:</p>
<ul>
<li><strong>Boerne ISD, 2025: 1.0109</strong> — maintenance and operations 0.6969 plus debt 0.3140 (<a href=""https://www.co.kendall.tx.us/295/Boerne-ISD"">Kendall County</a>)</li>
<li><strong>City of Boerne, 2025: 0.4716</strong> (<a href=""https://www.kendallcountytx.gov/297/Boerne-City-of"">Kendall County</a>)</li>
<li><strong>Kendall County, 2025: 0.377</strong>, and <strong>0.373 for 2026</strong> (<a href=""https://www.co.kendall.tx.us/306/Kendall-County"">Kendall County</a>)</li>
<li><strong>Comfort ISD, 2025: 0.9328</strong></li>
</ul>
<p>A district rate stacks on top of whichever of those apply to the parcel. That is why two houses with the same list price, the same square footage and the same school district can carry meaningfully different monthly payments. The difference is not in the house. It is on the tax bill, and it is permanent for as long as the district's obligation runs.</p>
<p>Do not take a district's rate from a listing, a builder's flyer or an old article. Pull it from the appraisal district and the tax office for the specific parcel, for the current year.</p>
<h2>Districts in Kendall County</h2>
<p>Kendall Appraisal District lists the taxing entities that appear on bills in the county. Among them are a <strong>Kendall County MUD</strong> and a <strong>Miralomas MUD</strong>, along with <strong>Kendall County WCID #1</strong> and the <strong>Cow Creek Groundwater Conservation District</strong>, in addition to the county, the cities and the school districts (<a href=""https://kendallad.org/adopted-tax-rates-and-exemptions/"">Kendall AD</a>).</p>
<p>Boerne is in <strong>Kendall County</strong>, not Bexar County, and the appraisal district is <strong>Kendall Appraisal District</strong> — not Bexar CAD. That matters for this question because the entity list, the exemptions and the rates all come from Kendall AD.</p>
<p>The reliable way to find out what applies to a specific house: <strong>look the parcel up at <a href=""https://kendallad.org/adopted-tax-rates-and-exemptions/"">kendallad.org</a> and read the entity list attached to that account.</strong> Not the subdivision. Not the neighborhood. The parcel. District boundaries do not follow subdivision marketing names, and two lots across a street from each other can sit in different districts.</p>
<p>For rate documents the county publishes, start at <a href=""https://www.kendallcountytx.gov/184/Tax-Rate-Information"">Kendall County tax rate information</a>.</p>
<h2>What to ask before you are under contract</h2>
<ul>
<li>Is this parcel in a MUD, a PID, a WCID or any other special district? Confirm from the appraisal district account, not from a seller's recollection.</li>
<li>Has the statutory notice been delivered <strong>before</strong> the contract binds, rather than in the closing package? Under 49.452, that timing is the difference between having a termination right and waiving one.</li>
<li>What is the current rate or assessment, and what was it the last three years? A declining MUD rate and a rising one tell different stories.</li>
<li>For a PID: is there a payoff amount for this lot, and can it be prepaid?</li>
<li>Is the district's debt still being issued, or is it in repayment?</li>
<li>Does the lender's payment estimate include the district line? A pre-approval built on the wrong tax figure produces a monthly payment that changes at closing.</li>
<li>What does the district actually deliver — water and sewer, or amenities? Owners pay either way.</li>
</ul>
<h2>Where the line is</h2>
<p>An agent can find the entity list, pull the rates and flag the notice forms. Questions about how a district assessment affects your tax position, deductibility or an investment analysis go to a <strong>CPA or tax advisor</strong>. Questions about the statutory notice, the lien, the district's debt instruments, a waiver of termination rights or the enforceability of an assessment go to a <strong>Texas real estate attorney</strong>. Exemption and valuation questions on the parcel go to <strong>Kendall Appraisal District</strong>. The payment math goes to your <strong>lender</strong>.</p>
<h2>Related questions</h2>
<ul>
<li><a href=""/answers/what-are-property-taxes-like-in-boerne"">What are property taxes like in Boerne?</a></li>
<li><a href=""/answers/why-did-my-texas-property-taxes-go-up"">Why did my Texas property taxes go up?</a></li>
<li><a href=""/answers/should-i-buy-in-boerne-city-limits-or-unincorporated-kendall-county"">Should I buy in Boerne city limits or unincorporated Kendall County?</a></li>
<li><a href=""/answers/how-do-i-protest-my-property-taxes-in-texas"">How do I protest my property taxes in Texas?</a></li>
<li><a href=""/answers/what-is-the-trec-1-4-family-residential-contract"">What is the TREC 1-4 Family Residential Contract?</a></li>
</ul>
<h2>Questions about a specific property?</h2>
<p>Call or text <strong><a href=""tel:+1-830-446-3847"">830-446-3847</a></strong> · Email <strong><a href=""mailto:heath.shepard@kw.com"">heath.shepard@kw.com</a></strong></p>
<hr>
<p><em>This page explains how Texas special districts appear in a transaction. It is not legal or tax advice. For the tax consequences of a district assessment, talk with a CPA; for the statutory notice, the lien or a waiver of termination rights, talk with a Texas real estate attorney; for what applies to a specific parcel, contact Kendall Appraisal District.</em></p>","","2026-09-17","buying-a-home","https://www.theheathshepardrealestateteam.com/boerne/buying-a-home","what-are-property-taxes-like-in-boerne,why-did-my-texas-property-taxes-go-up,should-i-buy-in-boerne-city-limits-or-unincorporated-kendall-county,how-do-i-protest-my-property-taxes-in-texas,what-is-the-trec-1-4-family-residential-contract","https://codes.findlaw.com/tx/water-code/water-sect-49-452/
https://codes.findlaw.com/tx/property-code/prop-sect-5-014/
https://www.trec.texas.gov/agency-information/contracts
https://kendallad.org/adopted-tax-rates-and-exemptions/
https://www.co.kendall.tx.us/306/Kendall-County
https://www.kendallcountytx.gov/297/Boerne-City-of
https://www.co.kendall.tx.us/295/Boerne-ISD
https://www.kendallcountytx.gov/184/Tax-Rate-Information","draft"
"What is a T-47 affidavit in Texas?","what-is-a-t-47-affidavit","What is a T-47 affidavit in Texas?","The Texas T-47 affidavit and the T-47.1 declaration in lieu, both effective November 1 2024: what they do, who signs, and how they amend the survey exception.","A T-47 is a notarized affidavit in which a Texas seller states that nothing has changed on the property since the existing survey. With it, the lender and title company can often accept that survey instead of requiring a new one. A T-47.1 declaration does the same job without notarization; both took effect November 1, 2024.","<h2>The problem the form solves</h2>
<p>A survey shows where the improvements sit relative to the boundary lines, the easements and the setbacks. It is what the title company relies on to insure against boundary and encroachment problems, and it is what the lender relies on to know the collateral is where it is supposed to be.</p>
<p>The existing survey in the seller's file might be five years old, or twenty. The title company has no way to know whether a shed, a fence, a pool, a driveway extension or an addition went in after the surveyor left. A stale survey plus an unknown five years of construction is an uninsurable gap.</p>
<p>The T-47 closes that gap with a sworn statement from the person who would know: the seller.</p>
<h2>What the seller is actually swearing to</h2>
<p>The <strong>T-47 Residential Real Property Affidavit</strong> is a form published by the Texas Department of Insurance (<a href=""https://www.tdi.texas.gov/title/documents/formT-47.pdf"">TDI T-47</a>). The seller identifies the existing survey, states that they are the owner, and states that there have been no changes to the property since that survey was made — no new construction, no additions, no new improvements, no changes to boundary lines or fence lines, no encroachments added.</p>
<p>It is signed and <strong>notarized</strong>. The form itself identifies the title insurance company as the party issuing the policy in reliance on the statements in it.</p>
<p>That is the weight of the document, and it is why &quot;just sign the T-47, it's routine&quot; is bad advice. It is a sworn statement made to induce an insurer to issue a policy. A seller who put in a fence or a covered patio since the survey needs to say so, and then the survey probably needs updating. A Texas real estate attorney is the right person to advise a seller who is not sure what counts as a change.</p>
<p>The current TDI form carries the notation &quot;Sec. V Effective November 1, 2024.&quot;</p>
<h2>The T-47.1 alternative</h2>
<p>The <strong>T-47.1 Residential Real Property Declaration in Lieu of Affidavit</strong> was introduced effective <strong>November 1, 2024</strong> (<a href=""https://www.tdi.texas.gov/title/documents/form-t-47-1.pdf"">TDI T-47.1</a>).</p>
<p>It makes the same substantive statements. The difference is that it is <strong>signed by the seller but not notarized</strong>.</p>
<p>That difference is entirely practical. Getting a notary in front of an out-of-state seller, an estate representative, a seller mid-relocation, or two sellers in two different cities used to add days to a transaction for what was otherwise a routine form. The declaration removes the notary bottleneck.</p>
<p>Which one to use is not the buyer's or seller's call alone. The title company and the lender decide what they will accept, and they may still require the notarized T-47 on a given file.</p>
<h2>The purchase contract names both forms</h2>
<p>This is not a side agreement between the title company and the seller. It is written into the promulgated contract.</p>
<p>Paragraph 6C of the One to Four Family Residential Contract (Resale), TREC form 20-19, is the survey paragraph, and it carries the instruction &quot;<strong>Check one box only</strong>.&quot; The first of its three options has the seller furnish, within a stated number of days, the existing survey together with a &quot;<strong>T-47 Affidavit or T-47.1 Declaration</strong>&quot; — both named explicitly on the face of the form (<a href=""https://www.trec.texas.gov/sites/default/files/pdf-forms/20-19_4.pdf"">TREC form 20-19, ¶6C(1)</a>).</p>
<p>Then comes the consequence that makes the form worth taking seriously, and it falls on the seller:</p>
<blockquote>
<p>If Seller fails to furnish <strong>both</strong> the existing survey and the affidavit or declaration within the time required, &quot;Buyer shall obtain a new survey <strong>at Seller's expense</strong> no later than 3 days prior to Closing Date.&quot;</p>
</blockquote>
<p>The operative word is <em>both</em>. A seller who emails the old survey but never gets around to signing the T-47 has not partially complied — they have failed ¶6C(1), and they are paying for a new survey. There is no checkbox and nothing to negotiate at that point; the contract already decided it.</p>
<p>A separate and different branch handles the case where the seller did furnish both but the package is not good enough: &quot;If the Title Company or Buyer's lender <strong>does not accept</strong> the existing survey, or the affidavit or declaration, Buyer shall obtain a new survey at [ ] Seller's [ ] Buyer's expense no later than 3 days prior to Closing Date.&quot; That one is an election the parties make when the contract is written, and it is frequently left blank.</p>
<p>Seller's fault, seller pays. Nobody's fault, whichever box got checked.</p>
<h2>What the form buys</h2>
<p>Two things.</p>
<p><strong>The buyer may not need to pay for a new survey.</strong> If the title company and the lender accept the existing survey together with a T-47 or T-47.1, no new survey is ordered (<a href=""https://www.tdi.texas.gov/title/documents/formT-47.pdf"">TDI T-47</a>). That is the cost saving people are usually after.</p>
<p><strong>The survey exception in the title policy can be amended.</strong> Every Texas owner's title policy contains a standard exception for matters a survey would disclose. Paragraph 6A(8) of the contract describes it as the exception &quot;as to discrepancies, conflicts, shortages in area or boundary lines, encroachments or protrusions, or overlapping improvements,&quot; and gives the parties a choice: it &quot;(i) <strong>will not be amended or deleted</strong> from the title policy; or (ii) <strong>will be amended to read, 'shortages in area'</strong> at the expense of [ ] Buyer [ ] Seller&quot; (<a href=""https://www.trec.texas.gov/sites/default/files/pdf-forms/20-19_4.pdf"">TREC form 20-19, ¶6A(8)</a>).</p>
<p>Option (ii) is what an acceptable survey plus a T-47 or T-47.1 unlocks. It shrinks the exception down to shortages in area alone, so encroachments, conflicts, protrusions and overlapping improvements are covered by the policy instead of carved out of it.</p>
<p>The second one is the more valuable half, and it is the half buyers usually do not know they are getting. A cheap deal that ends with an unamended survey exception is not actually cheaper — it just moved the risk onto the buyer.</p>
<p>Texas title insurance premium rates are promulgated by the Texas Department of Insurance, so the cost of coverage does not vary by title company. The current schedule is &quot;Texas Title Insurance Premium Rates, Rates Effective March 1, 2026&quot; (<a href=""https://tdi.texas.gov/title/titlerates2026.html"">TDI</a>). Ask your title company what the amendment costs on your file.</p>
<h2>Where it goes wrong</h2>
<p><strong>The seller does not have the survey.</strong> No survey means nothing for the affidavit to reference. The buyer is buying a new one, or the deal has no survey at all.</p>
<p><strong>The seller forgot the improvement.</strong> A pool put in three years ago, a detached garage, a fence moved to the neighbor's apparent line. The affidavit is signed anyway and the change surfaces later. That is the scenario the form's sworn character is designed to deter.</p>
<p><strong>The lender says no regardless.</strong> Some lenders require a current survey as a matter of policy, whatever the title company will accept. That is a lender decision and not something the parties can negotiate around.</p>
<p><strong>The parties assumed instead of checking.</strong> Who furnishes the existing survey, and who pays for a new one if the existing one is not acceptable, is ¶6C of the TREC contract — a check-one-box-only election with a nested expense checkbox inside the first option (<a href=""https://www.trec.texas.gov/sites/default/files/pdf-forms/20-19_4.pdf"">TREC form 20-19, ¶6C</a>). It is a negotiated term. Read it before assuming the seller is handling it.</p>
<p><strong>The T-47 arrived, but too late to object to what the survey showed.</strong> Under ¶6D the buyer's right to object in writing to matters disclosed on the survey expires at the earlier of the closing date or a stated number of days after receiving the commitment, exception documents and the survey, and &quot;failure to object within the time allowed <strong>will constitute a waiver</strong> of Buyer's right to object.&quot; A survey delivered at the last minute is a survey with nothing left to do about it.</p>
<h2>In the Hill Country specifically</h2>
<p>Acreage tracts in Kendall County and the surrounding Hill Country are where survey issues actually bite. Fence lines that have never matched deed lines, easements for a shared drive, wells and septic systems whose locations matter for setbacks, and platted lots that were split informally years ago. An older survey on a rural tract is more likely to be genuinely out of date than one on a subdivision lot, and the cost of finding out after closing is higher.</p>
<p>A licensed Texas surveyor is who determines where the lines actually are. The T-47 is a statement about change since the last survey, not a substitute for one.</p>
<h2>Related questions</h2>
<ul>
<li><a href=""/answers/who-pays-for-the-survey-in-texas"">Who pays for the survey in a Texas real estate transaction?</a></li>
<li><a href=""/answers/what-is-a-title-commitment-in-texas"">What is a title commitment in Texas?</a></li>
<li><a href=""/answers/what-is-title-insurance-in-texas"">What is title insurance in Texas?</a></li>
<li><a href=""/answers/what-is-the-trec-1-4-family-residential-contract"">What is the TREC 1-4 Family Residential Contract?</a></li>
<li><a href=""/answers/what-happens-at-a-texas-closing"">What happens at a Texas real estate closing?</a></li>
</ul>
<h2>Questions about a specific property?</h2>
<p>Call or text <strong><a href=""tel:+1-830-446-3847"">830-446-3847</a></strong> · Email <strong><a href=""mailto:heath.shepard@kw.com"">heath.shepard@kw.com</a></strong></p>
<hr>
<p><em>This page explains what the T-47 and T-47.1 forms do. It is not legal advice. A seller unsure whether something counts as a change since the last survey should talk with a Texas real estate attorney, and a licensed Texas surveyor determines the actual boundaries.</em></p>","","2026-09-17","buying-a-home","https://www.theheathshepardrealestateteam.com/boerne/buying-a-home","who-pays-for-the-survey-in-texas,what-is-a-title-commitment-in-texas,what-is-title-insurance-in-texas,what-is-the-trec-1-4-family-residential-contract,what-happens-at-a-texas-closing","https://www.tdi.texas.gov/title/documents/formT-47.pdf
https://www.tdi.texas.gov/title/documents/form-t-47-1.pdf
https://www.trec.texas.gov/sites/default/files/pdf-forms/20-19_4.pdf
https://tdi.texas.gov/title/titlerates2026.html
https://www.trec.texas.gov/agency-information/contracts","draft"
"What is a Texas cash-out refinance under Section 50(a)(6)?","what-is-a-texas-cash-out-refinance-50a6","What is a Texas cash-out refinance under Section 50(a)(6)?","Texas Section 50(a)(6) caps all homestead liens at 80 percent of value, requires a 12-day wait, limits fees to 2 percent, and allows one per year.","A Texas cash-out refinance is a home equity loan under Article XVI, Section 50(a)(6) of the Texas Constitution. All loans against the homestead combined cannot exceed 80 percent of fair market value, the loan cannot close until 12 days after the later of application or notice, and fees are capped at 2 percent.","<h2>Why this lives in the constitution</h2>
<p>Most states regulate home equity lending by statute, which a legislature can change in a session. Texas put its homestead protections in the <strong>state constitution</strong>, and for most of the state's history it did not permit home equity lending against a homestead at all. What exists today is a carefully bounded exception, and the boundaries are the reason a Texas cash-out looks different from a cash-out anywhere else.</p>
<p>The practical consequence for a homeowner: some of the terms below are not negotiable with a lender, because the lender cannot waive them either.</p>
<h2>The rules, plainly</h2>
<p><strong>80 percent loan-to-value ceiling.</strong> All loans secured by the homestead, combined, cannot exceed <strong>80 percent of the home's fair market value</strong> at closing. At least 20 percent equity must remain in the property. This is a combined test — a first lien plus a second lien plus the new loan all count toward the same 80 percent.</p>
<p><strong>A 12-day waiting period.</strong> The loan cannot close until at least <strong>12 days</strong> after the later of two events: the date of the application, or the date the borrower receives the required notice. This is a cooling-off period built into the process. It is the most common reason a Texas cash-out takes longer to close than a borrower expects, and it cannot be compressed by paying a rush fee.</p>
<p><strong>A 2 percent cap on fees.</strong> Fees charged in connection with the loan cannot exceed <strong>2 percent of the loan principal</strong> — <strong>excluding</strong> the appraisal fee, the land survey fee, the title insurance premium and title search or examination charges. Those four sit outside the cap.</p>
<p><strong>Generally non-recourse.</strong> The lender generally cannot pursue the borrower personally for a deficiency. If the home is foreclosed and the sale does not cover the balance, the borrower is generally not on the hook for the shortfall. This is a meaningful protection and it is a real reason some Texas borrowers choose this product knowingly.</p>
<p><strong>One at a time.</strong> Only <strong>one</strong> Section 50(a)(6) loan may be secured by the homestead at any given time.</p>
<p><strong>12 months between closings.</strong> At least <strong>12 months</strong> must pass between home equity closings.</p>
<p>Sources: <a href=""https://www.rocketmortgage.com/learn/home-equity-loan-cash-out-refinance-texas"">Rocket Mortgage</a> and <a href=""https://hurstlending.com/texas-cash-out-refinance-rules-50a6-guidelines/"">Hurst Lending</a>.</p>
<h2>A Texas HELOC on a homestead is also a 50(a)(6) loan</h2>
<p>This surprises people who assume a line of credit is a lighter-touch product. <strong>A home equity line of credit secured by a Texas homestead is a Section 50(a)(6) loan and carries the same limits</strong> — the same 80 percent combined ceiling, the same notice and waiting period, the same one-at-a-time rule.</p>
<p>That last point has a specific consequence worth spelling out. An open HELOC on the homestead is a 50(a)(6) loan. So a homeowner with a HELOC in place who wants a 50(a)(6) cash-out refinance generally has to deal with the existing line first, because only one such loan can be secured by the homestead at a time. Anyone planning a refinance while carrying an open equity line should raise it with the lender at application, not at underwriting.</p>
<h2>The math the 80 percent rule actually produces</h2>
<p>The ceiling is on the <strong>combined</strong> balance against the homestead, which means the available cash is the difference between 80 percent of value and everything already owed.</p>
<p>A home appraised at $500,000 has an 80 percent ceiling of $400,000. If the existing mortgage balance is $340,000, the maximum new combined debt is $400,000 — and the gross proceeds before costs are $60,000, not $160,000. Subtract closing costs from there.</p>
<p>Two things follow. First, a borrower with a large existing balance may find there is no usable cash-out at all, regardless of how much the house appreciated. Second, <strong>the appraisal is the whole deal.</strong> Fair market value at closing sets the ceiling, and the borrower does not get to pick the number. A cash-out plan built on a hoped-for value is a plan with one input nobody controls.</p>
<h2>What this does not cover</h2>
<p><strong>Investment property.</strong> Section 50(a)(6) governs the <strong>homestead</strong>. A rental property held as an investment in Texas is not the homestead and is not governed by these rules — which is why investor cash-out strategies are structured on the investment side. The limits there come from the lender's own loan-to-value, seasoning and reserve requirements, not from the constitution. See <a href=""/answers/what-is-the-brrrr-method-and-does-it-work-in-texas"">what is the BRRRR method, and does it work in Texas</a>.</p>
<p><strong>Rate-and-term refinances.</strong> A refinance that only changes the rate or the term, with no cash to the borrower, is a different transaction from a 50(a)(6) cash-out. Whether a particular restructuring counts as cash-out, and whether a loan that was once a 50(a)(6) loan keeps that character when it is refinanced later, are questions for the <strong>lender</strong> and, where the answer matters legally, a <strong>Texas real estate attorney.</strong></p>
<p><strong>Homestead character itself.</strong> Whether a specific property is the borrower's homestead — including in a house-hack, a property held in an entity, or a home the borrower moved out of — is a legal question, not a form field.</p>
<h2>Questions to put to a lender at application</h2>
<ul>
<li>What is the combined balance against the homestead today, and what does 80 percent of the expected appraised value leave available?</li>
<li>When does the 12-day clock start for this loan, and what date does that produce for closing?</li>
<li>Which fees fall inside the 2 percent cap and which are the excluded appraisal, survey, title premium and title search charges?</li>
<li>Is there an existing home equity loan or HELOC on the property, and what has to happen to it?</li>
<li>Was there a home equity closing on this homestead in the last 12 months?</li>
</ul>
<p>A <strong>lender</strong> is the right professional for qualification, rates, products and whether a specific transaction qualifies. Nothing on this page is a loan approval or a rate quote, and rates and lender overlays change.</p>
<h2>Related questions</h2>
<ul>
<li><a href=""/answers/what-is-the-brrrr-method-and-does-it-work-in-texas"">What is the BRRRR method, and does it work in Texas?</a></li>
<li><a href=""/answers/what-is-the-texas-homestead-exemption"">What is the Texas homestead exemption?</a></li>
<li><a href=""/answers/how-are-rental-properties-taxed-differently-in-texas"">How are rental properties taxed differently in Texas?</a></li>
<li><a href=""/answers/conventional-vs-fha-vs-va-loan-in-texas"">Conventional vs FHA vs VA loan in Texas</a></li>
<li><a href=""/answers/how-much-down-payment-do-i-need-in-texas"">How much down payment do I need in Texas?</a></li>
</ul>
<h2>Questions about a specific property?</h2>
<p>Call or text <strong><a href=""tel:+1-830-446-3847"">830-446-3847</a></strong> · Email <strong><a href=""mailto:heath.shepard@kw.com"">heath.shepard@kw.com</a></strong></p>
<hr>
<p><em>This page describes Texas Constitution Article XVI, Section 50(a)(6) requirements as of September 2026 and is not lending or legal advice. A lender determines qualification, terms and whether a specific loan is a 50(a)(6) transaction.</em></p>","","2026-09-17","real-estate-market","https://www.theheathshepardrealestateteam.com/boerne/real-estate-market","what-is-the-brrrr-method-and-does-it-work-in-texas,what-is-the-texas-homestead-exemption,how-are-rental-properties-taxed-differently-in-texas,conventional-vs-fha-vs-va-loan-in-texas,how-much-down-payment-do-i-need-in-texas","https://www.rocketmortgage.com/learn/home-equity-loan-cash-out-refinance-texas
https://hurstlending.com/texas-cash-out-refinance-rules-50a6-guidelines/","draft"
"What is a title commitment in Texas?","what-is-a-title-commitment-in-texas","What is a title commitment in Texas?","Schedules A through D in plain language, the 20-day delivery rule in Paragraph 6B, and how the objection and Cure Period mechanics work.","A title commitment is the title company's written promise to issue a title policy on stated terms. It comes in four schedules: A is the deal facts, B is what the policy will not cover, C is what must be fixed before closing, and D discloses who gets paid. Reading it is a task with a deadline.","<h2>The commitment is a conditional offer, not a report</h2>
<p>People call it a title report. It is not a report. It is a <strong>commitment to insure</strong>, conditioned on the items in Schedule C being satisfied, subject to the exceptions in Schedule B, in favor of the party named in Schedule A.</p>
<p>Every word of that sentence has consequences. Change the buyer's entity name after the commitment issues and Schedule A is wrong. Skip a Schedule C requirement and the policy does not issue. Ignore a Schedule B exception and the policy issues, closing happens, and the thing you were worried about is simply not covered.</p>
<p>Title insurance in Texas is regulated by the <strong>Texas Department of Insurance</strong>, which prescribes the forms and sets the premium rates (<a href=""https://tdi.texas.gov/title/titlerates2026.html"">TDI title rates</a>). The commitment form is a promulgated form. The title company fills it in; it does not write it.</p>
<h2>When it has to arrive — Paragraph 6B</h2>
<p>The contract puts a hard deadline on delivery. <strong>Paragraph 6B</strong> of the One to Four Family Residential Contract (Resale) requires that <strong>within 20 days after the Title Company receives a copy of the contract</strong>, the seller furnish the buyer a commitment for title insurance and, at the buyer's expense, legible copies of the restrictive covenants and the documents evidencing exceptions in the commitment — the <strong>Exception Documents</strong> — other than the standard printed exceptions (<a href=""https://www.trec.texas.gov/sites/default/files/pdf-forms/20-19_4.pdf"">TREC form 20-19, PDF</a>).</p>
<p>If it is not delivered on time, delivery is &quot;automatically extended up to <strong>15 days or 3 days before the Closing Date, whichever is earlier</strong>.&quot; If it is still not delivered within the time required, &quot;<strong>Buyer may terminate this contract and the earnest money will be refunded to Buyer</strong>.&quot;</p>
<p>Two practical notes. The 20 days runs from <strong>when the title company receives the contract</strong>, not from the effective date — so a file that sits unopened for a week has already eaten a week. And the Exception Documents are furnished <strong>at the buyer's expense</strong> and are the part buyers routinely fail to request. The commitment names the recorded instruments; the instruments are where the restriction actually lives.</p>
<h2>Schedule A — the deal facts</h2>
<p>The boring schedule, and the one with the most costly typos.</p>
<p>Schedule A states the <strong>effective date of the commitment</strong>, the <strong>policy amount</strong>, the <strong>proposed insured</strong>, the <strong>current record owner</strong>, the <strong>estate or interest</strong> being insured, and the <strong>legal description</strong> of the land.</p>
<p>Check four things:</p>
<ol>
<li><strong>The proposed insured name</strong> is exactly how the buyer will take title. &quot;John and Jane Smith&quot; is not the same as &quot;Smith Family Trust&quot; or &quot;Smith Holdings LLC,&quot; and changing it later means re-issuing documents.</li>
<li><strong>The legal description</strong> matches the property being bought. On acreage, a metes-and-bounds description that does not match the survey has to be resolved before closing.</li>
<li><strong>The record owner</strong> is the person signing your contract. Probate, divorce, an unreleased partner interest, a dissolved entity — all real, all fixable, none fast.</li>
<li><strong>The policy amount</strong> is the sales price for an owner's policy and the loan amount for a lender's policy.</li>
</ol>
<h2>Schedule B — what the policy will not cover</h2>
<p>Schedule B is the exceptions list, and everything on it is excluded from coverage. Recorded <strong>restrictive covenants</strong>, <strong>easements</strong> of record, mineral and royalty interests previously reserved, <strong>taxes for the current and subsequent years</strong>, rights of parties in possession, and the <strong>survey exception</strong>.</p>
<p>This is where the property's actual encumbrances live. A pipeline easement. A shared driveway. A deed restriction limiting use. A prior <strong>mineral reservation</strong>, which in much of Texas means the surface owner does not own what is underneath — and which TREC addresses with its own promulgated form, the <strong>Addendum for Reservation of Oil, Gas, and Other Minerals, form 44-3, effective 02/01/2023</strong> (<a href=""https://www.trec.texas.gov/agency-information/contracts"">TREC contract forms</a>).</p>
<p>Ask for the documents. A one-line reference to a recorded instrument tells you nothing; the instrument tells you everything.</p>
<h2>Schedule C — what must be cured before closing</h2>
<p>Schedule C is the schedule that moves your closing date.</p>
<p>It lists the <strong>requirements</strong> the title company must see satisfied before it will issue the policy: releases of existing liens, payoff of the seller's mortgage, a death certificate and affidavit of heirship, probate documents, a corrected legal description, a missing signature from a spouse under Texas homestead and community property rules, a judgment lien to be released, unpaid taxes, an old unreleased deed of trust from a lender that no longer exists.</p>
<p>Some of these are routine and clear in days. Some take weeks and depend on a third party who has no stake in your closing date — a court, an out-of-state heir, a defunct lender's successor servicer.</p>
<p>The operational rule is simple and widely ignored: <strong>read Schedule C the day the commitment arrives, and ask the escrow officer which items are already in hand and which are not.</strong> A Schedule C item that nobody starts working until the week of closing is the most common reason a Texas closing slips.</p>
<p>Curing a title defect is legal work. A Texas real estate attorney handles what the title company cannot cure administratively.</p>
<h2>Schedule D — disclosure</h2>
<p>Schedule D discloses the underwriter, the title agent's ownership, and how the premium and fees are to be distributed among the parties involved in issuing the policy. It is a transparency schedule required by regulation. Most buyers skim it. It is worth a look if you want to know who actually underwrites the policy behind the local office.</p>
<h2>The survey exception, and how it gets amended</h2>
<p>The standard exception covers &quot;discrepancies, conflicts, shortages in area or boundary lines, encroachments or protrusions, or overlapping improvements.&quot; In plain terms: <strong>anything a survey would have shown is not covered.</strong></p>
<p>The contract handles it as a checkbox. <strong>Paragraph 6A(8)</strong> gives exactly two choices: the standard printed exception &quot;<strong>will not be amended or deleted</strong> from the title policy,&quot; or it &quot;<strong>will be amended to read, 'shortages in area'</strong>&quot; at the expense of the buyer or the seller (<a href=""https://www.trec.texas.gov/sites/default/files/pdf-forms/20-19_4.pdf"">TREC form 20-19, PDF</a>). Amending it narrows the exception down to area shortages and restores coverage for the rest.</p>
<p>Getting there requires a survey the title company and lender will rely on, and <strong>Paragraph 6C</strong> is another <strong>check one box only</strong> election. The survey must be made by a <strong>registered professional land surveyor</strong> acceptable to the Title Company and the buyer's lender. The three boxes:</p>
<ol>
<li><strong>Seller furnishes the existing survey plus a T-47 Affidavit or T-47.1 Declaration</strong> within a stated number of days. If the seller fails to furnish <strong>both</strong> in time, &quot;Buyer shall obtain a new survey <strong>at Seller's expense</strong> no later than 3 days prior to Closing Date.&quot; And if the Title Company or the buyer's lender <strong>does not accept</strong> the existing survey or the affidavit, a new survey is obtained at whichever party's expense the box says, on the same 3-days-before-closing outside date.</li>
<li><strong>Buyer obtains a new survey at Buyer's expense</strong> within a stated number of days. The form adds a consequence: if the buyer fails to obtain it, the buyer &quot;<strong>may not terminate</strong> the contract under Paragraph 2B of the <strong>Third Party Financing Addendum</strong> because the survey was not obtained.&quot;</li>
<li><strong>Seller furnishes a new survey at Seller's expense</strong> within a stated number of days.</li>
</ol>
<p>The underlying forms are the <strong>T-47 Residential Real Property Affidavit</strong>, which is notarized (<a href=""https://www.tdi.texas.gov/title/documents/formT-47.pdf"">TDI</a>), and the <strong>T-47.1 Residential Real Property Declaration in Lieu of Affidavit</strong>, seller-signed but <strong>not notarized</strong>, effective <strong>November 1, 2024</strong> (<a href=""https://www.tdi.texas.gov/title/documents/form-t-47-1.pdf"">TDI</a>). The contract names both by name.</p>
<p>The failure mode is specific: the seller added a deck, a pool, a fence or a barn after the old survey. The affidavit cannot truthfully say nothing changed, the existing survey is not acceptable, and a new survey has to be ordered — often late, and under box (1) potentially at the seller's expense. Identifying that on day two instead of day twenty is worth more than any other single thing on this page.</p>
<h2>Paragraph 6D: objections, the Cure Period, and the Schedule C carve-out</h2>
<p>This is the machinery that decides whether a problem you found is a problem you can act on.</p>
<p><strong>The deadline.</strong> The buyer must object in writing by &quot;the earlier of (i) the Closing Date or (ii) [a stated number of] days after Buyer receives the Commitment, Exception Documents, and the survey.&quot; Whichever comes first.</p>
<p><strong>Waiver.</strong> Failing to object in time &quot;<strong>will constitute a waiver</strong> of Buyer's right to object.&quot; Then the carve-out that matters: &quot;<strong>except that the requirements in Schedule C of the Commitment are not waived by Buyer</strong>.&quot; Schedule C requirements survive a missed objection deadline. Schedule B exceptions do not.</p>
<p><strong>The Cure Period.</strong> Provided the seller is not obligated to incur any expense, the seller cures timely objections within a <strong>15-day Cure Period</strong>, and the Closing Date extends as necessary. Read that condition: the seller's cure obligation is bounded by &quot;not obligated to incur any expense,&quot; which is why a seller can decline to cure a costly item without defaulting.</p>
<p><strong>The buyer's move after that.</strong> If objections are not cured, the buyer has <strong>5 days after the end of the Cure Period</strong> to terminate — earnest money refunded — or to waive. Silence is a waiver.</p>
<p><strong>Restarts.</strong> A revised Commitment, a revised survey, or a new Exception Document restarts the same objection window as to the new matter. A commitment that gets amended late in the deal is not just paperwork; it reopens a right.</p>
<p>The contract also tells the buyer, in the form's own words, to get help: <strong>Paragraph 6E(1)</strong> states that &quot;Broker advises Buyer to have an abstract of title covering the Property examined by an attorney of Buyer's selection,&quot; and that if a Title Policy is furnished, the &quot;<strong>Commitment should be promptly reviewed by an attorney of Buyer's choice due to the time limitations on Buyer's right to object</strong>.&quot; The word &quot;promptly&quot; is in the promulgated form for a reason.</p>
<h2>The sequence that works</h2>
<ol>
<li>Contract effective. Confirm the <strong>title company actually received the contract</strong> — the 20-day clock in 6B starts there.</li>
<li>Commitment arrives. Read Schedule A for accuracy and Schedule C for schedule risk the same day.</li>
<li>Request the Exception Documents and read the restrictions and easements, not just the one-line references.</li>
<li>Resolve the 6C survey box early enough that a &quot;the lender won't accept it&quot; answer still leaves time.</li>
<li>Object in writing inside the 6D window — the earlier of the Closing Date or the stated day count.</li>
<li>Calendar the 15-day Cure Period and the 5 days that follow it.</li>
</ol>
<h2>Related questions</h2>
<ul>
<li><a href=""/answers/what-is-title-insurance-in-texas"">What is title insurance in Texas, and why is the price the same everywhere?</a></li>
<li><a href=""/answers/what-is-a-t-47-affidavit"">What is a T-47 affidavit?</a></li>
<li><a href=""/answers/who-pays-for-the-survey-in-texas"">Who pays for the survey in Texas?</a></li>
<li><a href=""/answers/what-happens-at-a-texas-closing"">What happens at a Texas closing?</a></li>
<li><a href=""/answers/do-i-need-a-real-estate-attorney-to-buy-a-house-in-texas"">Do I need a real estate attorney to buy a house in Texas?</a></li>
</ul>
<h2>Questions about a specific property?</h2>
<p>Call or text <strong><a href=""tel:+1-830-446-3847"">830-446-3847</a></strong> · Email <strong><a href=""mailto:heath.shepard@kw.com"">heath.shepard@kw.com</a></strong></p>
<hr>
<p><em>This page explains how a Texas title commitment is organized. It is not legal advice. For a title defect, a curative requirement, or the effect of a recorded restriction on your plans, talk with a Texas real estate attorney.</em></p>","","2026-09-17","buying-a-home","https://www.theheathshepardrealestateteam.com/boerne/buying-a-home","what-is-title-insurance-in-texas,what-is-a-t-47-affidavit,who-pays-for-the-survey-in-texas,what-happens-at-a-texas-closing,do-i-need-a-real-estate-attorney-to-buy-a-house-in-texas","https://tdi.texas.gov/title/titlerates2026.html
https://www.tdi.texas.gov/title/documents/formT-47.pdf
https://www.tdi.texas.gov/title/documents/form-t-47-1.pdf
https://www.trec.texas.gov/agency-information/contracts
https://www.trec.texas.gov/sites/default/files/pdf-forms/20-19_4.pdf","draft"
"What is an ag exemption in Texas, and what are rollback taxes?","what-is-an-ag-exemption-in-texas-and-what-are-rollback-taxes","What is an ag exemption in Texas, and what are rollback taxes?","Texas ag exemption and rollback taxes explained: 1-d-1 open space, degree of intensity, the 5-of-7-years rule, wildlife management, and the three-year rollback.","An ag exemption is not an exemption. It is a special appraisal that values qualifying land on its agricultural productivity instead of market value. Changing the use triggers a rollback: three years of additional tax equal to the difference between what was paid on ag value and what would have been paid on market value.","<h2>The name is wrong, and the wrong name causes real losses</h2>
<p>Everyone says &quot;ag exemption.&quot; What the Tax Code provides is <strong>open-space special appraisal</strong>, commonly called <strong>1-d-1</strong>. The land is still fully on the tax roll. It is simply valued on <strong>productivity value</strong> — what it can produce agriculturally — rather than on what it would sell for (<a href=""https://comptroller.texas.gov/taxes/property-tax/ag-timber/index.php"">Texas Comptroller</a>).</p>
<p>That distinction matters because an exemption is something you either have or do not have, while a special appraisal is a <strong>valuation method tied to how the land is currently being used</strong>. Use changes, valuation changes, and a bill comes due for the years the land was valued the cheap way.</p>
<p>On Hill Country acreage the difference between productivity value and market value is frequently the majority of the tax bill. That is exactly the size of the exposure when it goes away.</p>
<h2>What qualifies for 1-d-1 open-space appraisal</h2>
<p>Three requirements, per the <a href=""https://comptroller.texas.gov/taxes/property-tax/ag-timber/index.php"">Comptroller</a>:</p>
<ol>
<li><strong>Current principal use is agricultural.</strong> Not incidental, not decorative. The agricultural use has to be the land's principal use.</li>
<li><strong>Degree of intensity generally accepted in the area.</strong> This is the requirement that fails. The district compares your operation to what a typical prudent operator in that area does on similar land — stocking rates, acreage, management practices. Four goats on twelve acres is not a stocking rate. Whatever the local standard is, the appraisal district defines and applies it, and it varies county to county.</li>
<li><strong>History: agricultural or timber production in 5 of the preceding 7 years.</strong> The land has to have been in qualifying use for five of the last seven years.</li>
</ol>
<p>The history requirement means a buyer cannot create eligibility on raw land by starting an operation the day after closing. It also means a seller's lapse in use can break the chain for the buyer. What the land was actually doing in prior years is a question for the appraisal district, and it is one of the things worth asking before the option period ends rather than after.</p>
<h2>Wildlife management is a conversion, not a shortcut</h2>
<p>Wildlife management valuation is widely misunderstood as an easier route for a buyer who does not want livestock. It is not a separate door. It is a change of use <strong>from land that already qualified</strong>.</p>
<p>To qualify, the land must have been <strong>previously qualified as open-space or timber land</strong>, and it must be used in <strong>at least 3 of 7 specified ways</strong> to propagate a sustaining breeding, migrating or wintering population of indigenous wild animals (<a href=""https://comptroller.texas.gov/taxes/property-tax/ag-timber/index.php"">Texas Comptroller</a>).</p>
<p>So the sequence is: qualified ag land first, then a conversion to wildlife management. Land that never had the ag valuation cannot start at wildlife management. A buyer told &quot;you can just put it in wildlife&quot; needs to verify with the appraisal district that the parcel currently qualifies, because that claim is only true if it already does.</p>
<p>The three activities have to be real and documented. Districts ask for a management plan and annual reporting, and what satisfies them is a local determination.</p>
<h2>The rollback: three years, and no separate interest rate</h2>
<p>Here is the part that most web pages get wrong.</p>
<p>When the use changes, <strong>Tax Code §23.55</strong> imposes an additional tax &quot;equal to the difference between the taxes imposed on the land for <strong>each of the three years preceding the year in which the change of use occurs</strong>&quot; and the taxes that would have been imposed had the land been taxed at market value (<a href=""https://codes.findlaw.com/tx/tax-code/tax-sect-23-55/"">Tax Code §23.55</a>).</p>
<p><strong>Three years.</strong> The rollback period for 1-d-1 open-space land is three years of tax difference.</p>
<p>And on interest: <strong>§23.55 does not impose a rollback interest rate.</strong> The statute provides that the additional taxes incur <strong>penalties and interest as provided by law for ad valorem taxes imposed by the taxing unit</strong> only if they are <strong>not paid by the delinquency deadline</strong> for that additional tax (<a href=""https://codes.findlaw.com/tx/tax-code/tax-sect-23-55/"">Tax Code §23.55</a>). The Comptroller's ag and timber page likewise states no rollback interest rate (<a href=""https://comptroller.texas.gov/taxes/property-tax/ag-timber/index.php"">Texas Comptroller</a>).</p>
<p>A great many real estate blogs, land listings and buyer handouts still publish a 5% or 7% annual rollback interest figure for 1-d-1 land. Do not plan around one. The rollback is three years of tax difference; ordinary delinquency penalties and interest attach only if the additional tax goes unpaid past its deadline.</p>
<p>The <strong>amount</strong> of a rollback on a specific parcel is calculated by the appraisal district, using its own market values and the adopted rates for those years. Ask them for the figure. Then take what it means for a deal to a CPA, because the tax treatment of a rollback payment in a transaction is a tax question, not a real estate one.</p>
<h2>What actually triggers a rollback</h2>
<p>The trigger is a <strong>change of use</strong> away from qualifying agricultural use. Not a sale by itself. Not a change in ownership by itself.</p>
<p>Things that commonly cause the problem:</p>
<ul>
<li><strong>Development.</strong> Platting, subdividing, building a subdivision, converting pasture to lots.</li>
<li><strong>Stopping the operation.</strong> The cattle leave and nothing replaces them. The buyer intends to run cows &quot;eventually&quot; and a year passes.</li>
<li><strong>Carving out a homesite.</strong> Building a house on part of a tract can change the use of that portion. How much acreage comes out and how the district treats the remainder is a district determination, and it is not uniform.</li>
<li><strong>Failing the intensity standard.</strong> Continuing to call it a ranch while operating below what the district accepts.</li>
</ul>
<p>The most expensive version is a buyer who closes on ag-valued acreage, does nothing agricultural for a year because the house plans and the well and the septic took all the attention, and receives a rollback bill for three years of difference on land that has appreciated substantially.</p>
<h2>Buying ag-valued land: what to establish before you close</h2>
<ul>
<li><strong>Does the parcel currently carry 1-d-1 open-space valuation, and for how long?</strong> Confirm with the appraisal district, not from the listing.</li>
<li><strong>What is the district's degree-of-intensity standard for this county and this land type?</strong> Get it in writing if you can.</li>
<li><strong>What is the market value the district would otherwise use?</strong> That number, not the ag value, drives the rollback math.</li>
<li><strong>What will the operation be on day one?</strong> The gap between closing and a functioning ag use is where rollbacks are born.</li>
<li><strong>Who pays a rollback if one is triggered?</strong> This is a contract term, negotiated between buyer and seller. How it is written matters, and the wording is a job for a <strong>Texas real estate attorney</strong>, not something to improvise.</li>
<li><strong>What is the tax consequence of the rollback payment itself?</strong> CPA.</li>
</ul>
<p>In Kendall County, the appraisal district that makes all of these determinations is <strong>Kendall Appraisal District</strong> (<a href=""https://kendallad.org/adopted-tax-rates-and-exemptions/"">kendallad.org</a>). Boerne is the county seat of Kendall County, not part of Bexar County or the City of San Antonio, so Bexar CAD's standards and schedules do not govern Kendall County land.</p>
<h2>Two adjacent points people conflate</h2>
<p><strong>Ag valuation is not the homestead cap.</strong> The 10% homestead cap applies to a residence homestead with a homestead exemption. Ag-valued land is a separate mechanism with separate rules.</p>
<p><strong>Ag land is excluded from the non-homestead circuit breaker.</strong> The temporary <strong>20% circuit breaker</strong> under <strong>Tax Code §23.231</strong>, which covers tax years <strong>2024, 2025 and 2026</strong> and expires after the 2026 tax year unless renewed, <strong>excludes land under agricultural-use special appraisal</strong> (<a href=""https://traviscad.org/circuitbreaker"">Travis Central Appraisal District</a>). Land that loses its ag valuation is landing in a world where that cap may no longer exist either.</p>
<p>If you disagree with a district's determination on qualification or on the rollback calculation, the protest deadline is <strong>May 15, or 30 days after the district mails the notice of appraised value, whichever is later</strong> (<a href=""https://comptroller.texas.gov/taxes/property-tax/protests/"">Texas Comptroller</a>).</p>
<p>Qualification, degree of intensity, wildlife management plans and rollback amounts are all determined by the appraisal district. Contract language allocating rollback liability is a matter for a Texas real estate attorney, and the tax consequences of a rollback belong with a CPA.</p>
<h2>Related questions</h2>
<ul>
<li><a href=""/answers/is-hill-country-land-a-good-investment"">Is Hill Country land a good investment?</a></li>
<li><a href=""/answers/why-did-my-texas-property-taxes-go-up"">Why did my Texas property taxes go up?</a></li>
<li><a href=""/answers/what-is-the-10-percent-homestead-cap-in-texas"">What is the 10 percent homestead cap in Texas?</a></li>
<li><a href=""/answers/how-do-i-protest-my-property-taxes-in-texas"">How do I protest my property taxes in Texas?</a></li>
<li><a href=""/answers/what-should-i-know-about-septic-and-wells-in-the-hill-country"">What should I know about septic and wells in the Hill Country?</a></li>
</ul>
<h2>Questions about a specific property?</h2>
<p>Call or text <strong><a href=""tel:+1-830-446-3847"">830-446-3847</a></strong> · Email <strong><a href=""mailto:heath.shepard@kw.com"">heath.shepard@kw.com</a></strong></p>
<hr>
<p><em>This page explains how Texas agricultural special appraisal and rollback taxes work. It is not tax or legal advice. Qualification and rollback amounts are determined by the appraisal district; contract language belongs with a Texas real estate attorney and tax consequences with a CPA.</em></p>","","2026-09-17","land-and-acreage","https://www.theheathshepardrealestateteam.com/boerne/land-and-acreage","is-hill-country-land-a-good-investment,why-did-my-texas-property-taxes-go-up,what-is-the-10-percent-homestead-cap-in-texas,how-do-i-protest-my-property-taxes-in-texas,what-should-i-know-about-septic-and-wells-in-the-hill-country","https://comptroller.texas.gov/taxes/property-tax/ag-timber/index.php
https://codes.findlaw.com/tx/tax-code/tax-sect-23-55/
https://kendallad.org/adopted-tax-rates-and-exemptions/
https://traviscad.org/circuitbreaker
https://comptroller.texas.gov/taxes/property-tax/protests/","draft"
"What is an ETJ in Texas?","what-is-an-etj-in-texas","What is an ETJ in Texas?","Extraterritorial jurisdiction under Local Government Code chapter 42: not on the city tax roll, but Boerne's STR ordinance still reaches the ETJ.","An ETJ is a city's extraterritorial jurisdiction: unincorporated land just outside the city limits where the city keeps some regulatory authority under Texas Local Government Code chapter 42. Property there is not inside the city and not on the city's property tax roll, but some city rules still reach it. Boerne's short-term rental ordinance does.","<h2>The three-bucket picture</h2>
<p>Texas property outside a city is not one thing. For a buyer in the Hill Country it is usually one of three:</p>
<ol>
<li><strong>Inside the city limits.</strong> The city's full set of powers applies. The property is on the city's tax roll.</li>
<li><strong>In the city's ETJ.</strong> Unincorporated land adjacent to the city. The city retains <strong>some</strong> authority under <a href=""https://statutes.capitol.texas.gov/Docs/LG/htm/LG.42.htm"">Texas Local Government Code chapter 42</a> — subdivision platting is the classic one — but the parcel is not in the city.</li>
<li><strong>Unincorporated county, outside any city's ETJ.</strong> Neither city limits nor ETJ. County authority applies, and Texas counties have narrower ordinance-making power than cities.</li>
</ol>
<p>Buyers collapse buckets 2 and 3 constantly. &quot;It's outside the city&quot; is not an answer. A property can be outside the city, pay no city property tax, and still be subject to a city ordinance.</p>
<h2>What the ETJ is for</h2>
<p>The ETJ exists so that a city has a say in how land right outside its edge gets subdivided and developed. Growth does not stop at a city limit line. Streets, drainage and lot layouts built to no standard on the city's doorstep become the city's problem eventually, and the ETJ gives the city a role in that before it happens.</p>
<p>The practical result is that in the ETJ, <strong>subdividing land, platting lots and the development process typically run through the city</strong>, even though the city does not collect property tax on the parcel.</p>
<p>Which specific powers reach a given city's ETJ is set by statute, and the details vary — including whether an owner's parcel is in the ETJ at all, since ETJ boundaries change as a city grows and as state law changes. Do not infer it from a map screenshot or a listing remark. <strong>Confirm the jurisdiction for a specific address with the city's planning department.</strong> In Boerne, that is the <strong>Boerne Planning Department, (830) 248-1501</strong>.</p>
<h2>The concrete Boerne example</h2>
<p>Boerne's short-term rental regulation is the cleanest illustration of how an ETJ actually behaves, because it draws the line in two places at once.</p>
<p>Under <strong>Ordinance No. 2023-09</strong>, Boerne's short-term rental rules apply to <strong>the city limits and the ETJ</strong> (<a href=""https://www.ci.boerne.tx.us/2444/Short-Term-Rentals"">City of Boerne</a>). An STR operator on an ETJ parcel is inside the ordinance: registration, permit term, insurance minimums, hotel occupancy tax.</p>
<p>But the <strong>safety inspection requirement applies to properties inside the city limits and does not apply to ETJ properties</strong> (<a href=""https://www.ci.boerne.tx.us/DocumentCenter/View/23223/Short-Term-Rental-Ordinance-2023-09"">Short-Term Rental Ordinance 2023-09</a>).</p>
<p>That is the shape of the thing in one ordinance. The city's rule reaches into the ETJ. One specific piece of it stops at the city limit. You cannot predict which is which from first principles — you read the ordinance, or you call the department.</p>
<p>Two more Boerne-specific points that follow from the same logic:</p>
<ul>
<li><strong>Boerne is in Kendall County, not Bexar County, and Boerne is not San Antonio.</strong> San Antonio's ordinances have no force in Boerne or Boerne's ETJ. Investors who research San Antonio rules and then buy near Boerne are reading the wrong rulebook.</li>
<li><strong>Unincorporated Kendall County outside Boerne's city limits and ETJ is not covered by the Boerne ordinance at all.</strong> What the county itself requires is a question for Kendall County, and Texas counties have limited ordinance-making power compared with cities.</li>
</ul>
<h2>Taxes in the ETJ</h2>
<p>An ETJ parcel is not in the city, so the city's property tax rate is not on its bill. The other entities still are — the county, the school district, and any special district covering the parcel.</p>
<p>The entity list for a Kendall County parcel comes from <strong>Kendall Appraisal District</strong>, which is the appraisal district for Boerne and Kendall County — <strong>not Bexar CAD</strong> (<a href=""https://kendallad.org/adopted-tax-rates-and-exemptions/"">Kendall AD</a>). Rate documents the county publishes are at <a href=""https://www.kendallcountytx.gov/184/Tax-Rate-Information"">Kendall County tax rate information</a>.</p>
<p>Note that the <strong>hotel occupancy tax question is separate from the property tax question</strong>. Boerne's STR ordinance requires hotel occupancy tax for all STRs it covers, and the combined rate in Boerne is <strong>13%</strong> — state 6% plus city 7% (<a href=""https://www.ci.boerne.tx.us/646/Current-Tax-Rates"">City of Boerne current tax rates</a>). Being outside the city property tax roll and being inside a city ordinance are two different facts about the same parcel.</p>
<h2>What to check before buying an ETJ property</h2>
<ul>
<li><strong>Confirm the jurisdiction in writing</strong> for the specific address: city limits, ETJ, or neither. Ask the City of Boerne Planning Department, not a neighbor.</li>
<li><strong>Ask which city regulations apply out there</strong> for what you actually intend to do — build, subdivide, add a second dwelling, operate a short-term rental.</li>
<li><strong>Ask about platting.</strong> If you plan to split the tract, the process likely runs through the city.</li>
<li><strong>Confirm utilities.</strong> Whether the parcel is on a city water or sewer connection, or on a private well and an on-site septic system, is a property-by-property fact, and it drives inspections and due diligence.</li>
<li><strong>Ask the city about annexation</strong> — whether the parcel could come into the city, and under what process. The rules around Texas annexation have changed over time, so get the current answer from the city rather than from an older article.</li>
<li><strong>Check emergency services, address and school attendance</strong> for the parcel rather than assuming they follow the city.</li>
</ul>
<h2>Where the line is</h2>
<p>An agent can tell you which bucket a property sits in and hand you the ordinance. Questions about how a regulation applies to your specific plan go to the <strong>City of Boerne Planning Department</strong>. Questions about deed restrictions, plat notes or enforceability go to a <strong>Texas real estate attorney</strong>. Tax consequences go to a <strong>CPA</strong>.</p>
<p>Ordinances change. Confirm current terms with the City of Boerne before you buy on the strength of what any page, including this one, says today.</p>
<h2>Related questions</h2>
<ul>
<li><a href=""/answers/should-i-buy-in-boerne-city-limits-or-unincorporated-kendall-county"">Should I buy in Boerne city limits or unincorporated Kendall County?</a></li>
<li><a href=""/boerne/short-term-rentals"">Short-Term Rental Rules in Boerne, TX</a></li>
<li><a href=""/answers/what-is-a-mud-or-pid-in-a-texas-subdivision"">What is a MUD or a PID in a Texas subdivision?</a></li>
<li><a href=""/answers/what-should-i-know-about-septic-and-wells-in-the-hill-country"">What should I know about septic systems and water wells in the Texas Hill Country?</a></li>
<li><a href=""/answers/what-are-property-taxes-like-in-boerne"">What are property taxes like in Boerne?</a></li>
</ul>
<h2>Questions about a specific property?</h2>
<p>Call or text <strong><a href=""tel:+1-830-446-3847"">830-446-3847</a></strong> · Email <strong><a href=""mailto:heath.shepard@kw.com"">heath.shepard@kw.com</a></strong></p>
<hr>
<p><em>This page explains what a Texas ETJ is. It is not legal advice. For whether a specific address is in the ETJ and which regulations apply to your plans, contact the City of Boerne Planning Department; for deed restrictions or enforceability, talk with a Texas real estate attorney.</em></p>","","2026-09-17","real-estate-market","https://www.theheathshepardrealestateteam.com/boerne/real-estate-market","should-i-buy-in-boerne-city-limits-or-unincorporated-kendall-county,what-is-a-mud-or-pid-in-a-texas-subdivision,what-should-i-know-about-septic-and-wells-in-the-hill-country,what-are-property-taxes-like-in-boerne","https://www.ci.boerne.tx.us/2444/Short-Term-Rentals
https://www.ci.boerne.tx.us/DocumentCenter/View/23223/Short-Term-Rental-Ordinance-2023-09
https://www.ci.boerne.tx.us/646/Current-Tax-Rates
https://kendallad.org/adopted-tax-rates-and-exemptions/
https://www.kendallcountytx.gov/184/Tax-Rate-Information
https://statutes.capitol.texas.gov/Docs/LG/htm/LG.42.htm","draft"
"What is an HOA resale certificate in Texas?","what-is-an-hoa-resale-certificate-in-texas","What is an HOA resale certificate in Texas?","Texas Property Code chapter 207 sets what the resale certificate contains, a 10-business-day delivery deadline, a 60-day rule and a $375 fee cap.","An HOA resale certificate is a Texas Property Code chapter 207 document the property owners' association prepares for a pending sale. It states assessments, unpaid amounts, known violations, insurance, pending lawsuits, reserves and transfer restrictions. The association must deliver it within 10 business days of a proper written request, prepared no earlier than 60 days before delivery.","<h2>What the certificate is for</h2>
<p>A buyer purchasing into a mandatory-membership subdivision is buying two things: a house, and a contractual relationship with an association that can assess money against the house and restrict what is done with it. The resale certificate is how the association puts the current state of that relationship in writing before closing.</p>
<p><strong>Texas Property Code chapter 207</strong> governs it. The statute calls the broader package <strong>subdivision information</strong>, and the resale certificate is the part of it the association fills in for this specific lot at this specific moment (<a href=""https://codes.findlaw.com/tx/property-code/prop-sect-207-003/"">Texas Property Code 207.003</a>).</p>
<h2>What is actually in it</h2>
<p>Under section 207.003 the certificate covers, among other items:</p>
<ul>
<li><strong>Regular and special assessments</strong> — the amount, and how often they are due</li>
<li><strong>Unpaid amounts</strong> owed on the property, including any assessment already levied but not yet due</li>
<li><strong>Certain known violations</strong> of the declaration or rules on that lot</li>
<li><strong>Insurance</strong> maintained by the association</li>
<li><strong>Certain pending lawsuits</strong> to which the association is a party</li>
<li><strong>Reserves</strong> and capital expenditure information</li>
<li><strong>Budgets</strong> and financial statements</li>
<li><strong>Transfer restrictions</strong> and the fees charged in connection with the transfer</li>
</ul>
<p>Read the violations line and the special-assessment line first. An open violation — an unapproved fence, a shed in a setback, a paint color that was never submitted to the architectural committee — becomes the buyer's problem on the day the deed records. A special assessment already voted but not yet billed is a real number that does not appear anywhere on the MLS listing.</p>
<p>The certificate is the summary. It is not the governing documents. The declaration of covenants, conditions and restrictions is where the actual rules live, and it is usually far longer and far more consequential than the certificate. Ask for both.</p>
<h2>The two deadlines that matter</h2>
<p><strong>Delivery:</strong> section 207.003(a) requires the information <strong>not later than the 10th business day after the date a written request for subdivision information is received</strong> (<a href=""https://codes.findlaw.com/tx/property-code/prop-sect-207-003/"">Texas Property Code 207.003</a>).</p>
<p><strong>Freshness: the certificate must be prepared no earlier than 60 days before it is delivered.</strong> A certificate pulled months ago for a different deal is not usable (<a href=""https://www.fsresidential.com/texas/news-events/articles/texas-hoa-resale-certificate/"">FirstService Residential — Texas HOA resale certificate</a>).</p>
<p>Ten business days is up to two calendar weeks. That is longer than a lot of option periods. A buyer who wants to read the association documents before the termination right expires needs the request made immediately after the contract goes effective, not at the end of the week. When an association is self-managed by volunteers, or when a third-party management company routes the request through a payment portal, the clock is the full ten days more often than not.</p>
<p>If the documents arrive late and the buyer is out of option period, the buyer's leverage is gone. That sequencing failure is the single most common way a buyer ends up owning a covenant they never read.</p>
<h2>The fees</h2>
<p>The statute caps the charge. Section 207.003(c) reads: a property owners' association &quot;may charge a reasonable and necessary fee, not to exceed <strong>$375</strong>, to assemble, copy, and deliver the information required by this section&quot; (<a href=""https://codes.findlaw.com/tx/property-code/prop-sect-207-003/"">Texas Property Code 207.003</a>).</p>
<p>Two things follow from the wording. The fee must be <strong>reasonable and necessary</strong> — $375 is a ceiling, not an entitlement. And it covers assembling, copying and delivering the subdivision information, which is a defined job, not an open-ended service charge.</p>
<p>Separately from the statutory resale certificate charge, associations and their management companies commonly bill <strong>transfer fees</strong> at closing. Those are a different item, they are disclosed on the certificate under transfer-related fees, and who pays them is negotiated in the contract, not set by law.</p>
<h2>What the contract itself warns you about</h2>
<p>The association's obligation to produce documents comes from chapter 207. The buyer's exposure is spelled out in the contract.</p>
<p><strong>Paragraph 6E(2)</strong> of the One to Four Family Residential Contract (Resale) carries a check box for whether the property <strong>is or is not</strong> subject to mandatory membership in a property owners association, and where it is, the form prints the notice required by <strong>section 5.012, Texas Property Code</strong> (<a href=""https://www.trec.texas.gov/sites/default/files/pdf-forms/20-19_4.pdf"">TREC form 20-19, PDF</a>). That notice tells the buyer they are obligated to be a member, that the restrictive covenants and dedicatory instruments have been or will be recorded in the county's Real Property Records and copies may be obtained from the county clerk, and then this:</p>
<blockquote>
<p>&quot;<strong>The amount of the assessments is subject to change. Your failure to pay the assessments could result in enforcement of the association's lien on and the foreclosure of the Property.</strong>&quot;</p>
</blockquote>
<p>The same paragraph references <strong>section 207.003</strong> as the basis for an owner's entitlement to copies of the governing documents.</p>
<p>Read the two sentences together. The number on the resale certificate today is not fixed, and non-payment is secured by a lien on the house. That is the whole reason to read the reserves, the budget and the pending-litigation lines rather than just the current dues figure.</p>
<h2>The TREC forms involved</h2>
<p>Two promulgated forms carry this (<a href=""https://www.trec.texas.gov/agency-information/contracts"">TREC contract forms</a>):</p>
<ul>
<li><strong>Addendum for Property Subject to Mandatory Membership in a Property Owners Association, form 36-11, effective 07/01/2026.</strong> This is the addendum attached to the contract when the property is in a mandatory-membership subdivision. It is where the parties handle who orders the subdivision information, who pays for it, and the buyer's rights around receiving it.</li>
<li><strong>Subdivision Information, Including Resale Certificate for Property in a Property Owners Association, form 37-5, effective 02/10/2014.</strong> This is the certificate form itself.</li>
</ul>
<p>For a condominium, the analogous document is different: the <strong>Condominium Resale Certificate, form 32-5, effective 11/25/2024</strong>, used with the condominium resale contract rather than the 1-4 family form. Condominium regimes are governed differently from ordinary subdivisions, and using the wrong form is a real error, not a formality.</p>
<h2>What buyers miss</h2>
<p><strong>Short-term rental restrictions.</strong> A declaration can be amended to restrict or prohibit short-term rentals, and deed restrictions are private contracts enforceable independently of any city ordinance. A property that qualifies for a city STR permit can still be barred by its HOA. That analysis belongs to a Texas real estate attorney reading the actual declaration and its amendments, not to a summary line on a certificate.</p>
<p><strong>Pending litigation.</strong> An association in active litigation may be facing a cost that lands on owners later. The certificate discloses certain pending suits. Ask what it is about.</p>
<p><strong>Reserves.</strong> An association with a large aging amenity and thin reserves is an assessment waiting to happen. The reserve figure is on the certificate. Almost nobody reads it.</p>
<p><strong>Architectural approval.</strong> Most declarations require written approval before exterior changes. Buyers who plan to add a shop, a pool, a casita or a metal roof should confirm the approval process before the option period ends, not after closing.</p>
<h2>Where the line is</h2>
<p>A real estate agent can order the documents, flag what is on them, and make sure the timeline works. Interpreting whether a specific covenant is enforceable against a specific intended use is legal work. That goes to a <strong>Texas real estate attorney</strong>. Questions about the association's finances and what a reserve shortfall implies are worth putting to a <strong>CPA</strong> if the purchase is an investment.</p>
<h2>Related questions</h2>
<ul>
<li><a href=""/answers/can-an-hoa-ban-short-term-rentals-in-texas"">Can an HOA ban short-term rentals in Texas?</a></li>
<li><a href=""/answers/what-is-the-trec-1-4-family-residential-contract"">What is the TREC 1-4 Family Residential Contract?</a></li>
<li><a href=""/answers/what-is-the-option-period-in-texas"">What is the option period in a Texas real estate contract?</a></li>
<li><a href=""/answers/who-pays-closing-costs-in-texas"">Who pays closing costs in Texas?</a></li>
<li><a href=""/answers/what-happens-at-a-texas-closing"">What happens at a Texas closing?</a></li>
</ul>
<h2>Questions about a specific property?</h2>
<p>Call or text <strong><a href=""tel:+1-830-446-3847"">830-446-3847</a></strong> · Email <strong><a href=""mailto:heath.shepard@kw.com"">heath.shepard@kw.com</a></strong></p>
<hr>
<p><em>This page explains how the Texas HOA resale certificate process works. It is not legal advice. For whether a specific deed restriction or covenant applies to your intended use, talk with a Texas real estate attorney.</em></p>","","2026-09-17","buying-a-home","https://www.theheathshepardrealestateteam.com/boerne/buying-a-home","can-an-hoa-ban-short-term-rentals-in-texas,what-is-the-trec-1-4-family-residential-contract,what-is-the-option-period-in-texas,who-pays-closing-costs-in-texas,what-happens-at-a-texas-closing","https://codes.findlaw.com/tx/property-code/prop-sect-207-003/
https://www.fsresidential.com/texas/news-events/articles/texas-hoa-resale-certificate/
https://www.trec.texas.gov/agency-information/contracts
https://www.trec.texas.gov/sites/default/files/pdf-forms/20-19_4.pdf","draft"
"What is earnest money in Texas, and is it refundable?","what-is-earnest-money-in-texas-and-is-it-refundable","What is earnest money in Texas, and is it refundable?","Texas earnest money explained: how much, where it is held, when it is refundable, how it is credited at closing, and why escrow cannot release it unilaterally.","Earnest money is a good-faith deposit the buyer delivers to the title company to be held in escrow. It is refundable if the buyer terminates during the option period or under a contract right such as the financing addendum. It is credited to the buyer at closing and cannot be released without mutual agreement or a court order.","<h2>What earnest money is</h2>
<p>Earnest money is the buyer's money, deposited with a neutral third party, showing the seller the offer is real. It is not a fee and it is not paid to the seller. It sits in the escrow account of the title company from delivery until the deal either closes or dies.</p>
<p>Paragraph 5A of the current contract sets the mechanics: &quot;<strong>Within 3 days after the Effective Date</strong>, Buyer must deliver to [blank] (<strong>Escrow Agent</strong>) at [blank] (address): $____ as earnest money and $____ as the option fee. The earnest money and option fee shall be made payable to Escrow Agent and may be paid separately or combined in a single payment&quot; (<a href=""https://www.trec.texas.gov/sites/default/files/pdf-forms/20-19_4.pdf"">TREC form 20-19, ¶5A</a>).</p>
<p>At closing it is credited to the buyer — it counts toward the down payment and closing costs, so the wire the buyer sends at the end is reduced by that amount.</p>
<p>The critical structural fact: <strong>earnest money in escrow cannot be released to either party without mutual agreement or a court order</strong> (<a href=""https://trerc.tamu.edu/article/option-period-basics-2360/"">Texas Real Estate Research Center</a>). Paragraph 18 of the contract is titled ESCROW and governs how the escrow agent handles and releases it. The title company is not a judge. It does not decide who was right. If the two sides disagree about who gets the money, the money stays where it is.</p>
<h2>How much earnest money</h2>
<p>There is no statutory amount and TREC does not set one. It is a dollar blank in ¶5A that the buyer and seller negotiate (<a href=""https://www.trec.texas.gov/sites/default/files/pdf-forms/20-19_4.pdf"">TREC form 20-19</a>).</p>
<p>Paragraph 5A(1) adds an optional second layer: <strong>additional earnest money</strong>, delivered within a stated number of days after the effective date. It is a real negotiating tool — a buyer can deposit a modest amount up front and commit more once the option period expires, which signals seriousness without putting the full amount at risk during due diligence.</p>
<p>A stronger deposit is a signal — it tells the seller the buyer has cash and is not shopping around. A buyer competing on a well-priced listing may raise it deliberately. A buyer on a property with known complications may want it lower, because it is the amount at risk if the deal falls apart after the option period ends.</p>
<h2>When it is refundable</h2>
<p><strong>During the option period.</strong> Paragraph 5B: if the buyer gives notice of termination within the time prescribed, &quot;(i) the option fee will not be refunded... and (ii) <strong>any earnest money will be refunded to Buyer</strong>.&quot; Notice must be given &quot;by 5:00 p.m. (local time where the Property is located) by the date specified&quot; (<a href=""https://www.trec.texas.gov/sites/default/files/pdf-forms/20-19_4.pdf"">TREC form 20-19, ¶5B</a>). This is the clean exit and it requires no reason.</p>
<p><strong>Under a contract right that survives the option period.</strong> The TREC promulgated addenda create their own termination rights with their own deadlines. The <strong>Third Party Financing Addendum, form 40-11, effective 01/03/2025</strong> governs the buyer's financing exit. The <strong>Addendum Concerning Right to Terminate Due to Lender's Appraisal, form 49-1</strong> addresses a low appraisal. The <strong>Addendum for Sale of Other Property by Buyer, form 10-6</strong> covers a buyer whose purchase depends on selling a home (<a href=""https://www.trec.texas.gov/agency-information/contracts"">TREC contract forms</a>). Each has its own notice requirement and its own clock.</p>
<p><strong>Under the seller's disclosure right.</strong> Paragraph 7B(2) of the contract implements Texas Property Code §5.008. If the buyer has not received the seller's disclosure notice, &quot;<strong>Buyer may terminate this contract at any time prior to the closing</strong> and the earnest money will be refunded to Buyer.&quot; If the seller then delivers it, &quot;Buyer may terminate this contract for any reason <strong>within 7 days after Buyer receives</strong> the Seller's Disclosure Notice <strong>or prior to the closing, whichever first occurs</strong>, and the earnest money will be refunded to Buyer&quot; (<a href=""https://www.trec.texas.gov/sites/default/files/pdf-forms/20-19_4.pdf"">TREC form 20-19, ¶7B(2)</a>; <a href=""https://codes.findlaw.com/tx/property-code/prop-sect-5-008/"">Texas Property Code §5.008</a>).</p>
<p><strong>If the title commitment never arrives.</strong> Paragraph 6B requires the seller to furnish the commitment within 20 days after the title company receives a copy of the contract, automatically extended up to 15 days or 3 days before the closing date, whichever is earlier. If it still is not delivered in time, &quot;<strong>Buyer may terminate this contract and the earnest money will be refunded to Buyer</strong>.&quot;</p>
<p><strong>If title objections are not cured.</strong> Under ¶6D, if the seller does not cure the buyer's timely objections within the 15-day cure period, the buyer has 5 days after the end of that period to terminate with the earnest money refunded — or waive. Silence is a waiver.</p>
<p><strong>Casualty loss.</strong> Under ¶14, if the property is damaged after the effective date and the seller cannot restore it by the closing date due to factors beyond the seller's control, one of the buyer's three options is to terminate and have the earnest money refunded.</p>
<p><strong>If the seller defaults.</strong> Paragraph 15: the buyer may enforce specific performance, seek other relief provided by law, or both, or terminate and receive the earnest money.</p>
<h2>When it is not</h2>
<p>Once the option period expires and no other termination right applies, the earnest money is genuinely at risk. Paragraph 15 states the consequence plainly: if the buyer defaults, the seller may &quot;(a) enforce <strong>specific performance</strong>, seek such other relief as may be provided by law, or both, or (b) terminate this contract and <strong>receive the earnest money as liquidated damages</strong>, thereby releasing both parties from this contract&quot; (<a href=""https://www.trec.texas.gov/sites/default/files/pdf-forms/20-19_4.pdf"">TREC form 20-19, ¶15</a>).</p>
<p>&quot;Liquidated damages&quot; is the key phrase. The earnest money is the agreed measure of the seller's loss — the seller does not have to prove actual damages to keep it.</p>
<p>A buyer who changes their mind in week four, or cannot come up with funds that were never contingent, or simply does not show up to closing, is in default. &quot;I got cold feet&quot; is not a contract right. Neither is &quot;the inspection worried me&quot; once the option period is over — the inspection window and the unrestricted termination right are the same window, and it closes.</p>
<h2>The late-earnest-money rule with a timing catch</h2>
<p>Paragraph 5C covers what happens when the buyer does not deliver the earnest money on time. The seller may terminate the contract, exercise the remedies under ¶15, or both.</p>
<p>The catch is the timing, and it cuts the buyer's way. The seller must give that notice <strong>before the buyer delivers the earnest money</strong> (<a href=""https://www.trec.texas.gov/sites/default/files/pdf-forms/20-19_4.pdf"">TREC form 20-19, ¶5C</a>).</p>
<p>So a buyer who is two days late but wires the money before the seller sends notice has cured the problem. A seller who waits to see whether something better comes along, then tries to terminate after the funds have landed, has missed the window. The remedy exists only in the gap between the missed deadline and the late delivery.</p>
<h2>Why &quot;getting the money back&quot; is a separate event from terminating</h2>
<p>Terminating a contract and receiving escrowed funds are two distinct steps, and conflating them causes most of the frustration people have with Texas escrow.</p>
<p>Termination is unilateral when the contract gives you the right. You deliver notice, the contract ends.</p>
<p>Release of escrowed earnest money is <strong>not</strong> unilateral. It requires both parties to sign a release, or a court order (<a href=""https://trerc.tamu.edu/article/option-period-basics-2360/"">Texas Real Estate Research Center</a>). A buyer who terminates perfectly and on time, and whose seller refuses to sign the release out of irritation, has a terminated contract and money still sitting in escrow.</p>
<p>That standoff is common and it is why a buyer's leverage is in the paperwork. A clean, timely, written termination delivered exactly the way the contract requires is what makes the seller's refusal indefensible. A sloppy one gives the seller an argument.</p>
<p>If a release stalls, the next conversation is with a Texas real estate attorney about the contract's dispute provisions. The title company will not break the tie.</p>
<h2>Earnest money versus the option fee</h2>
<p>Different money, different rules.</p>
<p>The <strong>option fee</strong> buys the unrestricted right to terminate. It becomes the seller's money, ¶5B says it &quot;will not be refunded&quot; on termination, and under ¶5A(4) the buyer authorizes the escrow agent to release it to the seller &quot;at any time without further notice to or consent from Buyer&quot; (<a href=""https://www.trec.texas.gov/sites/default/files/pdf-forms/20-19_4.pdf"">TREC form 20-19</a>).</p>
<p>The <strong>earnest money</strong> stays the buyer's money in escrow, is refundable on a timely termination, and cannot move without mutual agreement or a court order.</p>
<h2>The delivery trap worth knowing</h2>
<p>Paragraph 5A allows the option fee and earnest money to be paid separately or combined in a single payment. Paragraph 5A(3) then applies amounts received &quot;<strong>first to the option fee, then to the earnest money, and then to the additional earnest money</strong>&quot; (<a href=""https://www.trec.texas.gov/sites/default/files/pdf-forms/20-19_4.pdf"">TREC form 20-19, ¶5A(3)</a>).</p>
<p>A combined payment that is short by any amount will fully fund the option fee and underfund the earnest money. Underfunded earnest money is a buyer default under the contract, and under ¶5C the seller can act on it — but only by notice given before the buyer delivers. Nothing alerts anyone at the time. Sending two separate payments eliminates the exposure and produces a clean escrow receipt for each.</p>
<p>Paragraph 5A(2) governs the calendar: if the last day to deliver the earnest money, option fee or additional earnest money falls on a <strong>Saturday, Sunday or Legal Holiday</strong> — defined by reference to Texas Government Code Sections 662.003(a) and 662.003(b)(4) and (6) — the time extends to the end of the next day that is none of those.</p>
<h2>Related questions</h2>
<ul>
<li><a href=""/answers/how-does-the-option-fee-work-in-texas"">How does the option fee work in Texas?</a></li>
<li><a href=""/answers/is-the-option-fee-refundable-in-texas"">Is the option fee refundable in Texas?</a></li>
<li><a href=""/answers/what-is-the-option-period-in-texas"">What is the option period in a Texas real estate contract?</a></li>
<li><a href=""/answers/how-do-i-terminate-a-contract-in-texas"">How do I terminate a real estate contract in Texas?</a></li>
<li><a href=""/answers/what-is-the-third-party-financing-addendum"">What is the Third Party Financing Addendum?</a></li>
</ul>
<h2>Questions about a specific property?</h2>
<p>Call or text <strong><a href=""tel:+1-830-446-3847"">830-446-3847</a></strong> · Email <strong><a href=""mailto:heath.shepard@kw.com"">heath.shepard@kw.com</a></strong></p>
<hr>
<p><em>This page explains how earnest money is handled under the TREC contract in Texas. It is not legal advice. For a disputed escrow release or a specific contract, talk with a Texas real estate attorney.</em></p>","","2026-09-17","buying-a-home","https://www.theheathshepardrealestateteam.com/boerne/buying-a-home","how-does-the-option-fee-work-in-texas,is-the-option-fee-refundable-in-texas,what-is-the-option-period-in-texas,how-do-i-terminate-a-contract-in-texas,what-is-the-third-party-financing-addendum","https://www.trec.texas.gov/sites/default/files/pdf-forms/20-19_4.pdf
https://www.trec.texas.gov/article/changes-delivery-option-fee-0
https://trerc.tamu.edu/article/option-period-basics-2360/
https://www.trec.texas.gov/agency-information/contracts
https://www.trec.texas.gov/forms/one-four-family-residential-contract-resale
https://codes.findlaw.com/tx/property-code/prop-sect-5-008/","draft"
"What is the 10 percent homestead cap in Texas?","what-is-the-10-percent-homestead-cap-in-texas","What is the 10 percent homestead cap in Texas?","The 10 percent cap limits net appraised value once the homestead exemption is on, and resets to market value after a sale, which is why bills jump.","Once a Texas home has a homestead exemption, the appraisal district cannot raise its net appraised value more than 10 percent per year, no matter how much the market moves. The cap does not transfer to a buyer. It resets to market value after a sale, which is why a new owner's tax bill often jumps.","<h2>What the cap actually limits</h2>
<p>The cap is <strong>10% per year on net appraised value</strong>, and it applies to properties that already have a <strong>homestead exemption</strong> in place (<a href=""https://comptroller.texas.gov/taxes/property-tax/exemptions/"">Texas Comptroller</a>).</p>
<p>It does not cap your tax bill. It does not cap the tax rate. It caps the growth of the value the taxing units are allowed to tax. Rates are still set every year by each taxing unit's own board, and a rate increase raises a bill with a fully capped value.</p>
<p>It also does not cap the district's <strong>market value</strong> conclusion. The district still appraises the home at what it believes the home is worth. The cap sits on top of that and limits what gets taxed.</p>
<h2>Read your notice: there are two values on it</h2>
<p>This is the part that confuses people every spring. A notice of appraised value on a homesteaded property shows a <strong>market value</strong> and an <strong>appraised (capped) value</strong>, and after a few years of appreciation they are not close.</p>
<p>Market value is the district's opinion of what the property would sell for. Appraised value is the capped figure. Taxable value is that capped figure minus your exemptions. The bill is built off taxable value.</p>
<p>Two consequences follow:</p>
<ul>
<li>A homeowner whose capped value is far below market value may have little to gain from a protest that only argues market value down a little. The number that matters is whether the capped value is correct, and whether the market value has been driven low enough to actually pull the capped value with it.</li>
<li>The <strong>gap between the two</strong> is stored-up increase. It does not vanish. It waits.</li>
</ul>
<h2>The cap turns on when the exemption does</h2>
<p>There is no cap without a homestead exemption. A property with no exemption on file has no cap, and the district can move its value to market in a single year.</p>
<p>The exemption requires that the owner <strong>owned and occupied the home as a principal residence on January 1</strong> of the tax year, and applications are due <strong>before May 1</strong> (<a href=""https://comptroller.texas.gov/taxes/property-tax/exemptions/"">Texas Comptroller</a>). In Boerne and anywhere else in Kendall County, that filing goes to the <strong>Kendall Appraisal District</strong> (<a href=""https://kendallad.org/adopted-tax-rates-and-exemptions/"">kendallad.org</a>), not Bexar CAD — Boerne is in Kendall County, not Bexar County, and not in the City of San Antonio.</p>
<p>So the practical sequence is: buy, qualify on a January 1, file the exemption, and the cap begins protecting you going forward. It does not reach backward and it does not apply in the interim.</p>
<h2>The reset: what happens when the house sells</h2>
<p>The cap belongs to the property under a qualifying owner's exemption. It does not travel with the sale.</p>
<p>When a homesteaded property sells, the protection that built up over the seller's years of ownership ends. The new owner faces the district's market value — frequently informed by the price just paid — and must establish their own exemption and their own cap from that new baseline.</p>
<p>The practical version, and it is the most common tax surprise in Texas residential real estate:</p>
<p><strong>The seller's tax bill is not a forecast of the buyer's tax bill.</strong> A seller who owned a Hill Country home through a run of appreciation might be paying on a capped value well below market. The listing shows that number. The county website shows that number. It is a record of what somebody else paid under their own exemption and their own cap, and it is not what the buyer will pay.</p>
<p>When taxes are escrowed, the correction shows up as a lender escrow analysis and a monthly payment increase, well after closing and long after the buyer stopped thinking about it. The number to budget from is an estimate built on the <strong>purchase price</strong>, the current adopted rates for the actual taxing units on that parcel, and the exemptions the buyer will personally qualify for — not the seller's bill.</p>
<p>For scale on the rates involved, Boerne ISD adopted <strong>1.0109 per $100</strong> of taxable value for 2025, after 0.9909 in 2024 (<a href=""https://www.co.kendall.tx.us/295/Boerne-ISD"">Kendall County</a>).</p>
<h2>What the cap survives, and what it does not</h2>
<p>The cap follows a qualifying owner's homestead on the property. Events that change ownership, occupancy or exemption status can end it — a sale, a move, a transfer into a trust or an entity, a change in who holds title after a death.</p>
<p><strong>New improvements</strong> are treated separately. Added value from new construction — square footage, a casita, a shop, a pool — is generally taxed, rather than being absorbed under the cap. Ordinary repairs and maintenance are a different category. Where a specific project falls is a determination the appraisal district makes, and the time to ask is before the permit, not after the notice arrives.</p>
<p>Whether a specific transfer preserves or ends a homestead exemption and its cap is a legal and administrative question. The appraisal district decides exemption status; a <strong>Texas real estate attorney</strong> is the right person to look at the deed or trust before it is signed.</p>
<h2>Investors: the 10% cap is not yours, and the one that is expires</h2>
<p>Non-homestead property gets no 10% cap. Rentals, second homes, land held for investment — the district can move those to market value in one year.</p>
<p>There has been a temporary substitute. Under <strong>Tax Code §23.231</strong>, a <strong>20% circuit breaker</strong> limits annual appraised value increases on qualifying <strong>non-homestead</strong> real property valued at or below a threshold. The threshold is <strong>indexed annually</strong>, and published figures for the current year do not agree with each other — confirm the number with your appraisal district rather than a blog.</p>
<p>The important part is the calendar. The circuit breaker was created by <strong>SB 2 (2023)</strong> as a pilot covering tax years <strong>2024, 2025 and 2026</strong>, and it <strong>expires after the 2026 tax year</strong> unless the Legislature renews it. There is no application; the appraisal district applies it automatically, and the owner must have held the property for <strong>at least one full calendar year</strong> to qualify (<a href=""https://traviscad.org/circuitbreaker"">Travis Central Appraisal District</a>).</p>
<p>It also excludes land under agricultural-use special appraisal and homesteads already covered by the 10% cap.</p>
<p>Anyone underwriting a Texas rental or a piece of investment land past 2026 should run the numbers both ways: with the circuit breaker and without it. Its expiration is on the books, not speculative, and a proforma that quietly assumes a 20% ceiling in 2027 is assuming a law that currently sunsets.</p>
<h2>When the cap is the reason a protest is worth filing anyway</h2>
<p>If the district's <strong>market value</strong> is materially wrong — wrong square footage, unrecorded condition problems, a comparison set that does not reflect your street — it is worth correcting even in a year when the capped value governs your bill. Market value feeds forward. A market value left too high keeps the capped value climbing 10% a year for as long as the gap lasts.</p>
<p>The protest deadline is <strong>May 15, or 30 days after the district mails the notice of appraised value, whichever is later</strong> (<a href=""https://comptroller.texas.gov/taxes/property-tax/protests/"">Texas Comptroller</a>).</p>
<p>Value determinations, exemption status and cap calculations are all made by the appraisal district. Take the tax consequences of a purchase, sale or ownership change to a CPA.</p>
<h2>Related questions</h2>
<ul>
<li><a href=""/answers/what-is-the-texas-homestead-exemption"">What is the Texas homestead exemption in 2026?</a></li>
<li><a href=""/answers/why-did-my-texas-property-taxes-go-up"">Why did my Texas property taxes go up?</a></li>
<li><a href=""/answers/how-do-i-protest-my-property-taxes-in-texas"">How do I protest my property taxes in Texas?</a></li>
<li><a href=""/answers/how-do-i-file-for-a-homestead-exemption-in-kendall-county"">How do I file for a homestead exemption in Kendall County, Texas?</a></li>
<li><a href=""/answers/how-are-rental-properties-taxed-differently-in-texas"">How are rental properties taxed differently in Texas?</a></li>
</ul>
<h2>Questions about a specific property?</h2>
<p>Call or text <strong><a href=""tel:+1-830-446-3847"">830-446-3847</a></strong> · Email <strong><a href=""mailto:heath.shepard@kw.com"">heath.shepard@kw.com</a></strong></p>
<hr>
<p><em>This page explains how the Texas homestead appraisal cap works. It is not tax or legal advice. Appraised value, exemption status and cap calculations are determined by your appraisal district; tax consequences should go to a CPA.</em></p>","","2026-09-17","property-taxes","https://www.theheathshepardrealestateteam.com/boerne/property-taxes","what-is-the-texas-homestead-exemption,why-did-my-texas-property-taxes-go-up,how-do-i-protest-my-property-taxes-in-texas,how-do-i-file-for-a-homestead-exemption-in-kendall-county,how-are-rental-properties-taxed-differently-in-texas","https://comptroller.texas.gov/taxes/property-tax/exemptions/
https://traviscad.org/circuitbreaker
https://comptroller.texas.gov/taxes/property-tax/protests/
https://kendallad.org/adopted-tax-rates-and-exemptions/
https://www.co.kendall.tx.us/295/Boerne-ISD","draft"
"What is the Amendment to Contract in a Texas real estate deal?","what-is-the-amendment-to-contract-form-in-texas","What is the Amendment to Contract in a Texas real estate deal?","TREC form 39-11: check each applicable box, ten numbered items, and item 7 is how a Texas option period actually gets extended.","The Amendment to Contract is the TREC form used to change the terms of a contract that is already in effect: price, closing date, repairs, option period. It takes effect only when every party signs and it is delivered. The current version is TREC form 39-11, effective 07/01/2026. It changes a contract. It does not end one.","<h2>What it is</h2>
<p>Once a Texas contract is executed, its terms are the terms. There is no informal editing. If the parties want to change something — the price after an inspection, the closing date after an underwriting delay, a repair obligation, the length of the option period — they do it in writing with the <strong>Amendment to Contract, TREC form 39-11</strong> (<a href=""https://www.trec.texas.gov/agency-information/contracts"">TREC contract forms</a>). The form carries a footer date of <strong>05-04-2026</strong> and is <strong>effective 07/01/2026</strong> (<a href=""https://www.trec.texas.gov/sites/default/files/pdf-forms/39-11.pdf"">TREC form 39-11, PDF</a>).</p>
<p>It is a short form that does exactly one job: it restates the specific terms that are changing and leaves everything else intact. Anything the amendment does not touch still governs.</p>
<h2>&quot;Check each applicable box&quot; — this is not a one-thing-at-a-time form</h2>
<p>The instruction printed at the top reads: &quot;Seller and Buyer amend the contract as follows: (<strong>check each applicable box</strong>)&quot; (<a href=""https://www.trec.texas.gov/sites/default/files/pdf-forms/39-11.pdf"">TREC form 39-11, PDF</a>).</p>
<p>Check <strong>each</strong> applicable box, not one. A single amendment can move the closing date, adjust the price and extend the option period at once, and in a real negotiation it usually should — one document, one round of signatures, one delivery, one version of the truth. Splitting three changes across three amendments is three chances for one of them to sit unsigned in an inbox.</p>
<p>The corollary: an unchecked box is not a change. A number written into item 3 with the item 3 box left blank is an argument, not an amendment.</p>
<h2>The ten items, walked</h2>
<ol>
<li><strong>The Sales Price in Paragraph 3.</strong> Broken into A, the cash portion payable at closing; B, the sum of all financing described in the contract; and C, the Sales Price, which is the sum of A and B. All three lines get filled. A price change that adjusts C without reconciling A and B against the financing addendum produces a contract that does not add up.</li>
<li><strong>Repairs and treatments.</strong> &quot;In addition to any repairs and treatments otherwise required by the contract, Seller, at Seller's expense, shall complete the following repairs and treatments,&quot; followed by the printed notice: &quot;(<strong>Notice: Paragraph 7 of the contract governs the completion, delivery of documentation, and transfer of warranties of repairs and treatments.</strong>)&quot; The amendment creates the obligation; Paragraph 7 of the contract controls how it gets performed, documented and warranted. Writing a repair into item 2 does not rewrite Paragraph 7.</li>
<li><strong>The date in Paragraph 9</strong> — the closing date. The most common amendment there is.</li>
<li><strong>The amount in Paragraph 12A(1)(b)</strong> — the cap on the seller's contribution toward the buyer's expenses.</li>
<li><strong>The amounts in Paragraph 12B</strong> — brokerage compensation contributions, with dollar or percentage-of-sales-price checkboxes for each party.</li>
<li><strong>Lender required repairs and treatment</strong>, itemized on an attached list and split &quot;$___ by Seller; $___ by Buyer.&quot; This is where a Property Approval problem under the Third Party Financing Addendum gets resolved instead of terminated.</li>
<li><strong>Option period extension.</strong> Its own section below.</li>
<li><strong>Waiver of the option right.</strong> &quot;Buyer waives the unrestricted right to terminate the contract for which the option fee was paid.&quot; Checking this box ends the buyer's clean walk-away early, on purpose, usually to give a seller certainty in exchange for something.</li>
<li><strong>The Buyer Approval notice date</strong> under the Third Party Financing Addendum: &quot;The date for Buyer to give written notice to Seller that Buyer cannot obtain Buyer Approval as set forth in the Third Party Financing Addendum is changed to ___.&quot;</li>
<li><strong>Other Modifications</strong>, with a printed warning that deserves its own section too.</li>
</ol>
<h2>Item 7 is how a Texas option period actually gets extended</h2>
<p>This is the part people handle by text message, and it does not work by text message.</p>
<p>Item 7 reads: &quot;Buyer has paid Seller an <strong>additional option fee of $___</strong> for an extension of the unrestricted right to terminate the contract <strong>on or before 5:00 p.m. on ___</strong>. This additional option fee <strong>will / will not</strong> be credited to the Sales Price&quot; (<a href=""https://www.trec.texas.gov/sites/default/files/pdf-forms/39-11.pdf"">TREC form 39-11, PDF</a>).</p>
<p>Three distinct things have to be decided, and all three are on the form:</p>
<ul>
<li><strong>An additional option fee</strong>, stated as a dollar amount. The extension is bought, the same way the original option was bought.</li>
<li><strong>A new expiration</strong>, written as a date with <strong>5:00 p.m.</strong> already printed on the form. Not &quot;another week.&quot; A date.</li>
<li><strong>A separate election on whether that additional fee is credited to the Sales Price.</strong> The original option fee is credited at closing under Paragraph 5A(4) of the contract. The additional fee under item 7 is credited only if the parties check that it is. This is the box that gets skipped, and it is real money.</li>
</ul>
<p>The extension also has to be executed <strong>before</strong> the existing option period runs out. <strong>Paragraph 5B</strong> of the contract grants the unrestricted right to terminate only &quot;within [ ] days after the Effective Date,&quot; with notice due by 5:00 p.m. local time, and <strong>Paragraph 5E</strong> adds: &quot;<strong>Time is of the essence</strong> for this paragraph and strict compliance with the time for performance is required&quot; (<a href=""https://www.trec.texas.gov/sites/default/files/pdf-forms/20-19_4.pdf"">TREC form 20-19, PDF</a>). An amendment signed the morning after the option expired does not revive a right that already ended. There is nothing left to extend.</p>
<p>Delivery mechanics are worth confirming rather than assuming. The original option fee goes to the escrow agent — the title company — within three days after the effective date (<a href=""https://www.trec.texas.gov/article/changes-delivery-option-fee-0"">TREC</a>). The additional option fee in item 7 is described on the form as paid to Seller. Who holds it, and when it actually moved, is something to confirm in the transaction rather than infer.</p>
<h2>Item 9 moves a financing deadline, and it points at a specific paragraph</h2>
<p>Item 9 changes &quot;the date for Buyer to give written notice to Seller that Buyer cannot obtain Buyer Approval as set forth in the Third Party Financing Addendum.&quot;</p>
<p>That is the <strong>Paragraph 2A</strong> deadline on the financing addendum — the borrower-side window, counted in days after the effective date. It matters because of what happens when it passes: under the addendum, if the buyer does not terminate under 2A, the contract is no longer subject to the buyer obtaining Buyer Approval at all. Item 9 is the only clean way to move that date, and like item 7 it has to be executed before the date it is moving.</p>
<p>Item 9 does <strong>not</strong> touch Property Approval under Paragraph 2B, which runs to the 3rd day before the Closing Date on its own terms.</p>
<h2>Item 10 exists, and the form itself warns you about it</h2>
<p>Item 10 is <strong>Other Modifications</strong>, and TREC prints the warning right on it: &quot;(<strong>Real estate brokers and sales agents are prohibited from practicing law.</strong>)&quot; The form's footer repeats it: &quot;<strong>CONSULT AN ATTORNEY BEFORE SIGNING: TREC rules prohibit real estate brokers and sales agents from giving legal advice. READ THIS FORM CAREFULLY.</strong>&quot;</p>
<p>That warning is the hinge of this entire form. Items 1 through 9 are blanks a license holder fills in. Item 10 is a blank space, and blank space is where drafting happens.</p>
<p>A leaseback. A holdback for unfinished work. A contingency tied to the sale of another property. A carve-out on a fixture. A payment structure that does not exist anywhere in the promulgated forms. Every one of those is language somebody has to write, and a license holder writing it is practicing law. That is work for a <strong>Texas real estate attorney</strong>, and paying for a paragraph is cheaper than litigating one.</p>
<h2>The execution block, and the date of final acceptance</h2>
<p>The form ends with &quot;EXECUTED the ___ day of ___, 20___. (<strong>BROKER: FILL IN THE DATE OF FINAL ACCEPTANCE.</strong>)&quot;</p>
<p>That instruction is directed at the broker for a reason. The date of final acceptance is the date the last party signed and that signature was delivered — not the date the first party signed, not the date somebody agreed on the phone. Every deadline the amendment creates or moves is measured against real dates, and a wrong date on an amendment propagates the same way a wrong effective date on a contract does.</p>
<h2>The two rules that make or break any amendment</h2>
<p><strong>1. Every party signs.</strong> A buyer-signed amendment sitting in an inbox is a proposal. An amendment on a contract with two sellers needs both sellers. An amendment on a property held by an entity needs whoever is authorized to bind the entity. A missing signature does not create a partially amended contract; it creates no amendment at all.</p>
<p><strong>2. It has to be delivered.</strong> Signed and sitting on someone's desk is not delivered. The original contract's notice and delivery provisions apply to the amendment the same way they apply to everything else.</p>
<p>Both rules get broken constantly, usually under time pressure, and usually by someone assuming that a text-message agreement is the deal. A verbal &quot;we agreed to extend closing a week&quot; is not an extension. The closing date in the executed contract is still the closing date until an amendment says otherwise.</p>
<h2>Write repairs like someone will have to enforce them</h2>
<p>The contract prints its own drafting warning on the repairs blank: &quot;<strong>Do not insert general phrases, such as 'subject to inspections' that do not identify specific repairs and treatments</strong>&quot; (<a href=""https://www.trec.texas.gov/sites/default/files/pdf-forms/20-19_4.pdf"">TREC form 20-19, PDF</a>).</p>
<p>Apply that to item 2 of the amendment. &quot;Seller to complete repairs&quot; without naming the repair, the standard of completion and who verifies it is an argument waiting to happen at the final walkthrough. Specific beats generous.</p>
<p><strong>Paragraph 7D</strong> of the contract confirms the amendment is the right instrument for this: accepting the property As Is &quot;does not preclude Buyer from inspecting the Property under Paragraph 7A, from <strong>negotiating repairs or treatments in a subsequent amendment</strong>, or from terminating this contract during the Option Period.&quot; That is the amendment's job in a deal — it is what turns an inspection report into an obligation.</p>
<h2>An amendment is not a termination</h2>
<p>Different instruments, different outcomes.</p>
<ul>
<li><strong>Amendment to Contract, form 39-11</strong> — changes terms; the contract continues.</li>
<li><strong>Notice of Buyer's Termination of Contract, form 38-8, effective 04/01/2025</strong> — the buyer ends the contract.</li>
<li><strong>Notice of Seller's Termination of Contract, form 50-0, effective 08/13/2018</strong> — the seller ends it under the circumstances the contract allows.</li>
</ul>
<p>Using an amendment to try to end a deal, or a termination notice to try to change a term, does not produce the intended result.</p>
<p>Related point on money: earnest money is held by the title company and <strong>cannot be released to either party without mutual agreement or a court order</strong>. A contract that ends in disagreement leaves funds in escrow regardless of who believes they are right, and an amendment cannot unilaterally move that money either — it takes everyone's signature, which is the same rule as everything else on this page.</p>
<p>The underlying contract for an ordinary resale is <strong>form 20-19, effective 07/01/2026</strong> (<a href=""https://www.trec.texas.gov/forms/one-four-family-residential-contract-resale"">TREC</a>). Condominiums, builder new construction and farm and ranch use different promulgated contracts, and the amendment attaches to whichever contract the parties actually signed.</p>
<h2>The practical version</h2>
<p>Check every box that applies, fill the blanks with dates and dollar amounts instead of intentions, get every signature, deliver it, and execute it before the deadline it changes. Every amendment failure is one of those five steps missing.</p>
<h2>Related questions</h2>
<ul>
<li><a href=""/answers/what-does-the-effective-date-mean-in-a-texas-contract"">What does the effective date mean in a Texas real estate contract?</a></li>
<li><a href=""/answers/what-is-the-option-period-in-texas"">What is the option period in a Texas real estate contract?</a></li>
<li><a href=""/answers/how-do-i-terminate-a-contract-in-texas"">How do I terminate a real estate contract in Texas?</a></li>
<li><a href=""/answers/what-is-the-trec-1-4-family-residential-contract"">What is the TREC 1-4 Family Residential Contract?</a></li>
<li><a href=""/answers/what-is-the-third-party-financing-addendum"">What is the Third Party Financing Addendum in Texas?</a></li>
</ul>
<h2>Questions about a specific property?</h2>
<p>Call or text <strong><a href=""tel:+1-830-446-3847"">830-446-3847</a></strong> · Email <strong><a href=""mailto:heath.shepard@kw.com"">heath.shepard@kw.com</a></strong></p>
<hr>
<p><em>This page explains how the TREC Amendment to Contract works. It is not legal advice. A license holder can fill in blanks but cannot draft contract language — the form says so on item 10 — so for custom terms, talk with a Texas real estate attorney.</em></p>","","2026-09-17","buying-a-home","https://www.theheathshepardrealestateteam.com/boerne/buying-a-home","what-does-the-effective-date-mean-in-a-texas-contract,what-is-the-option-period-in-texas,how-do-i-terminate-a-contract-in-texas,what-is-the-trec-1-4-family-residential-contract,what-is-the-third-party-financing-addendum","https://www.trec.texas.gov/sites/default/files/pdf-forms/39-11.pdf
https://www.trec.texas.gov/agency-information/contracts
https://www.trec.texas.gov/forms/one-four-family-residential-contract-resale
https://www.trec.texas.gov/article/changes-delivery-option-fee-0
https://www.trec.texas.gov/sites/default/files/pdf-forms/20-19_4.pdf","draft"
"What is the BRRRR method, and does it work in Texas?","what-is-the-brrrr-method-and-does-it-work-in-texas","What is the BRRRR method, and does it work in Texas?","If the BRRRR property is your homestead, the refinance is a Section 50(a)(6) loan capped at 80 percent LTV with a 12-day wait. A rental is not.","BRRRR is buy, rehab, rent, refinance, repeat. It works in Texas, with one constitutional catch: if the property is the borrower's homestead, the refinance is a Section 50(a)(6) loan capped at 80 percent loan-to-value with a 12-day waiting period. A rental held as an investment is not the homestead and is not governed by 50(a)(6).","<h2>The five steps</h2>
<p><strong>Buy</strong> a property below its post-repair value, usually one that will not finance conventionally in its current condition. <strong>Rehab</strong> it. <strong>Rent</strong> it, so it produces income and an appraiser has something to value. <strong>Refinance</strong> to pull the invested capital back out. <strong>Repeat</strong> with the recycled capital.</p>
<p>The whole model lives or dies on the fourth step. Everything before it is ordinary renovation work. The refinance is what turns a one-time flip into a repeatable machine, and it is the step where Texas is genuinely different from every other state.</p>
<h2>Why the refinance step is different in Texas</h2>
<p>Texas protects the homestead in its <strong>Constitution</strong>, not merely by statute. If the property being refinanced is the borrower's <strong>homestead</strong>, the cash-out is a home equity loan under <strong>Article XVI, Section 50(a)(6)</strong>, and it carries limits that do not exist elsewhere:</p>
<ul>
<li><strong>80 percent loan-to-value maximum.</strong> All loans secured by the homestead, combined, cannot exceed 80 percent of fair market value at closing. At least 20 percent equity must remain.</li>
<li><strong>A 12-day waiting period</strong> — the loan cannot close until at least 12 days after the later of the application or the borrower's receipt of the required notice.</li>
<li><strong>A 2 percent fee cap</strong> on fees, excluding the appraisal fee, land survey fee, title insurance premium and title search or examination.</li>
<li><strong>Generally non-recourse</strong> — the lender cannot pursue the borrower personally for a deficiency.</li>
<li><strong>One at a time</strong>, and <strong>12 months</strong> must pass between home equity closings.</li>
</ul>
<p>Sources: <a href=""https://www.rocketmortgage.com/learn/home-equity-loan-cash-out-refinance-texas"">Rocket Mortgage</a>, <a href=""https://hurstlending.com/texas-cash-out-refinance-rules-50a6-guidelines/"">Hurst Lending</a>. Full mechanics: <a href=""/answers/what-is-a-texas-cash-out-refinance-50a6"">what is a Texas cash-out refinance under Section 50(a)(6)</a>.</p>
<p>For a BRRRR strategy, the two that bite hardest are the 80 percent ceiling and the 12-month rule. The 80 percent ceiling means a fifth of the after-repair value stays trapped in the property permanently. The 12-month rule means a house-hacking investor who refinances their own residence cannot do it again the following quarter, no matter how good the next deal is.</p>
<h2>The investment property is a different animal</h2>
<p><strong>A rental held in the investor's name as an investment property is not the homestead, and is not governed by Section 50(a)(6).</strong> The Texas Constitution's home equity restrictions apply to the homestead. That is the whole reason a classic BRRRR sequence is workable here at all.</p>
<p>The limits that replace them come from the lender, not the constitution: the lender's own loan-to-value requirements, its seasoning requirement — how long the property must be owned or how long the current value must have existed before a cash-out is allowed — its reserve requirements, its debt service coverage test, and its cap on the number of financed properties.</p>
<p>Those vary by lender and by product, and they change. Any specific loan-to-value number or seasoning period on a blog is a number for someone else's loan program. <strong>Get the current terms in writing from a lender before buying the property</strong>, because the whole model is a bet on that refinance existing on those terms four to eight months later.</p>
<p>The failure mode is specific and common: the rehab runs long, the appraisal lands below the projected after-repair value, and the cash-out at the lender's loan-to-value leaves the investor short of the capital they needed to move on. Then the deal that was supposed to recycle capital has consumed it.</p>
<h2>Where the homestead question gets slippery</h2>
<p>The clean version is easy: the investor lives in one house and rents four others. The four are investment property.</p>
<p>The version that trips people up is the house-hack. An investor who buys a duplex, lives in one side and rents the other has a homestead. An investor who lives in a property during the rehab and moves out to rent it has to pin down what that property is at the time of the refinance, and whether a homestead designation was ever filed or claimed. <strong>Homestead character is a legal question with a tax consequence attached, and it belongs to a Texas real estate attorney and a CPA, not to an assumption.</strong> Getting it wrong means applying for the wrong loan product and finding out at underwriting.</p>
<h2>The property tax side, which the pro forma usually ignores</h2>
<p>Converting a property to a rental changes its property tax treatment in three ways.</p>
<p><strong>No homestead exemption.</strong> The residence homestead exemptions — including the school district exemption of <strong>$140,000</strong>, raised from $100,000 by Proposition 13, approved by voters in November 2025 and implemented by SB 4 of the 89th Legislature for tax year 2026 — apply only to a <strong>residence homestead</strong> (<a href=""https://comptroller.texas.gov/taxes/property-tax/exemptions/"">Texas Comptroller</a>). A rental gets none of it.</p>
<p><strong>No 10 percent cap.</strong> The 10 percent annual limit on increases in net appraised value applies to properties that already have a homestead exemption. A rental does not get it.</p>
<p><strong>The circuit breaker instead — for now.</strong> Non-homestead real property valued at or below an annually indexed threshold is covered by a separate <strong>20 percent</strong> cap on appraised value under <strong>Tax Code Section 23.231</strong>, created by SB 2 (2023) as a pilot for tax years <strong>2024, 2025 and 2026</strong>. It <strong>expires December 31, 2026 unless the Legislature renews it</strong> (<a href=""https://traviscad.org/circuitbreaker"">Travis CAD</a>, <a href=""https://resolutepts.com/texas-property-tax-law-changes/"">summary of 2023 Texas property tax law changes</a>). It excludes land under agricultural special appraisal and homesteads already under the 10 percent cap.</p>
<p>That expiration date is a live underwriting item for anyone buying a Texas rental in 2026 with a five-year hold. A pro forma that assumes 20 percent as a permanent appraisal ceiling is assuming a statute that sunsets. Model it both ways. Detail: <a href=""/answers/how-are-rental-properties-taxed-differently-in-texas"">how rental properties are taxed differently in Texas</a>.</p>
<p>For Boerne and the rest of Kendall County, the appraisal district is <strong>Kendall Appraisal District (kendallad.org)</strong> — not Bexar CAD. Boerne is in Kendall County, not the City of San Antonio.</p>
<h2>So does BRRRR work in Texas</h2>
<p>Yes, with the refinance structured on the investment side rather than against a homestead, and with three things pinned down before the purchase rather than after the rehab:</p>
<ol>
<li><strong>The lender's actual cash-out terms and seasoning requirement, in writing</strong>, for the product the investor will use.</li>
<li><strong>Whether the property will be the homestead at the time of the refinance</strong>, answered by a Texas real estate attorney and a CPA if there is any ambiguity.</li>
<li><strong>A property tax line that reflects no homestead exemption, no 10 percent cap, and the circuit breaker's December 31, 2026 expiration.</strong></li>
</ol>
<p>A model that survives all three is a model. One that assumes national-average refinance terms and homestead tax treatment is a spreadsheet.</p>
<h2>Related questions</h2>
<ul>
<li><a href=""/answers/what-is-a-texas-cash-out-refinance-50a6"">What is a Texas cash-out refinance under Section 50(a)(6)?</a></li>
<li><a href=""/answers/how-are-rental-properties-taxed-differently-in-texas"">How are rental properties taxed differently in Texas?</a></li>
<li><a href=""/answers/what-is-a-1031-exchange"">What is a 1031 exchange?</a></li>
<li><a href=""/answers/what-is-the-10-percent-homestead-cap-in-texas"">What is the 10 percent homestead cap in Texas?</a></li>
<li><a href=""/answers/is-boerne-a-good-real-estate-investment"">Is Boerne a good real estate investment?</a></li>
</ul>
<h2>Questions about a specific property?</h2>
<p>Call or text <strong><a href=""tel:+1-830-446-3847"">830-446-3847</a></strong> · Email <strong><a href=""mailto:heath.shepard@kw.com"">heath.shepard@kw.com</a></strong></p>
<hr>
<p><em>This page explains how Texas rules affect an investment strategy as of September 2026 and is not legal, tax or lending advice. A lender sets loan terms, a CPA handles tax treatment, and a Texas real estate attorney answers homestead and title questions.</em></p>","","2026-09-17","real-estate-market","https://www.theheathshepardrealestateteam.com/boerne/real-estate-market","what-is-a-texas-cash-out-refinance-50a6,how-are-rental-properties-taxed-differently-in-texas,what-is-a-1031-exchange,what-is-the-10-percent-homestead-cap-in-texas,is-boerne-a-good-real-estate-investment","https://www.rocketmortgage.com/learn/home-equity-loan-cash-out-refinance-texas
https://hurstlending.com/texas-cash-out-refinance-rules-50a6-guidelines/
https://comptroller.texas.gov/taxes/property-tax/exemptions/
https://traviscad.org/circuitbreaker
https://resolutepts.com/texas-property-tax-law-changes/","draft"
"What is the option period in a Texas real estate contract?","what-is-the-option-period-in-texas","What is the option period in a Texas real estate contract?","The option fee goes to the title company within three days of the effective date, expires at 5:00 p.m. on the last day, and is credited at closing.","The option period is a negotiated window in the TREC contract during which a Texas buyer can terminate for any reason and get their earnest money back. The buyer pays a separate option fee to the title company within three days of the effective date. The fee is credited at closing and is not refunded on termination.","<h2>What the option fee actually buys</h2>
<p>The option fee buys an <strong>unrestricted right to terminate</strong>. Not a right to terminate if the inspection is bad, or if the appraisal comes in low, or if financing falls through — a right to terminate for any reason or no reason at all, as long as the buyer delivers written notice before the period ends (<a href=""https://trerc.tamu.edu/article/option-period-basics-2360/"">Texas Real Estate Research Center</a>).</p>
<p>The contract says it in those words. <strong>Paragraph 5B</strong> of <a href=""https://www.trec.texas.gov/sites/default/files/pdf-forms/20-19_4.pdf"">TREC form 20-19</a> reads: &quot;For nominal consideration, the receipt of which Seller acknowledges, and Buyer's agreement to pay the option fee within the time required, Seller grants Buyer the unrestricted right to terminate this contract by giving notice of termination to Seller within ____ days after the Effective Date of this contract (Option Period). Notices under this paragraph must be given by 5:00 p.m. (local time where the Property is located) by the date specified.&quot; If the buyer terminates in time, &quot;the option fee will not be refunded&quot; and &quot;any earnest money will be refunded to Buyer.&quot;</p>
<p>That is unusual. In most states a buyer's exits are tied to contingencies, and each one has to be justified. In Texas the buyer buys a clean walk-away.</p>
<p>The length of the option period and the size of the option fee are <strong>negotiated between buyer and seller</strong>. Neither is set by statute and neither is set by TREC. They are blanks on the contract. Practitioners commonly see seven to ten days and fees in the low hundreds, but in a competitive situation a buyer may shorten the period or raise the fee to strengthen an offer, and on a complicated property a buyer may need considerably longer.</p>
<h2>The three-day delivery deadline is the part that gets people</h2>
<p>Since the rule change, the option fee is delivered to the <strong>escrow agent — the title company — not to the seller</strong>. <strong>Paragraph 5A</strong> requires the buyer to deliver both the earnest money and the option fee to the escrow agent &quot;within 3 days after the Effective Date.&quot; <strong>Paragraph 5A(2)</strong> extends that deadline to the end of the next qualifying day if day three falls on &quot;a Saturday, Sunday, or Legal Holiday,&quot; with &quot;Legal Holiday&quot; defined by reference to Sections 662.003(a) and 662.003(b)(4) and (6) of the Texas Government Code (<a href=""https://www.trec.texas.gov/sites/default/files/pdf-forms/20-19_4.pdf"">TREC form 20-19</a>; <a href=""https://www.trec.texas.gov/article/changes-delivery-option-fee-0"">TREC</a>).</p>
<p>Miss that delivery and the buyer does not have a termination right, no matter what the contract says the option period is. <strong>Paragraph 5D</strong> is blunt about it: &quot;If no dollar amount is stated as the option fee or if Buyer fails to deliver the option fee within the time required, Buyer shall not have the unrestricted right to terminate this contract under this paragraph 5.&quot;</p>
<p>Read that first clause again. <strong>A blank option fee amount kills the termination right just as completely as a late wire does.</strong> The buyer who negotiated a ten-day option period, scheduled the inspector and never noticed the empty blank on page two has no option at all. <strong>Paragraph 5E</strong> removes any argument about it: &quot;Time is of the essence for this paragraph and strict compliance with the time for performance is required.&quot;</p>
<p>The option fee and the earnest money <strong>may be paid separately or combined in one payment</strong> (¶5A). If they are combined, <strong>paragraph 5A(3)</strong> applies the funds &quot;first to the option fee, then to the earnest money, and then to the additional earnest money.&quot; A combined payment that is short by even a small amount therefore leaves the earnest money underfunded — and under <strong>paragraph 5C</strong> the seller may then terminate or pursue the ¶15 default remedies, though only by giving notice before the buyer delivers the earnest money. A quiet trap worth watching (<a href=""https://www.trec.texas.gov/article/changes-delivery-option-fee-0"">TREC</a>).</p>
<p><strong>Paragraph 5A(4)</strong> lets the escrow agent release the option fee to the seller &quot;at any time without further notice to or consent from Buyer.&quot;</p>
<h2>How the days are counted</h2>
<p>Calendar days, not business days. The <strong>effective date is day zero</strong>, and each following day is numbered in sequence. A ten-day option period on a contract with a November 1 effective date runs out at <strong>5:00 p.m. local time on November 11</strong> (<a href=""https://trerc.tamu.edu/article/option-period-basics-2360/"">Texas Real Estate Research Center</a>).</p>
<p>The effective date is the date the last party signs and that signature is delivered — not the date the buyer wrote the offer, and not the date the seller verbally accepted. If the effective date on the contract is wrong, every deadline in the deal is wrong with it.</p>
<h2>How the buyer terminates</h2>
<p>The buyer delivers <strong>written notice</strong> to the seller by 5:00 p.m. local time on the last day of the option period. TREC publishes a form for this: <strong>Notice of Buyer's Termination of Contract, form 38-8, effective 04/01/2025</strong> (<a href=""https://www.trec.texas.gov/agency-information/contracts"">TREC contract forms</a>).</p>
<p>On a timely termination the earnest money is released back to the buyer and the seller keeps the option fee. Earnest money itself is held by the title company and <strong>cannot be released to either side without mutual agreement or a court order</strong>, which is why a termination that the seller disputes can leave money sitting in escrow while the parties work it out.</p>
<h2>What happens to the option fee if the deal closes</h2>
<p>It is <strong>credited to the sales price at closing</strong> — ¶5A(4) says so in those words. The buyer does not pay it twice. That is different from how buyers in some other states expect a &quot;due diligence fee&quot; to work, and it is worth saying out loud to a relocating buyer.</p>
<h2>Which contract this lives in</h2>
<p>The current <strong>One to Four Family Residential Contract (Resale) is TREC form 20-19, effective 07/01/2026</strong> (<a href=""https://www.trec.texas.gov/forms/one-four-family-residential-contract-resale"">TREC</a>). It is the form used for single-family homes, duplexes, triplexes and four-plexes on resale. Condominiums, builder new construction, and farm and ranch each use a different promulgated contract, and the option mechanics look similar but the form number is different.</p>
<p>TREC promulgates these forms and license holders are required to use them. A license holder cannot draft contract language. If a deal needs custom terms, that is a job for a <strong>Texas real estate attorney</strong>.</p>
<h2>The practical version</h2>
<p>An option period is time. What a buyer does with it is the whole point: inspections, a contractor walk, a survey review, an insurance quote, an HOA document read, a septic or well inspection on a Hill Country property. None of that happens automatically. The clock runs whether or not anything gets scheduled, and the termination right expires at 5:00 p.m. on the last day regardless of whether the inspector had an opening.</p>
<h2>Related questions</h2>
<ul>
<li><a href=""/answers/how-does-the-option-fee-work-in-texas"">How does the option fee work in Texas?</a></li>
<li><a href=""/answers/is-the-option-fee-refundable-in-texas"">Is the option fee refundable in Texas?</a></li>
<li><a href=""/answers/what-is-earnest-money-in-texas-and-is-it-refundable"">What is earnest money in Texas, and is it refundable?</a></li>
<li><a href=""/answers/what-is-the-trec-1-4-family-residential-contract"">What is the TREC 1-4 Family Residential Contract?</a></li>
<li><a href=""/answers/how-do-i-terminate-a-contract-in-texas"">How do I terminate a real estate contract in Texas?</a></li>
</ul>
<h2>Questions about a specific property?</h2>
<p>Call or text <strong><a href=""tel:+1-830-446-3847"">830-446-3847</a></strong> · Email <strong><a href=""mailto:heath.shepard@kw.com"">heath.shepard@kw.com</a></strong></p>
<hr>
<p><em>This page explains how the Texas option period works. It is not legal advice. For how these terms apply to a specific contract, talk with a Texas real estate attorney.</em></p>","","2026-09-17","buying-a-home","https://www.theheathshepardrealestateteam.com/boerne/buying-a-home","how-does-the-option-fee-work-in-texas,is-the-option-fee-refundable-in-texas,what-is-earnest-money-in-texas-and-is-it-refundable,what-is-the-trec-1-4-family-residential-contract,how-do-i-terminate-a-contract-in-texas","https://www.trec.texas.gov/forms/one-four-family-residential-contract-resale
https://www.trec.texas.gov/agency-information/contracts
https://www.trec.texas.gov/article/changes-delivery-option-fee-0
https://trerc.tamu.edu/article/option-period-basics-2360/
https://www.trec.texas.gov/sites/default/files/pdf-forms/20-19_4.pdf","draft"
"What is the Seller's Disclosure Notice in Texas?","what-is-the-sellers-disclosure-notice-in-texas","What is the Seller's Disclosure Notice in Texas?","Property Code 5.008 and TREC form 55-1: the seven-day termination right, the Paragraph 7B box that must be checked once, and who is exempt.","The Seller's Disclosure Notice is a written notice Texas Property Code section 5.008 requires from a seller of residential property with not more than one dwelling unit. It discloses known condition, defects and flood history. If the seller delivers it after the contract is signed, the buyer may terminate for any reason within seven days after receiving it.","<h2>Who owes the notice</h2>
<p>The duty runs to a <strong>seller of residential real property comprising not more than one dwelling unit</strong>. That is the statutory phrase, and it is narrower than people assume — it captures the ordinary single-family house and does not, on its face, reach a fourplex. The seller must give the buyer a written notice in the form prescribed by section 5.008, or one that is substantially similar (<a href=""https://texas.public.law/statutes/tex._prop._code_section_5.008"">Texas Property Code 5.008</a>).</p>
<p>The notice is the seller's. Not the agent's, not the inspector's, not the title company's. A license holder can hand a seller the form and can decline to pass along a notice they know to be false, but the answers on it are the seller's own statements about what the seller actually knows.</p>
<p>The current TREC version of the form is the <strong>Seller's Disclosure Notice, form 55-1, effective 05/28/2026</strong> (<a href=""https://www.trec.texas.gov/agency-information/contracts"">TREC contract forms</a>). Many brokerages and associations publish their own longer versions. Longer is common; shorter than the statute is not an option.</p>
<h2>The seven-day termination right</h2>
<p>This is the enforcement mechanism, and it is the part that changes behavior.</p>
<p>If the contract is signed <strong>without the seller having given the notice</strong>, the buyer may terminate the contract <strong>for any reason within seven days after receiving it</strong> (<a href=""https://codes.findlaw.com/tx/property-code/prop-sect-5-008/"">Texas Property Code 5.008</a>). Not for cause. For any reason.</p>
<p>Practically, that means a late disclosure hands the buyer a second walk-away right that can outlive the option period. A seller who signs a contract on Monday and produces the disclosure on Friday has just extended the buyer's exit window past the day the contract was signed, on terms the seller does not control. The fix is boring and it works: the notice goes out with the listing, before anyone writes an offer.</p>
<h2>Paragraph 7B: the box almost nobody reads carefully</h2>
<p>The statute creates the duty. The contract operationalizes it, and the contract's version has a limit the statute does not spell out.</p>
<p><strong>Paragraph 7B</strong> of the One to Four Family Residential Contract (Resale) is headed &quot;SELLER'S DISCLOSURE NOTICE PURSUANT TO §5.008, TEXAS PROPERTY CODE,&quot; and it is a <strong>check one box only</strong> election with three options (<a href=""https://www.trec.texas.gov/sites/default/files/pdf-forms/20-19_4.pdf"">TREC form 20-19, PDF</a>):</p>
<ul>
<li><strong>(1)</strong> Buyer <strong>has received</strong> the Seller's Disclosure Notice.</li>
<li><strong>(2)</strong> Buyer <strong>has not received</strong> it, and Seller delivers it within a stated number of days after the Effective Date.</li>
<li><strong>(3)</strong> Seller <strong>is not required</strong> to furnish the notice under the Texas Property Code — the exemption box.</li>
</ul>
<p>Box (2) is the one to read word for word. The form says: if the buyer does not receive the notice, &quot;<strong>Buyer may terminate this contract at any time prior to the closing</strong> and the earnest money will be refunded to Buyer. If Seller delivers the Seller's Disclosure Notice, <strong>Buyer may terminate this contract for any reason within 7 days after Buyer receives</strong> the Seller's Disclosure Notice <strong>or prior to the closing, whichever first occurs</strong>, and the earnest money will be refunded to Buyer.&quot;</p>
<p>Two things fall out of that language.</p>
<p><strong>The right is bigger than seven days until the notice arrives.</strong> If the seller never delivers, the buyer can terminate at any time before closing with earnest money refunded. That is a live termination right sitting under the deal for its entire length.</p>
<p><strong>&quot;Whichever first occurs&quot; cuts the seven days short.</strong> This is the detail most explanations of the Texas disclosure get wrong. The seven days do not extend past closing. A notice delivered five days before a closing date does not buy the buyer a week — it buys five days, because closing arrives first.</p>
<p>Leaving 7B blank is not a neutral act. It is an unchecked election on an executed contract, and which box should have been checked is exactly the kind of question that gets expensive later.</p>
<h2>The two paragraphs that sit next to it</h2>
<p><strong>¶7C — lead-based paint.</strong> The form states that lead-based paint disclosure &quot;is required by Federal law for a residential dwelling constructed <strong>prior to 1978</strong>.&quot; That is a separate federal requirement with its own addendum, not something the §5.008 notice covers.</p>
<p><strong>¶7D — &quot;As Is.&quot;</strong> The contract defines it: &quot;'<strong>As Is</strong>' means the present condition of the Property with any and all defects and without warranty except for the warranties of title and the warranties in this contract.&quot; Buying As Is &quot;<strong>does not preclude Buyer from inspecting the Property under Paragraph 7A, from negotiating repairs or treatments in a subsequent amendment, or from terminating this contract during the Option Period</strong>.&quot;</p>
<p>So &quot;As Is&quot; is not the trap buyers think it is — it does not waive inspection or the option period. It is also a check one box only election: As Is, or As Is provided the seller completes <strong>specific listed repairs</strong>. The form prints its own warning on that blank: &quot;<strong>Do not insert general phrases, such as 'subject to inspections' that do not identify specific repairs and treatments.</strong>&quot; A repair line that does not name the repair is not an enforceable repair obligation, and that sentence is printed on the form because it kept happening.</p>
<h2>Who is exempt, and what exempt actually means</h2>
<p>Section 5.008 lists transfers that are exempt from the notice requirement. They include transfers:</p>
<ul>
<li>pursuant to a court order</li>
<li>by foreclosure</li>
<li>by a trustee in bankruptcy</li>
<li>between co-owners</li>
<li>to a spouse or to a descendant</li>
<li>by a fiduciary administering an estate</li>
<li>of a new residence that has not previously been occupied</li>
</ul>
<p>An executor selling a parent's house, a builder selling a never-occupied new home, a lender selling REO — all commonly land in an exemption.</p>
<p>Here is the part that gets misread. <strong>The exemption is from the form, not from liability.</strong> Being exempt from delivering a section 5.008 notice does not authorize misrepresentation, and it does not erase common-law duties around known material defects or fraud. An exempt seller who affirmatively lies about a foundation repair is not protected by the exemption. How that plays out in a specific dispute is a question for a Texas real estate attorney, not for a real estate agent.</p>
<p>For buyers, the practical read on an exempt sale is different: you are buying with less written history than usual, so the inspection and the option period carry more weight than they otherwise would.</p>
<h2>The death-on-the-property carve-out</h2>
<p>Section 5.008 states that a seller or a seller's agent is <strong>not required to disclose a death on the property by natural causes, suicide, or an accident unrelated to the property's condition</strong> (<a href=""https://texas.public.law/statutes/tex._prop._code_section_5.008"">Texas Property Code 5.008</a>).</p>
<p>Read the exception inside the exception. A death <em>related to the condition of the property</em> — a fall from a defective stair, a carbon monoxide event tied to a heater — is not covered by that carve-out, because the underlying condition is exactly what the notice is about.</p>
<p>If a buyer cares about this, the buyer should ask directly and in writing. A seller who chooses to answer must answer truthfully.</p>
<h2>The flood questions, and why they were added</h2>
<p>The statutory notice was expanded by <strong>SB 339, 86th Legislature</strong>, mandatory for contracts executed on or after <strong>September 1, 2019</strong> (<a href=""https://capitol.texas.gov/tlodocs/86R/billtext/pdf/SB00339F.pdf"">SB 339 bill text</a>). This came out of Hurricane Harvey, and it is the most useful block of questions on the form.</p>
<p>The flood-related items include whether the property is:</p>
<ul>
<li>in a <strong>FEMA 100-year floodplain</strong></li>
<li>in a <strong>FEMA 500-year floodplain</strong></li>
<li>in a <strong>reservoir flood pool</strong></li>
<li>whether the property has <strong>flooded at least once in the past five years</strong></li>
<li>whether it has been <strong>repaired for flood damage</strong></li>
<li>whether the seller has <strong>received flood insurance proceeds</strong></li>
</ul>
<p>The two floodplain terms have specific meanings:</p>
<ul>
<li><strong>100-year floodplain</strong> is a Special Flood Hazard Area — FEMA Zones A, V, A99, AE, AO, AH, VE or AR — carrying a <strong>1% annual chance</strong> of flooding.</li>
<li><strong>500-year floodplain</strong> is a moderate flood hazard area, shaded Zone X, carrying a <strong>0.2% annual chance</strong>.</li>
</ul>
<p>&quot;100-year flood&quot; is a bad name for a 1%-per-year event. Over a 30-year mortgage, a 1% annual chance is not a remote possibility. In the Hill Country, where a lot of the flood risk is flash flooding off creeks rather than a slow river rise, a property can flood without being mapped into a Special Flood Hazard Area at all. The disclosure answers the mapping question and the history question separately for a reason. Read both, and take the insurance question to an insurance agent rather than assuming the flood zone answers it.</p>
<h2>What a buyer should actually do with the notice</h2>
<p>Treat it as a lead sheet, not a warranty. It tells you what the seller says they know. It does not tell you what is true.</p>
<ul>
<li>Cross-check every &quot;yes&quot; against the inspection report.</li>
<li>Ask for repair invoices, permits and warranty documents named on the notice.</li>
<li>Note every &quot;unknown&quot; on an item a long-term owner would normally know, and ask about it.</li>
<li>Compare the disclosed flood answers to the actual FEMA map for the parcel and to the elevation of the structure relative to the nearest drainage.</li>
<li>Do it inside the option period, while a clean exit still exists.</li>
</ul>
<p>An inspection finds condition. The disclosure finds history. They are different tools, and the gap between them is usually where the real problem is.</p>
<h2>Related questions</h2>
<ul>
<li><a href=""/answers/what-is-the-trec-1-4-family-residential-contract"">What is the TREC 1-4 Family Residential Contract?</a></li>
<li><a href=""/answers/how-do-i-terminate-a-contract-in-texas"">How do I terminate a real estate contract in Texas?</a></li>
<li><a href=""/answers/what-is-the-option-period-in-texas"">What is the option period in a Texas real estate contract?</a></li>
<li><a href=""/answers/does-boerne-flood"">Does Boerne flood?</a></li>
<li><a href=""/answers/do-i-need-flood-insurance-in-boerne"">Do I need flood insurance in Boerne?</a></li>
</ul>
<h2>Questions about a specific property?</h2>
<p>Call or text <strong><a href=""tel:+1-830-446-3847"">830-446-3847</a></strong> · Email <strong><a href=""mailto:heath.shepard@kw.com"">heath.shepard@kw.com</a></strong></p>
<hr>
<p><em>This page explains how the Texas Seller's Disclosure Notice works. It is not legal advice. Paragraph 23 of the promulgated contract says it plainly: &quot;TREC rules prohibit real estate brokers and sales agents from giving legal advice. READ THIS CONTRACT CAREFULLY.&quot; For how section 5.008 applies to a specific sale, an exemption, or a disclosure dispute, talk with a Texas real estate attorney.</em></p>","","2026-09-17","buying-a-home","https://www.theheathshepardrealestateteam.com/boerne/buying-a-home","what-is-the-trec-1-4-family-residential-contract,how-do-i-terminate-a-contract-in-texas,what-is-the-option-period-in-texas,does-boerne-flood,do-i-need-flood-insurance-in-boerne","https://codes.findlaw.com/tx/property-code/prop-sect-5-008/
https://texas.public.law/statutes/tex._prop._code_section_5.008
https://capitol.texas.gov/tlodocs/86R/billtext/pdf/SB00339F.pdf
https://www.trec.texas.gov/agency-information/contracts
https://www.trec.texas.gov/sites/default/files/pdf-forms/20-19_4.pdf","draft"
"What is the Texas homestead exemption in 2026?","what-is-the-texas-homestead-exemption","What is the Texas homestead exemption in 2026?","School districts must exempt $140,000 for 2026, up from $100,000 after Proposition 13. You must own and occupy by January 1 and file before May 1.","The Texas homestead exemption removes part of your home's value from property taxation. For 2026, school districts must exempt $140,000 of a residence homestead's value, up from $100,000 after voters approved Proposition 13 in November 2025. You must own and occupy the home as your principal residence on January 1.","<h2>The number changed, and it changed recently</h2>
<p>The mandatory school district residence homestead exemption is <strong>$140,000</strong>. It was <strong>$100,000</strong> before. Texas voters approved <strong>Proposition 13 in November 2025</strong>, and the Legislature implemented it through <strong>SB 4, 89th Legislature</strong>, effective for tax year 2026 (<a href=""https://comptroller.texas.gov/taxes/property-tax/exemptions/"">Texas Comptroller</a>).</p>
<p>That matters because most of what is written about Texas homestead exemptions online is older than the change. A page that says $100,000, or $40,000, or $25,000 is describing a prior version of the law. As of September 2026, the school district figure is $140,000.</p>
<p>The exemption is not a discount on your tax bill. It is a subtraction from the <strong>taxable value</strong> the school district uses. On a home appraised at $500,000 with a homestead exemption, the school district taxes $360,000 instead of $500,000. The dollar savings depend on the school district's rate, which is set locally and changes annually.</p>
<h2>The exemption is not one exemption — it is a stack</h2>
<p>A Texas tax bill is not one tax. It is a separate tax from every taxing unit whose boundaries include your property: the school district, the county, the city if you are inside city limits, and any special districts. Each unit applies its own exemptions.</p>
<p>The pieces, per the <a href=""https://comptroller.texas.gov/taxes/property-tax/exemptions/"">Comptroller</a>:</p>
<ul>
<li><strong>School district: $140,000 mandatory.</strong> Every school district in Texas must grant it on a qualifying residence homestead.</li>
<li><strong>Local option, up to 20% of appraised value.</strong> Any taxing unit may adopt a percentage exemption of up to 20% of appraised value, with a minimum of $5,000. This one is percentage-based, so it grows with your appraisal.</li>
<li><strong>County farm-to-market or flood control: $3,000.</strong> A county that collects a farm-to-market road or flood control tax must give a $3,000 residence homestead exemption.</li>
<li><strong>Age 65 or older, or disabled: an additional $60,000</strong> from the school district, on top of the $140,000. Other taxing units may adopt a local option of at least $3,000.</li>
</ul>
<p>Whether your city, county or special district actually adopted a local option exemption is a local decision, and the answer differs by jurisdiction. For a Boerne or Kendall County property, the adopted exemptions by taxing unit are published by the <a href=""https://kendallad.org/adopted-tax-rates-and-exemptions/"">Kendall Appraisal District</a>.</p>
<h2>Who qualifies</h2>
<p>Two conditions, both of them strict:</p>
<ol>
<li>You <strong>owned</strong> the property on <strong>January 1</strong> of the tax year.</li>
<li>You <strong>occupied it as your principal residence</strong> on <strong>January 1</strong> of the tax year.</li>
</ol>
<p>(<a href=""https://comptroller.texas.gov/taxes/property-tax/exemptions/"">Texas Comptroller</a>)</p>
<p>January 1 is a snapshot date, not a rolling test. A buyer who closes in March does not meet the January 1 test for that year on that property under the general rule, and a seller who moved out in February was still the January 1 owner-occupant. This is a common source of surprise in a first-year tax bill, and it is one of the reasons a newly purchased home's tax bill often looks nothing like the prior owner's.</p>
<p>&quot;Principal residence&quot; means one home. Not a rental, not a second home, not a lot you are holding. One homestead, the one you actually live in.</p>
<h2>The deadline</h2>
<p>Applications are due <strong>before May 1</strong> — commonly stated as April 30 (<a href=""https://comptroller.texas.gov/taxes/property-tax/exemptions/"">Texas Comptroller</a>). You file with the <strong>appraisal district</strong> for the county where the property sits, not with the city, not with the school district, and not with the tax assessor-collector who mails the bill.</p>
<p>For a home in Boerne or anywhere else in Kendall County, that is the <strong>Kendall Appraisal District</strong> at <a href=""https://kendallad.org/adopted-tax-rates-and-exemptions/"">kendallad.org</a>. Not Bexar CAD. Boerne is the county seat of Kendall County and is not part of the City of San Antonio or Bexar County, and a Boerne homeowner who files with Bexar has filed with the wrong district.</p>
<p>There is no fee to file a homestead exemption application with an appraisal district. Companies that mail official-looking letters offering to file it for you for a fee are selling a service you can do yourself.</p>
<h2>What the exemption does besides lower value</h2>
<p>Filing a homestead exemption also turns on the <strong>10% appraisal cap</strong>. Once a property has a homestead exemption in place, the appraisal district cannot increase its net appraised value by more than 10% per year, no matter what the market does (<a href=""https://comptroller.texas.gov/taxes/property-tax/exemptions/"">Texas Comptroller</a>).</p>
<p>In a market that has moved the way the Hill Country has, the cap is often worth more over time than the exemption amount itself. A homeowner who has held a homesteaded property through several years of appreciation can be taxed on a value well below what the home would sell for. That gap disappears when the property sells and the cap resets, which is the single most common reason a new owner's tax bill jumps.</p>
<h2>What it does not do</h2>
<p>The homestead exemption is a property tax exemption. It is separate from the <strong>Texas homestead protection</strong> in the Property Code and Constitution, which is a creditor-protection concept, and separate from the <strong>Texas home equity rules</strong> that limit borrowing against a homestead. People use the word &quot;homestead&quot; for all three. They are different bodies of law, and a Texas real estate attorney is the right person to sort out which one applies to a specific situation.</p>
<p>It also does not freeze your taxes. The exemption reduces value; the taxing units still set their rates every year, and a rate increase can raise your bill even with the exemption in place and the cap holding.</p>
<h2>What actually goes wrong</h2>
<ul>
<li><strong>Never filing.</strong> The exemption is not automatic. It has to be applied for once, and homeowners who moved several years ago and assumed it followed them are a recurring find.</li>
<li><strong>Filing with the wrong district.</strong> County lines, not mailing addresses, decide which appraisal district you file with.</li>
<li><strong>Losing it in a transfer.</strong> Moving a home into a trust or an LLC, adding or removing an owner, or a death in the family can affect exemption status. The appraisal district decides whether the exemption survives the change, and that question should go to them and to a Texas real estate attorney before the deed is signed, not after.</li>
<li><strong>Assuming the prior owner's tax bill is yours.</strong> It reflects their exemptions and their capped value, neither of which transfers to you.</li>
</ul>
<p>Whether a specific property and a specific owner qualify, and what a given exemption is worth on a given bill, is determined by the appraisal district that appraises the property. For the tax consequences of an ownership change, talk to a CPA.</p>
<h2>Related questions</h2>
<ul>
<li><a href=""/answers/how-do-i-file-for-a-homestead-exemption-in-kendall-county"">How do I file for a homestead exemption in Kendall County, Texas?</a></li>
<li><a href=""/answers/what-is-the-10-percent-homestead-cap-in-texas"">What is the 10 percent homestead cap in Texas?</a></li>
<li><a href=""/answers/texas-over-65-property-tax-exemption-and-school-tax-ceiling"">What is the Texas over-65 property tax exemption and school tax ceiling?</a></li>
<li><a href=""/answers/why-did-my-texas-property-taxes-go-up"">Why did my Texas property taxes go up?</a></li>
<li><a href=""/answers/how-do-i-protest-my-property-taxes-in-texas"">How do I protest my property taxes in Texas?</a></li>
</ul>
<h2>Questions about a specific property?</h2>
<p>Call or text <strong><a href=""tel:+1-830-446-3847"">830-446-3847</a></strong> · Email <strong><a href=""mailto:heath.shepard@kw.com"">heath.shepard@kw.com</a></strong></p>
<hr>
<p><em>This page explains how the Texas residence homestead exemption works. It is not tax or legal advice. Exemption eligibility for a specific property is determined by the appraisal district, and tax consequences should go to a CPA.</em></p>","","2026-09-17","property-taxes","https://www.theheathshepardrealestateteam.com/boerne/property-taxes","how-do-i-file-for-a-homestead-exemption-in-kendall-county,what-is-the-10-percent-homestead-cap-in-texas,texas-over-65-property-tax-exemption-and-school-tax-ceiling,why-did-my-texas-property-taxes-go-up,how-do-i-protest-my-property-taxes-in-texas","https://comptroller.texas.gov/taxes/property-tax/exemptions/
https://kendallad.org/adopted-tax-rates-and-exemptions/
https://www.co.kendall.tx.us/295/Boerne-ISD
https://www.kendallcountytx.gov/297/Boerne-City-of","draft"
"What is the Third Party Financing Addendum in Texas?","what-is-the-third-party-financing-addendum","What is the Third Party Financing Addendum in Texas?","TREC form 40-11: Buyer Approval expires on a day count from the effective date, Property Approval runs to the 3rd day before the Closing Date.","The Third Party Financing Addendum is the TREC form that makes a Texas contract conditional on the buyer's loan. It identifies the loan type and terms, and it gives the buyer a deadline to terminate if the lender will not approve the buyer. The current version is TREC form 40-11, effective 01/03/2025.","<h2>Why the addendum exists at all</h2>
<p>The One to Four Family Residential Contract does not, by itself, care how the buyer pays. Strip the addenda off and you have a contract to buy a house for a price by a date. If the buyer's loan falls apart and there is no financing addendum attached, the buyer still owes performance, and the earnest money is exposed.</p>
<p>The Third Party Financing Addendum is what converts &quot;I am getting a mortgage&quot; from an assumption into a contract term. It is attached to the contract and checked as an addendum on the contract's addenda paragraph. If the box is not checked and the form is not attached, the financing condition does not exist (<a href=""https://www.trec.texas.gov/agency-information/contracts"">TREC contract forms</a>).</p>
<p>The form itself carries a footer date of <strong>11-04-2024</strong>, and TREC's contract list shows it <strong>effective 01/03/2025</strong> (<a href=""https://www.trec.texas.gov/sites/default/files/pdf-forms/40-11.pdf"">TREC form 40-11, PDF</a>). Both dates appear in the wild, and they describe the same two-page form. The contract it attaches to, for an ordinary resale, is <strong>form 20-19, effective 07/01/2026</strong> (<a href=""https://www.trec.texas.gov/forms/one-four-family-residential-contract-resale"">TREC</a>).</p>
<h2>The whole form turns on one sentence: approval means two approvals</h2>
<p>Almost every explanation of this addendum gets this wrong, and getting it wrong costs deals.</p>
<p><strong>Paragraph 2</strong> reads: &quot;Approval for the financing described above will be deemed to have been obtained when <strong>Buyer Approval and Property Approval are obtained. Time is of the essence for this paragraph and strict compliance with the time for performance is required</strong>&quot; (<a href=""https://www.trec.texas.gov/sites/default/files/pdf-forms/40-11.pdf"">TREC form 40-11, PDF</a>).</p>
<p>Two separate approvals, two separate subjects, two separate deadlines. Buyer Approval is about the borrower. Property Approval is about the house. They are not the same test, they do not expire on the same day, and a buyer who thinks &quot;my financing contingency&quot; is one thing has misread the form.</p>
<p>The &quot;time is of the essence&quot; sentence is not decoration either. It means a deadline missed by a day is a deadline missed.</p>
<h2>Paragraph 2A, Buyer Approval: an election, and a hard cut-off</h2>
<p>Paragraph 2A is a <strong>check one box only</strong> election. The parties choose whether the contract is subject to Buyer Approval at all.</p>
<p>If the box making the contract <strong>subject to</strong> Buyer Approval is checked, the form gives the buyer this: &quot;If Buyer cannot obtain Buyer Approval, Buyer may terminate this contract <strong>within ___ days after the Effective Date</strong> of the contract by giving Seller: <strong>(i) notice of termination; and (ii) a copy of a written statement from the lender setting forth the reason(s) for lender's determination.</strong>&quot; On a timely termination, &quot;the earnest money will be refunded to Buyer.&quot;</p>
<p>Then comes the sentence that decides more outcomes than any other line in the addendum:</p>
<blockquote>
<p>&quot;If Buyer does not terminate the contract under Paragraph 2A, <strong>the contract shall no longer be subject to the Buyer obtaining Buyer Approval.</strong>&quot;</p>
</blockquote>
<p>Read that literally, because it operates literally. The day count in that blank is not a reminder to check in with the lender. It is the entire life of the borrower-side contingency. Let it pass without a termination and the contingency is gone — not weakened, not extended while underwriting continues, gone. A buyer who is denied in week five, on a contract with a 21-day Buyer Approval window, has no exit under 2A. The earnest money is no longer protected by that paragraph.</p>
<p>The form also defines when the approval counts as obtained: Buyer Approval &quot;will be deemed to have been obtained when (i) the terms of the loan(s) described above are available and (ii) lender determines that Buyer has satisfied all of lender's requirements related to <strong>Buyer's assets, income and credit history</strong>.&quot; Assets, income, credit history. That is the borrower. Nothing in that sentence is about the house.</p>
<p>The other box — &quot;This contract <strong>is not subject to</strong> Buyer obtaining Buyer Approval&quot; — is a real election that gets used in competitive offers. A buyer who checks it has agreed that a loan denial is their problem, not a contract exit.</p>
<h2>Paragraph 2B, Property Approval: the house, and a much later deadline</h2>
<p>Paragraph 2B covers the other half: &quot;If Buyer's lender determines that the <strong>Property</strong> does not satisfy lender's underwriting requirements for the loan (<strong>including but not limited to appraisal, insurability, and lender required repairs</strong>) Buyer may terminate this contract <strong>on or before the 3rd day before the Closing Date</strong>&quot; by giving the seller notice of termination and a copy of the lender's written statement of reasons. The earnest money is refunded (<a href=""https://www.trec.texas.gov/sites/default/files/pdf-forms/40-11.pdf"">TREC form 40-11, PDF</a>).</p>
<p>Three things worth pulling out of that.</p>
<p><strong>Appraisal lives here.</strong> A low appraisal is a property problem, not a borrower problem, and it is 2B that addresses it — not 2A. TREC also publishes a separate <strong>Addendum Concerning Right to Terminate Due to Lender's Appraisal, form 49-1, effective 03/01/2019</strong>, which is used to handle the appraisal outcome more specifically, and which is frequently waived or partially waived in a competitive offer. A buyer who waives appraisal protection is agreeing to cover a shortfall in cash.</p>
<p><strong>Insurability lives here too.</strong> If a carrier will not write the policy the lender requires, that is a property approval failure. On older Hill Country properties, roof age, wildfire scoring and prior claims history all reach this paragraph.</p>
<p><strong>It runs almost to closing.</strong> &quot;On or before the 3rd day before the Closing Date&quot; is a far later date than the 2A window. That asymmetry is deliberate: the borrower's file should be resolved early, but the appraisal, the insurance binder and any lender-required repairs are not finished until late.</p>
<h2>Both exits require the lender's letter</h2>
<p>Under 2A and under 2B, termination takes two documents: the notice <strong>and</strong> &quot;a copy of a written statement from the lender setting forth the reason(s) for lender's determination.&quot;</p>
<p>A phone call from a loan officer is not that. An email saying &quot;we're not going to be able to do this&quot; may or may not be that. A buyer who gives notice on the last day and cannot produce the lender's written statement of reasons has delivered half of a termination, and a seller with an aggressive position can say so. Ask the lender for the letter at the same moment the file turns, not on the deadline.</p>
<h2>Paragraph 1: what the buyer promised to do, and the blanks that cap the loan</h2>
<p>Paragraph 1 opens with an affirmative duty: the buyer &quot;shall apply <strong>promptly</strong> for all financing described below and make <strong>every reasonable effort</strong> to obtain approval for the financing, including but not limited to furnishing all information and documents required by Buyer's lender.&quot; A buyer who sits on a document request is not making every reasonable effort.</p>
<p>Below that duty, the financing types run lettered A through G, each its own checkbox with its own fill-in terms:</p>
<ul>
<li><strong>A. Conventional financing</strong> — a first mortgage loan, plus an optional second mortgage loan, each with a principal amount stated &quot;(excluding any financed PMI premium),&quot; a term in years, an interest rate &quot;not to exceed ___% per annum for the first ___ year(s) of the loan,&quot; and <strong>Origination Charges as shown on Buyer's Loan Estimate not to exceed ___% of the loan</strong>.</li>
<li><strong>B. Texas Veterans loan</strong> — a loan from the <strong>Texas Veterans Land Board</strong>, &quot;at the interest rate established by the Texas Veterans Land Board.&quot;</li>
<li><strong>C. FHA insured financing</strong> — &quot;A Section ___ FHA insured loan of not less than $___ (excluding any financed MIP),&quot; with the same rate and origination caps.</li>
<li><strong>D. VA guaranteed financing</strong> — &quot;of not less than $___ (excluding any financed Funding Fee).&quot;</li>
<li><strong>E. USDA guaranteed financing</strong> — same structure, also excluding any financed funding fee.</li>
<li><strong>F. Reverse mortgage financing</strong> — &quot;a reverse mortgage loan (also known as a <strong>Home Equity Conversion Mortgage</strong> loan),&quot; with a box for whether it will or will not be FHA insured.</li>
<li><strong>G. Other financing</strong> — a named lender, amount, term and the same caps.</li>
</ul>
<p>Two details in there are easy to skim past and expensive to miss.</p>
<p><strong>The stated amounts exclude financed PMI, MIP or Funding Fee.</strong> The number in the blank is the base loan, not the number that shows up on the note after the premium is rolled in.</p>
<p><strong>The rate and origination caps are real terms.</strong> They describe the loan the contract was conditioned on. A loan offered at a higher rate than the cap, or with origination charges above the stated percentage of the loan as shown on the buyer's Loan Estimate, is not the loan in the addendum. Those blanks should be filled from the buyer's <strong>lender</strong>, in writing, not estimated by an agent. Filled too tight, they create exits nobody intended. Filled too loose, the contingency is decorative.</p>
<h2>The survey trap the contract writes into 2B</h2>
<p>The main contract reaches into this addendum in one specific place, and it converts a missed errand into a lost termination right.</p>
<p><strong>Paragraph 6C</strong> of the One to Four Family Residential Contract (Resale) is a check-one-box survey election. If box <strong>(2)</strong> is checked — the buyer obtains a new survey at the buyer's expense within a stated number of days — the form adds that if the buyer fails to obtain the survey, the buyer &quot;<strong>may not terminate</strong> the contract under <strong>Paragraph 2B of the Third Party Financing Addendum</strong> because the survey was not obtained&quot; (<a href=""https://www.trec.texas.gov/sites/default/files/pdf-forms/20-19_4.pdf"">TREC form 20-19, PDF</a>).</p>
<p>A buyer who agreed to order the survey and then did not order it cannot use Property Approval to exit on the grounds that the lender could not complete the file without one. The buyer's own inaction does not become a contingency failure.</p>
<p>Under box <strong>(1)</strong>, where the seller furnishes the existing survey plus a <strong>T-47 Affidavit or T-47.1 Declaration</strong>, the exposure flips: if the seller fails to furnish both in time, the buyer obtains a new survey <strong>at the seller's expense</strong> no later than 3 days prior to the Closing Date.</p>
<h2>It is not a substitute for the option period</h2>
<p>The option period gives an unrestricted right to terminate for any reason, and it typically expires well before either financing deadline. The financing addendum gives two conditional rights, each tied to a specific failure and each requiring the lender's written statement.</p>
<p>They are not interchangeable. A buyer who is nervous about the loan should not assume 2A rescues a decision they could have made during the option period — and a buyer whose 2A window closes silently has given up the borrower-side protection they wrote into the contract while still holding the property-side one.</p>
<p>All of these deadlines count from the <strong>effective date</strong>. If the effective date is wrong, they are all wrong.</p>
<p>If a financing deadline needs to move, that is done on the <strong>Amendment to Contract</strong>, which has a dedicated item for changing the date the buyer must give notice under this addendum.</p>
<h2>Loan limits sit behind the blanks</h2>
<p>The addendum states the loan amount. Whether that amount is available depends on program limits that change annually.</p>
<ul>
<li>The <strong>2026 conforming one-unit baseline is $832,750</strong>, up $26,250 from $806,500 in 2025, with a high-cost ceiling of $1,249,125 (<a href=""https://www.fhfa.gov/news/news-release/fhfa-announces-conforming-loan-limit-values-for-2026"">FHFA</a>).</li>
<li><strong>FHA for 2026</strong> runs a nationwide one-unit floor of $541,287 and a ceiling of $1,249,125, applied by county.</li>
<li><strong>VA</strong>: a veteran with <strong>full entitlement has no VA loan limit</strong>, and the VA guaranty does not exceed 25% (<a href=""https://www.va.gov/housing-assistance/home-loans/loan-limits/"">VA</a>).</li>
</ul>
<p>Credit score minimums are not something to publish as fact. Program floors exist, but lender overlays move them, and two lenders will quote the same borrower differently. Get the answer from a lender, in writing, before the financing blanks get filled in.</p>
<h2>How this goes wrong in practice</h2>
<ul>
<li><strong>The 2A day count passes with no denial, no termination and no thought.</strong> The contingency is gone by operation of the paragraph.</li>
<li><strong>The buyer terminates with a phone call.</strong> No lender letter, no valid termination under either 2A or 2B.</li>
<li><strong>The addendum is attached but the addenda box on the contract is not checked.</strong> Sloppy, and it creates an argument nobody needs.</li>
<li><strong>The rate or origination cap does not match what the lender is actually offering</strong>, so the contract is conditioned on a loan the buyer was never getting.</li>
<li><strong>The loan amount in the blank includes financed MIP or Funding Fee</strong>, which the form says it should not.</li>
<li><strong>The buyer changes something mid-contract</strong> — a new credit card, a job change, a large unexplained deposit — and underwriting re-pulls in week four, after 2A has already closed.</li>
<li><strong>Appraisal comes in low with appraisal protection waived</strong>, and the buyer covers the gap in cash.</li>
</ul>
<p>None of these are exotic. They are the ordinary failure modes, and most of them are calendar problems as much as finance problems.</p>
<h2>Related questions</h2>
<ul>
<li><a href=""/answers/conventional-vs-fha-vs-va-loan-in-texas"">Conventional vs FHA vs VA loan in Texas</a></li>
<li><a href=""/answers/what-are-the-2026-loan-limits-in-kendall-county"">What are the 2026 loan limits in Kendall County?</a></li>
<li><a href=""/answers/what-is-the-trec-1-4-family-residential-contract"">What is the TREC 1-4 Family Residential Contract?</a></li>
<li><a href=""/answers/what-does-the-effective-date-mean-in-a-texas-contract"">What does the effective date mean in a Texas real estate contract?</a></li>
<li><a href=""/answers/what-is-the-option-period-in-texas"">What is the option period in a Texas real estate contract?</a></li>
</ul>
<h2>Questions about a specific property?</h2>
<p>Call or text <strong><a href=""tel:+1-830-446-3847"">830-446-3847</a></strong> · Email <strong><a href=""mailto:heath.shepard@kw.com"">heath.shepard@kw.com</a></strong></p>
<hr>
<p><em>This page explains how the TREC Third Party Financing Addendum works. It is not legal or lending advice. Loan terms and approval come from a licensed lender; contract language questions go to a Texas real estate attorney.</em></p>","","2026-09-17","buying-a-home","https://www.theheathshepardrealestateteam.com/boerne/buying-a-home","conventional-vs-fha-vs-va-loan-in-texas,what-are-the-2026-loan-limits-in-kendall-county,what-is-the-trec-1-4-family-residential-contract,what-does-the-effective-date-mean-in-a-texas-contract,what-is-the-option-period-in-texas","https://www.trec.texas.gov/sites/default/files/pdf-forms/40-11.pdf
https://www.trec.texas.gov/agency-information/contracts
https://www.trec.texas.gov/forms/one-four-family-residential-contract-resale
https://www.trec.texas.gov/sites/default/files/pdf-forms/20-19_4.pdf
https://www.va.gov/housing-assistance/home-loans/loan-limits/
https://www.fhfa.gov/news/news-release/fhfa-announces-conforming-loan-limit-values-for-2026","draft"
"What is the TREC One to Four Family Residential Contract?","what-is-the-trec-1-4-family-residential-contract","What is the TREC One to Four Family Residential Contract?","The TREC 1-4 Family Residential Contract (Resale), form 20-19 effective 07/01/2026: what it covers, what it does not, and how the addenda attach to it.","The One to Four Family Residential Contract (Resale) is the TREC promulgated form Texas license holders use to sell existing single-family homes, duplexes, triplexes and four-plexes. The current version is form 20-19, effective July 1, 2026. Condominiums, builder new construction and farm and ranch each use a different form.","<h2>What &quot;promulgated&quot; means and why it matters</h2>
<p>The Texas Real Estate Commission writes and approves the contract forms that Texas license holders are required to use. A REALTOR does not draft your purchase contract. They fill in the blanks on a form the state wrote (<a href=""https://www.trec.texas.gov/agency-information/contracts"">TREC contract forms</a>).</p>
<p>This is not a technicality. Drafting contract language is the practice of law, and a real estate license does not authorize it. The promulgated forms exist precisely so that license holders can paper a transaction without practicing law. When a deal needs a term the form does not contemplate, the correct answer is not a creative paragraph typed into a blank — it is a Texas real estate attorney.</p>
<p>TREC describes the resale contract as its most frequently used form (<a href=""https://www.trec.texas.gov/forms/one-four-family-residential-contract-resale"">TREC</a>). Most residential purchases in Texas run on this one document.</p>
<h2>What it covers</h2>
<p>The form is for the resale of <strong>single-family homes, duplexes, triplexes and four-plexes</strong>. The current version is <strong>12 pages</strong> and carries a <strong>05-04-2026</strong> footer date (<a href=""https://www.trec.texas.gov/sites/default/files/pdf-forms/20-19_4.pdf"">TREC form 20-19 PDF</a>, <a href=""https://www.trec.texas.gov/forms/one-four-family-residential-contract-resale"">TREC form page</a>).</p>
<p>Twelve pages sounds like a lot until you try to find something in it. Here is the map of the paragraphs that actually control the deal.</p>
<table>
<thead>
<tr>
<th>¶</th>
<th>Title</th>
<th>What it decides</th>
</tr>
</thead>
<tbody>
<tr>
<td>5</td>
<td>Earnest Money and Termination Option</td>
<td>The 3-day delivery deadline, the option fee, the unrestricted right to terminate</td>
</tr>
<tr>
<td>6</td>
<td>Title Policy and Survey</td>
<td>Who pays for the owner's policy, the 20-day commitment deadline, the survey election, the objection and cure process</td>
</tr>
<tr>
<td>7</td>
<td>Property Condition</td>
<td>Access and inspections, the seller's disclosure notice, as-is versus listed repairs</td>
</tr>
<tr>
<td>12</td>
<td>Settlement and Other Expenses</td>
<td>Each party's itemized expenses, brokerage compensation</td>
</tr>
<tr>
<td>13</td>
<td>Prorations</td>
<td>Taxes, interest, rents, dues through the closing date</td>
</tr>
<tr>
<td>14</td>
<td>Casualty Loss</td>
<td>What happens if the house is damaged before closing</td>
</tr>
<tr>
<td>15</td>
<td>Default</td>
<td>Specific performance, earnest money as liquidated damages</td>
</tr>
<tr>
<td>18</td>
<td>Escrow</td>
<td>How the escrow agent handles and releases the earnest money</td>
</tr>
<tr>
<td>23</td>
<td>Consult an Attorney Before Signing</td>
<td>TREC rules prohibit license holders from giving legal advice</td>
</tr>
</tbody>
</table>
<p>That is the spine. The deadlines that run the deal — the option fee delivery deadline, the option period expiration, the title commitment, the objection window, the financing deadlines, the closing date — all trace back to the <strong>effective date</strong> written on this form.</p>
<h2>The three &quot;check one box only&quot; elections</h2>
<p>Three paragraphs carry a printed instruction to check exactly one box. A blank election or a double-checked one is a real defect in the contract, not a typo, and each of them has been the cause of a deal going sideways weeks later.</p>
<p><strong>¶6C — the survey.</strong> Three mutually exclusive options: the seller furnishes the existing survey plus a <strong>T-47 Affidavit or T-47.1 Declaration</strong>; the buyer obtains a new survey at buyer's expense; or the seller furnishes a new survey at seller's expense (<a href=""https://www.trec.texas.gov/sites/default/files/pdf-forms/20-19_4.pdf"">TREC form 20-19, ¶6C</a>). Option (1) contains a second, nested Seller/Buyer expense checkbox for the case where the title company or lender will not accept what was furnished. Option (2) carries a warning: a buyer who elects it and then fails to obtain the survey &quot;may not terminate the contract under Paragraph 2B of the Third Party Financing Addendum because the survey was not obtained.&quot;</p>
<p><strong>¶7B — the seller's disclosure notice.</strong> Three options: the buyer has received it; the buyer has not and the seller will deliver within a stated number of days; or the seller is not required to furnish it under the Texas Property Code. Option (2) is the consequential one — if the buyer does not receive the notice, the buyer &quot;may terminate this contract <strong>at any time prior to the closing</strong>,&quot; and once the seller delivers it, the buyer may terminate for any reason &quot;within <strong>7 days</strong> after Buyer receives&quot; it &quot;or prior to the closing, <strong>whichever first occurs</strong>,&quot; with earnest money refunded (<a href=""https://www.trec.texas.gov/sites/default/files/pdf-forms/20-19_4.pdf"">TREC form 20-19, ¶7B(2)</a>).</p>
<p><strong>¶7D — as-is or listed repairs.</strong> The contract defines &quot;As Is&quot; as &quot;the present condition of the Property with any and all defects and without warranty except for the warranties of title and the warranties in this contract,&quot; and is careful to say that accepting as-is &quot;does not preclude Buyer from inspecting the Property under Paragraph 7A, from negotiating repairs or treatments in a subsequent amendment, or from terminating this contract during the Option Period, if any.&quot;</p>
<p>The election is either (1) buyer accepts the property as-is, or (2) buyer accepts as-is provided the seller completes specific listed repairs and treatments at seller's expense. And the form prints its own warning next to the blanks:</p>
<blockquote>
<p>&quot;<strong>Do not insert general phrases, such as 'subject to inspections' that do not identify specific repairs and treatments.</strong>&quot;</p>
</blockquote>
<p>TREC printed that because people do it anyway. &quot;Subject to inspections&quot; is not a repair obligation — it is a sentence that means nothing and binds nobody, and it is the reason inspection-driven repair fights end up unresolvable. Repairs belong in ¶7D as named items, or in a later amendment on form 39-11.</p>
<p>There is one more ¶7 detail worth carrying: under <strong>¶7A</strong>, inspectors must be &quot;licensed by TREC or otherwise permitted by law,&quot; &quot;any <strong>hydrostatic testing must be separately authorized by Seller in writing</strong>,&quot; and the seller &quot;at Seller's expense shall immediately cause <strong>existing utilities to be turned on</strong> and shall keep the utilities on during the time this contract is in effect.&quot; A buyer whose inspector shows up to a house with the water off has a contract right, not a scheduling problem.</p>
<h2>Money and time: ¶12, ¶13, ¶14, ¶15</h2>
<p><strong>¶12A(1) Seller's Expenses:</strong> releases of existing liens including prepayment penalties and recording fees, release of seller's loan liability, tax statements or certificates, preparation of deed, one-half of escrow fee, plus an optional capped dollar contribution toward the buyer's expenses.</p>
<p><strong>¶12A(2) Buyer's Expenses:</strong> the loan costs, the loan title policy with lender endorsements, one-half of escrow fee, all prepaid items including flood and hazard insurance premiums and reserves, and PMI, the VA Loan Funding Fee or FHA MIP as required by the lender.</p>
<p><strong>¶12B Brokerage Compensation</strong> states outright: &quot;<strong>Brokerage compensation is not set by law and is fully negotiable.</strong>&quot; Each party pays their own broker under separate written agreements. Optional checkboxes let one side contribute toward the other's broker compensation, but those contributions &quot;shall not change&quot; either party's obligation under its own agreement (<a href=""https://www.trec.texas.gov/sites/default/files/pdf-forms/20-19_4.pdf"">TREC form 20-19, ¶12B</a>).</p>
<p><strong>¶13 Prorations:</strong> taxes, interest, rents and regular periodic maintenance fees, assessments and dues are prorated through the closing date. The proration &quot;may be calculated taking into consideration any change in exemptions,&quot; and if the actual taxes differ, &quot;the parties shall adjust the prorations when tax statements for the current year are available.&quot;</p>
<p><strong>¶14 Casualty Loss:</strong> if the property is damaged after the effective date and the seller cannot restore it by the closing date for reasons beyond the seller's control, the buyer may terminate with earnest money refunded, extend performance up to 15 days, or accept the property damaged with an assignment of insurance proceeds <strong>plus a credit from the seller in the amount of the deductible</strong>.</p>
<p><strong>¶15 Default:</strong> if the buyer defaults the seller may enforce specific performance, seek other relief, or both, or terminate and &quot;receive the earnest money as liquidated damages.&quot; If the seller defaults the buyer has the mirror-image remedies.</p>
<h2>What it does not cover</h2>
<p>It is not a universal contract. Using the wrong promulgated form is a real error, not a formality.</p>
<table>
<thead>
<tr>
<th>Situation</th>
<th>Correct promulgated form</th>
</tr>
</thead>
<tbody>
<tr>
<td>Condominium resale</td>
<td>Residential Condominium Contract (Resale), 30-18</td>
</tr>
<tr>
<td>Vacant land</td>
<td>Unimproved Property Contract, 9-18</td>
</tr>
<tr>
<td>Acreage, ag land, rural tracts</td>
<td>Farm and Ranch Contract, 25-17</td>
</tr>
<tr>
<td>Builder new home, construction complete</td>
<td>New Home Contract (Completed Construction), 24-20</td>
</tr>
<tr>
<td>Builder new home, construction not complete</td>
<td>New Home Contract (Incomplete Construction), 23-20</td>
</tr>
</tbody>
</table>
<p>All five of those, and the resale contract itself, carry a <strong>07/01/2026 effective date</strong> on the current versions (<a href=""https://www.trec.texas.gov/agency-information/contracts"">TREC contract forms</a>).</p>
<p>In the Hill Country this distinction comes up constantly. A house on ten acres outside Boerne with a well and a septic system may or may not belong on the resale form rather than the Farm and Ranch contract, and the answer depends on the property, not on habit.</p>
<h2>The addenda do the specialized work</h2>
<p>The base contract is deliberately generic. The promulgated addenda handle everything specific, and each one attaches to the contract and is checked off on it.</p>
<p>The ones that appear most often:</p>
<ul>
<li><strong>Third Party Financing Addendum, 40-11, effective 01/03/2025</strong> — the buyer's loan terms and financing termination right.</li>
<li><strong>Addendum for Property Subject to Mandatory Membership in a Property Owners Association, 36-11, effective 07/01/2026</strong> — the HOA addendum, which triggers the subdivision information and resale certificate.</li>
<li><strong>Addendum Concerning Right to Terminate Due to Lender's Appraisal, 49-1</strong> — the low-appraisal exit.</li>
<li><strong>Addendum for Sale of Other Property by Buyer, 10-6</strong> — the home-sale contingency.</li>
<li><strong>Non-Realty Items Addendum, 57-0, effective 09/03/2025</strong> — items that are not part of the real property.</li>
<li><strong>Addendum Containing Notice of Obligation to Pay Improvement District Assessment, 53-0</strong> — PID disclosure.</li>
<li><strong>Addendum for Reservation of Oil, Gas, and Other Minerals, 44-3</strong> — mineral reservations.</li>
<li><strong>Seller's Disclosure about Groundwater and Surface Water Rights, 61-0, effective 07/01/2026</strong> — water rights.</li>
<li><strong>Seller Financing Addendum, 26-8</strong>, and <strong>Loan Assumption Addendum, 41-3</strong>.</li>
</ul>
<p>Full current list and effective dates are published by <a href=""https://www.trec.texas.gov/agency-information/contracts"">TREC</a>.</p>
<p>An addendum that was negotiated but never attached and checked is a frequent and expensive oversight. The contract is the document, not the conversation.</p>
<h2>The seller's disclosure is a separate document, governed inside the contract</h2>
<p>The <strong>Seller's Disclosure Notice, TREC form 55-1, effective 05/28/2026</strong>, is its own document, not a page of the purchase contract. It is a statutory notice required under Texas Property Code §5.008 for residential property of not more than one dwelling unit (<a href=""https://codes.findlaw.com/tx/property-code/prop-sect-5-008/"">Texas Property Code §5.008</a>).</p>
<p>What ¶7B does is govern what happens when it has not been delivered. If the buyer has not received it, the buyer may terminate at any time prior to closing; once the seller delivers it, the buyer has <strong>7 days after receipt, or until closing, whichever comes first</strong> (<a href=""https://www.trec.texas.gov/sites/default/files/pdf-forms/20-19_4.pdf"">TREC form 20-19, ¶7B(2)</a>). That is a termination right independent of the option period, and it can outlive it by weeks.</p>
<p>Two neighboring items in ¶7: <strong>¶7C</strong> notes that lead-based paint disclosure &quot;is required by Federal law for a residential dwelling constructed <strong>prior to 1978</strong>.&quot; And <strong>¶6E(2)</strong> carries the §5.012 Property Code notice for property subject to mandatory POA membership, warning that &quot;the amount of the assessments is subject to change&quot; and that failure to pay &quot;could result in enforcement of the association's lien on and the foreclosure of the Property.&quot;</p>
<h2>Changing the contract after it is signed</h2>
<p>Once both parties sign, changes go on the <strong>Amendment to Contract, form 39-11, effective 07/01/2026</strong> (<a href=""https://www.trec.texas.gov/agency-information/contracts"">TREC contract forms</a>). Price changes, repair agreements, closing-date moves and option-period extensions all belong there, signed by both parties.</p>
<p>Emails and texts between agents do not amend a contract. Neither does a verbal agreement between the parties.</p>
<h2>Where the form ends and a lawyer begins</h2>
<p>The contract answers this itself. <strong>Paragraph 23 is titled CONSULT AN ATTORNEY BEFORE SIGNING</strong>, and its text reads: &quot;<strong>TREC rules prohibit real estate brokers and sales agents from giving legal advice. READ THIS CONTRACT CAREFULLY.</strong>&quot; The form provides printed fields for the buyer's attorney and the seller's attorney, with phone numbers (<a href=""https://www.trec.texas.gov/sites/default/files/pdf-forms/20-19_4.pdf"">TREC form 20-19, ¶23</a>).</p>
<p><strong>Paragraph 6E(1)</strong> names the specific job: &quot;Broker advises Buyer to have an abstract of title covering the Property examined by an attorney of Buyer's selection, or Buyer should be furnished with or obtain a Title Policy. If a Title Policy is furnished, the <strong>Commitment should be promptly reviewed by an attorney of Buyer's choice due to the time limitations on Buyer's right to object</strong>.&quot;</p>
<p>Those time limitations are ¶6D: objections are due by the earlier of the closing date or a stated number of days after the buyer receives the commitment, exception documents and survey, and failure to object in time &quot;will constitute a waiver.&quot;</p>
<p>TREC forms cover the ordinary case very well. They do not cover everything. A Texas real estate attorney is the right call for custom contract language, an entity or trust taking title, a probate or estate sale, a property with a title defect or a boundary problem, seller financing structured beyond what the addendum contemplates, a 1031 exchange structure, deed restriction interpretation, or a partition. TREC does not write custom contracts, and license holders may not draft them.</p>
<h2>Related questions</h2>
<ul>
<li><a href=""/answers/what-is-the-option-period-in-texas"">What is the option period in a Texas real estate contract?</a></li>
<li><a href=""/answers/what-is-the-third-party-financing-addendum"">What is the Third Party Financing Addendum?</a></li>
<li><a href=""/answers/what-is-the-sellers-disclosure-notice-in-texas"">What is the seller's disclosure notice in Texas?</a></li>
<li><a href=""/answers/what-is-the-amendment-to-contract-form-in-texas"">What is the Amendment to Contract form in Texas?</a></li>
<li><a href=""/answers/do-i-need-a-real-estate-attorney-to-buy-a-house-in-texas"">Do I need a real estate attorney to buy a house in Texas?</a></li>
</ul>
<h2>Questions about a specific property?</h2>
<p>Call or text <strong><a href=""tel:+1-830-446-3847"">830-446-3847</a></strong> · Email <strong><a href=""mailto:heath.shepard@kw.com"">heath.shepard@kw.com</a></strong></p>
<hr>
<p><em>This page describes the TREC promulgated residential contract. It is not legal advice. For contract language or a transaction the promulgated forms do not fit, talk with a Texas real estate attorney.</em></p>","","2026-09-17","buying-a-home","https://www.theheathshepardrealestateteam.com/boerne/buying-a-home","what-is-the-option-period-in-texas,what-is-the-third-party-financing-addendum,what-is-the-sellers-disclosure-notice-in-texas,what-is-the-amendment-to-contract-form-in-texas,do-i-need-a-real-estate-attorney-to-buy-a-house-in-texas","https://www.trec.texas.gov/sites/default/files/pdf-forms/20-19_4.pdf
https://www.trec.texas.gov/forms/one-four-family-residential-contract-resale
https://www.trec.texas.gov/agency-information/contracts
https://codes.findlaw.com/tx/property-code/prop-sect-5-008/","draft"
"What is the VA funding fee, and who is exempt?","what-is-the-va-funding-fee-and-who-is-exempt","What is the VA funding fee, and who is exempt?","The VA funding fee: what it pays for, who is exempt including service-connected disability compensation, and the three documents the VA accepts as proof.","The VA funding fee is a one-time fee paid to the VA on most VA-guaranteed home loans, charged as a percentage of the loan amount. Veterans receiving VA compensation for a service-connected disability are exempt, as are several other groups. Exemption is documented with VA Form 26-8937, a current award letter, or a Veteran Service Center Manager letter.","<h2>What the fee is and why it exists</h2>
<p>The VA does not lend money. It <strong>guarantees</strong> a portion of a loan made by a private lender, and that guaranty is what lets the program operate without mortgage insurance and, for a veteran with full entitlement, without a VA-imposed loan limit. The VA guaranty does not exceed <strong>25%</strong> of the loan (<a href=""https://www.va.gov/housing-assistance/home-loans/loan-limits/"">U.S. Department of Veterans Affairs</a>).</p>
<p>The funding fee is what keeps that guaranty funded. It is charged as a <strong>percentage of the loan amount</strong>, paid once, and it goes to the VA rather than to the lender. It is the reason the program can run without the ongoing monthly mortgage insurance that conventional and FHA borrowers carry.</p>
<p>The percentage is not one number. It varies by the type of loan, whether the borrower has used the VA benefit before, and how much is put down. Because those percentages are periodically revised, get the figure that applies to your file from your lender at application rather than from an article.</p>
<h2>Who is exempt</h2>
<p>The exemptions published by the VA include (<a href=""https://www.va.gov/housing-assistance/home-loans/funding-fee-and-closing-costs/"">U.S. Department of Veterans Affairs</a>):</p>
<ul>
<li><strong>Veterans receiving VA compensation for a service-connected disability.</strong></li>
<li><strong>Veterans who are eligible to receive that compensation but are receiving retirement pay or active-duty pay instead.</strong></li>
<li><strong>Certain recipients of Dependency and Indemnity Compensation (DIC).</strong></li>
<li><strong>Purple Heart recipients who are still serving on active duty.</strong></li>
</ul>
<p>The second one is the category that gets missed. A veteran who has been found eligible for compensation but elected retirement pay in its place can still be exempt, even though no compensation check arrives each month. Borrowers in that position frequently assume the exemption does not apply to them and pay a fee they did not owe. Raise it with the loan officer at application and let the VA's records settle it.</p>
<p>The exemption is a meaningful number on a real purchase. On any loan large enough to be interesting, a percentage of the loan amount is not a rounding error, and it is cash or financed principal that an exempt borrower simply does not carry.</p>
<h2>How exemption is documented</h2>
<p>The VA accepts any of the following as evidence:</p>
<ul>
<li><strong>VA Form 26-8937, Verification of VA Benefits.</strong></li>
<li>A <strong>current VA award letter, dated within the last 12 months.</strong></li>
<li>A letter from a <strong>Veteran Service Center Manager.</strong></li>
</ul>
<p>(<a href=""https://www.va.gov/housing-assistance/home-loans/funding-fee-and-closing-costs/"">U.S. Department of Veterans Affairs</a>)</p>
<p>The date requirement on the award letter is the practical trap. An award letter from four years ago in a filing cabinet does not satisfy it. A current letter can usually be generated through the VA's benefit letters portal, but do it at the start of the file rather than the week of closing — the closing disclosure has to reflect the exemption, and correcting it late means redrawing documents and can push the closing date.</p>
<h2>What to do if the fee was charged and you were exempt</h2>
<p>Exemption status is sometimes established or corrected after the loan closes. A veteran whose disability rating is granted with an effective date preceding the loan closing may be entitled to a refund of a funding fee already paid. That is a VA and lender question, handled through the loan servicer and the VA, and the effective date of the rating is the fact that drives it. Bring the rating decision and the closing documents to both.</p>
<h2>The Texas layer worth knowing about separately</h2>
<p>The VA funding fee exemption is federal and applies to the loan. Texas separately exempts part or all of a disabled veteran's <strong>property taxes</strong>, and the two are unrelated — being exempt from one does not automatically do anything about the other.</p>
<p>Under <strong>Texas Tax Code §11.22</strong>, a disabled veteran gets a fixed dollar exemption off the appraised value of one property, tiered by VA disability rating: <strong>$5,000</strong> for a rating of at least 10 percent but less than 30, <strong>$7,500</strong> for at least 30 but less than 50, <strong>$10,000</strong> for at least 50 but less than 70, and <strong>$12,000</strong> at 70 percent or more (<a href=""https://codes.findlaw.com/tx/tax-code/tax-sect-11-22/"">Texas Tax Code §11.22(a)</a>). It applies to one property the veteran designates. The partial exemption application is <strong>Form 50-135</strong>, filed with the appraisal district — Kendall Appraisal District for a Boerne property.</p>
<p>Under <strong>Texas Tax Code §11.131</strong>, a veteran with a <strong>100% disability rating</strong> or a determination of <strong>individual unemployability</strong> — either one qualifies, not both — may receive a <strong>total exemption of the total appraised value</strong> of the residence homestead. The application is <strong>Form 50-114</strong>, due April 30, though it may be filed up to <strong>five years after the delinquency date</strong>. A surviving spouse qualifies if they have not remarried, the property was their homestead at the veteran's death, and it remains their homestead; if the spouse later moves, the exemption is <strong>capped at the dollar value of the last year's exemption on the prior home</strong>, not carried over in full (<a href=""https://comptroller.texas.gov/taxes/property-tax/exemptions/disabledvet-100-faq.php"">Texas Comptroller</a>).</p>
<p>For a property in Boerne or anywhere in Kendall County, that filing goes to the <strong>Kendall Appraisal District</strong> — not Bexar CAD. Boerne is in Kendall County, not the City of San Antonio.</p>
<h2>Who to ask</h2>
<p>Funding fee percentages, exemption status on your file, entitlement and refund requests are <strong>lender</strong> and <strong>VA</strong> questions, and the lender pulls the VA's records as part of the file. Property tax exemption amounts, applications and deadlines go to the <strong>Kendall Appraisal District</strong> for a Kendall County property. Anything involving how title is held, surviving spouse status or estate matters is for a <strong>Texas real estate attorney</strong>.</p>
<h2>Related questions</h2>
<ul>
<li><a href=""/answers/conventional-vs-fha-vs-va-loan-in-texas"">Conventional vs. FHA vs. VA loan in Texas: which one?</a></li>
<li><a href=""/answers/what-are-the-2026-loan-limits-in-kendall-county"">What are the 2026 conforming and FHA loan limits in Kendall County, Texas?</a></li>
<li><a href=""/answers/texas-disabled-veteran-property-tax-exemption"">What is the Texas disabled veteran property tax exemption?</a></li>
<li><a href=""/answers/how-much-down-payment-do-i-need-in-texas"">How much down payment do I need to buy a house in Texas?</a></li>
<li><a href=""/answers/what-credit-score-do-i-need-to-buy-a-house-in-texas"">What credit score do I need to buy a house in Texas?</a></li>
</ul>
<h2>Questions about a specific property?</h2>
<p><strong>Heath Shepard is a 100% disabled veteran</strong> and a licensed Texas REALTOR. If VA benefits or the disabled-veteran exemption are part of your purchase, say so up front and he’ll factor them into the numbers.</p>
<p>Call or text <strong><a href=""tel:+1-830-446-3847"">830-446-3847</a></strong> · Email <strong><a href=""mailto:heath.shepard@kw.com"">heath.shepard@kw.com</a></strong></p>
<hr>
<p><em>This page explains the VA funding fee and its exemptions. It is not lending or tax advice. Your lender and the VA determine exemption status on your loan; the Kendall Appraisal District handles Texas property tax exemptions.</em></p>","","2026-09-17","buying-a-home","https://www.theheathshepardrealestateteam.com/boerne/buying-a-home","conventional-vs-fha-vs-va-loan-in-texas,what-are-the-2026-loan-limits-in-kendall-county,texas-disabled-veteran-property-tax-exemption,how-much-down-payment-do-i-need-in-texas,what-credit-score-do-i-need-to-buy-a-house-in-texas","https://www.va.gov/housing-assistance/home-loans/funding-fee-and-closing-costs/
https://www.va.gov/housing-assistance/home-loans/loan-limits/
https://comptroller.texas.gov/taxes/property-tax/exemptions/disabledvet-100-faq.php
https://comptroller.texas.gov/taxes/property-tax/info-pack/disabled-veterans-exemptions.pdf
https://codes.findlaw.com/tx/tax-code/tax-sect-11-22/","draft"
"What is title insurance in Texas, and why is the price the same everywhere?","what-is-title-insurance-in-texas","What is title insurance in Texas, and why is the price the same everywhere?","The Texas Department of Insurance sets the premium, so it is identical everywhere. What is left to shop, and the 6A(8) survey exception on coverage.","Texas title insurance premium rates are promulgated by the Texas Department of Insurance, so the premium for a given policy amount is identical at every title company in Texas. Shopping title companies is about service, escrow fees and closing experience, not premium price. The current rate schedule took effect March 1, 2026.","<h2>The promulgated-rate fact, stated plainly</h2>
<p>Texas does not let title insurers set their own premium rates. The <strong>Texas Department of Insurance sets them</strong> and publishes the schedule. The current one is titled &quot;Texas Title Insurance Premium Rates, Rates Effective March 1, 2026&quot; (<a href=""https://tdi.texas.gov/title/titlerates2026.html"">TDI</a>, <a href=""https://www.tdi.texas.gov/title/documents/titlerates2026.pdf"">full schedule, PDF</a>).</p>
<p>The consequence is the part almost no consumer knows: <strong>for a given policy amount, the title insurance premium is the same number at every title company in the state.</strong> The big national underwriter, the regional independent, the small office in the town square — same premium. Not similar. The same.</p>
<p>So the advice buyers arrive with from other states — &quot;call three title companies and compare quotes&quot; — does not do what they think it does in Texas. You can call three. The premium line will match.</p>
<p>Look up the actual number for your price point on the TDI schedule rather than trusting a figure quoted in an article, including this one. The schedule is a rate table by policy amount and it is the authoritative source.</p>
<h2>What is actually left to shop</h2>
<p>Plenty. The premium is fixed; the rest of the experience is not.</p>
<ul>
<li><strong>Escrow and closing fees.</strong> These are the title company's own charges for acting as escrow agent, and they are not the promulgated premium. Ask for a written fee sheet.</li>
<li><strong>Ancillary charges</strong> — courier, wire, recording service, document prep, e-recording, tax certificates. Small individually, not zero together.</li>
<li><strong>Competence on a hard file.</strong> A file with probate, an unreleased lien, an out-of-state seller, an entity in the chain, or a metes-and-bounds description that does not match the survey is not a routine file. The difference between a title company that clears a Schedule C item in three days and one that clears it in three weeks is the whole deal.</li>
<li><strong>Communication.</strong> Whether the escrow officer answers, and whether they tell you a problem exists before it is a crisis.</li>
<li><strong>Where they close, and how.</strong> Location, after-hours availability, remote or mail-away closing capability for out-of-state parties.</li>
</ul>
<p>That is a real list of differences worth choosing between. It is just not a price list.</p>
<h2>What the policy actually covers</h2>
<p>Two policies, two different beneficiaries.</p>
<p><strong>The owner's policy</strong> protects the buyer's ownership interest against covered title defects that existed before the policy date — a forged deed in the chain, an undisclosed heir, a missed lien, a recording error, a spousal interest that was never released. It is a one-time premium and it lasts as long as the insured holds an interest.</p>
<p><strong>The lender's policy</strong> protects the lender's lien position, in the amount of the loan. It protects the lender. It does not protect the buyer's equity.</p>
<p>A cash buyer who skips the owner's policy has no title coverage at all. A financed buyer who assumes the lender's policy covers them has misunderstood what they paid for.</p>
<p>Title insurance is also backward-looking, not forward-looking. It covers defects that already existed as of the policy date. It is not a home warranty, it does not cover condition, and it does not cover things you agreed to exclude.</p>
<h2>Coverage is shaped by the exceptions, not the premium</h2>
<p>This is where the money actually moves.</p>
<p>The policy issues subject to the exceptions on <strong>Schedule B of the title commitment</strong>, and the contract itself enumerates them. <strong>Paragraph 6A</strong> of the One to Four Family Residential Contract (Resale) lists what the policy is subject to (<a href=""https://www.trec.texas.gov/sites/default/files/pdf-forms/20-19_4.pdf"">TREC form 20-19, PDF</a>):</p>
<ul>
<li>restrictive covenants common to the platted subdivision</li>
<li>the standard printed exception for standby fees, taxes and assessments</li>
<li>liens created as part of the financing under Paragraph 3</li>
<li>utility easements created by the dedication deed or plat</li>
<li>reservations otherwise permitted or approved by the buyer in writing</li>
<li>the standard printed exception as to marital rights</li>
<li>the standard printed exception as to waters, tidelands, beaches, streams and related matters</li>
<li>the minerals exception approved by the Texas Department of Insurance</li>
<li>the survey exception</li>
</ul>
<p><strong>The survey exception is 6A(8), and it is a checkbox with exactly two positions.</strong> The standard printed exception as to &quot;discrepancies, conflicts, shortages in area or boundary lines, encroachments or protrusions, or overlapping improvements&quot; either &quot;<strong>will not be amended or deleted</strong> from the title policy,&quot; or &quot;<strong>will be amended to read, 'shortages in area'</strong>&quot; at the expense of the buyer or the seller.</p>
<p>Amending it does not delete the exception. It narrows it to area shortages, which restores coverage for the encroachment and boundary problems that actually generate claims. Which box is checked, and who pays, is negotiated in the offer like everything else.</p>
<p>Getting the amendment requires a survey the title company and lender will accept. That is either a <strong>new survey</strong>, or the <strong>existing survey plus a T-47 Residential Real Property Affidavit</strong>, notarized, stating nothing has changed since it was made (<a href=""https://www.tdi.texas.gov/title/documents/formT-47.pdf"">TDI</a>). There is also a <strong>T-47.1 Declaration in Lieu of Affidavit</strong>, seller-signed but not notarized, effective <strong>November 1, 2024</strong> (<a href=""https://www.tdi.texas.gov/title/documents/form-t-47-1.pdf"">TDI</a>). The contract names both forms by name.</p>
<p>If the seller built a deck, a pool or a fence after the old survey, the affidavit route closes. A new survey has to be ordered, and it needs to be ordered early.</p>
<p><strong>Endorsements</strong> add or modify coverage on specific issues. Ask the title company which endorsements apply to your transaction, what each one does, and what it costs — the TDI schedule is the reference for what is regulated, and the escrow officer can tell you what is being added to your file.</p>
<h2>Who pays for it in Texas</h2>
<p>Negotiated in the contract. Not fixed by law — and you do not have to take that on faith, because the promulgated form says so on its face.</p>
<p><strong>Paragraph 6A</strong> reads: &quot;Seller shall furnish to Buyer at [ ] <strong>Seller's</strong> [ ] <strong>Buyer's</strong> expense an owner policy of title insurance (Title Policy) issued by [Title Company] in the amount of the Sales Price, dated at or after closing&quot; (<a href=""https://www.trec.texas.gov/sites/default/files/pdf-forms/20-19_4.pdf"">TREC form 20-19, PDF</a>). It is a checkbox. A cost allocation that were fixed by law would not need one.</p>
<p>The long-running custom across much of Texas is that the <strong>seller pays for the owner's title policy</strong> and the buyer pays for the lender's policy — and the contract's expense paragraph puts the <strong>loan title policy with endorsements required by lender</strong> squarely in the Buyer's Expenses list, alongside <strong>one-half of the escrow fee</strong>, with the other half in the Seller's Expenses. But the owner's policy line is a checkbox, custom varies by market, and in a competitive situation it is one of the first things that moves. What matters is what the executed contract says.</p>
<p>That makes the owner's policy a negotiating item rather than a fixed cost, which is a more useful way to think about it than treating it as a line on a standard closing-cost list.</p>
<h2>The contract tells you to have a lawyer read it</h2>
<p>Not an outside opinion — the form's own text. <strong>Paragraph 6E(1)</strong> states that &quot;Broker advises Buyer to have an abstract of title covering the Property examined by an attorney of Buyer's selection,&quot; and that if a Title Policy is furnished instead, the &quot;<strong>Commitment should be promptly reviewed by an attorney of Buyer's choice due to the time limitations on Buyer's right to object</strong>.&quot;</p>
<p>And <strong>Paragraph 23</strong> is headed CONSULT AN ATTORNEY BEFORE SIGNING, with the printed line: &quot;<strong>TREC rules prohibit real estate brokers and sales agents from giving legal advice. READ THIS CONTRACT CAREFULLY.</strong>&quot; The form provides fields for the buyer's and seller's attorneys.</p>
<p>Nobody is required to hire one. The promulgated contract advises it in two separate places, and the reason given is the clock on the objection right.</p>
<h2>The closing itself</h2>
<p><strong>No attorney is required</strong> to close a residential transaction in Texas. The title company acts as escrow agent, runs the title search, issues the commitment and the policy, prepares closing documents, and disburses funds. Hiring an attorney is optional and sometimes well worth it — complex title, entity purchases, seller financing, estate issues.</p>
<p>And the distinction that trips up out-of-state buyers: <strong>signing is not closing.</strong> The deal closes when the title company <strong>funds and records</strong>. Documents are not recorded and funds are not disbursed until every required item is in. A buyer who signs at 10 a.m. does not necessarily own anything at 10:15.</p>
<h2>Related questions</h2>
<ul>
<li><a href=""/answers/what-is-a-title-commitment-in-texas"">What is a title commitment in Texas?</a></li>
<li><a href=""/answers/who-pays-closing-costs-in-texas"">Who pays closing costs in Texas?</a></li>
<li><a href=""/answers/what-happens-at-a-texas-closing"">What happens at a Texas closing?</a></li>
<li><a href=""/answers/what-is-a-t-47-affidavit"">What is a T-47 affidavit?</a></li>
<li><a href=""/answers/do-i-need-a-real-estate-attorney-to-buy-a-house-in-texas"">Do I need a real estate attorney to buy a house in Texas?</a></li>
</ul>
<h2>Questions about a specific property?</h2>
<p>Call or text <strong><a href=""tel:+1-830-446-3847"">830-446-3847</a></strong> · Email <strong><a href=""mailto:heath.shepard@kw.com"">heath.shepard@kw.com</a></strong></p>
<hr>
<p><em>This page explains how Texas title insurance is priced and what it covers. It is not legal advice. For a title defect, a coverage question, or whether an exception affects your intended use, talk with a Texas real estate attorney.</em></p>","","2026-09-17","buying-a-home","https://www.theheathshepardrealestateteam.com/boerne/buying-a-home","what-is-a-title-commitment-in-texas,who-pays-closing-costs-in-texas,what-happens-at-a-texas-closing,what-is-a-t-47-affidavit,do-i-need-a-real-estate-attorney-to-buy-a-house-in-texas","https://tdi.texas.gov/title/titlerates2026.html
https://www.tdi.texas.gov/title/documents/titlerates2026.pdf
https://www.tdi.texas.gov/title/documents/formT-47.pdf
https://www.tdi.texas.gov/title/documents/form-t-47-1.pdf
https://www.trec.texas.gov/agency-information/contracts
https://www.trec.texas.gov/sites/default/files/pdf-forms/20-19_4.pdf","draft"
"What should I know about septic systems and water wells in the Texas Hill Country?","what-should-i-know-about-septic-and-wells-in-the-hill-country","What should I know about septic systems and water wells in the Texas Hill Country?","OSSF and private well diligence inside the option period: who inspects an aerobic system, which permits to request, and Cow Creek District rules.","A Hill Country property on a septic system and a private well carries due diligence a city-connected house does not. The buyer is responsible for inspecting the on-site sewage facility, testing and evaluating the well, and gathering permits and maintenance records, all inside the option period. TREC form 61-0 covers groundwater and surface water rights.","<h2>The difference a city tap makes</h2>
<p>Inside Boerne's city limits, water and wastewater are a utility account. Boerne's drinking water comes from three sources — <strong>surface water from Canyon Lake purchased through the Guadalupe-Blanco River Authority, Boerne City Lake, and local wells in the Trinity Group aquifers</strong> (<a href=""https://www.ci.boerne.tx.us/FAQ.aspx?QID=315"">City of Boerne</a>). Somebody else owns that infrastructure, tests that water and fixes it when it breaks.</p>
<p>On an acreage property outside the system, you own both ends. The water comes out of a well you own, and the wastewater goes into a treatment system you own and are responsible for maintaining. Two pieces of private infrastructure, each with its own failure modes, neither one covered by a standard home inspection.</p>
<p>That is not an argument against buying acreage. It is an argument for treating septic and well as their own diligence items with their own specialists, on their own timeline, starting the day the contract goes effective.</p>
<h2>The septic side: on-site sewage facilities</h2>
<p>Texas calls a septic system an <strong>on-site sewage facility, or OSSF</strong>. Two broad families show up around Boerne:</p>
<ul>
<li><strong>Conventional systems</strong> — a tank and a drainfield, relying on soil to treat effluent. Thin soil over limestone, which is much of the Hill Country, limits where these work.</li>
<li><strong>Aerobic treatment units</strong> — an engineered system with an air pump, a treatment tank, chlorination, and usually spray heads distributing treated effluent over the yard. These are common where soil will not support a conventional drainfield, they use electricity, they have mechanical parts, and they generally carry an ongoing maintenance obligation.</li>
</ul>
<p>That last point is the one buyers miss. An aerobic system is not install-and-forget. It typically requires a maintenance provider under contract and periodic service. A seller who let the contract lapse leaves the buyer inheriting a system that has not been serviced and may not be operating to its permit.</p>
<p><strong>What to inspect and ask about:</strong></p>
<ul>
<li>Tank condition, and whether it has been pumped — when, and by whom</li>
<li>For an aerobic unit: the air pump, chlorinator, control panel, alarm, spray heads and their coverage</li>
<li>The drainfield or spray area — surfacing effluent, soggy ground, odor, unusually green strips</li>
<li>Whether the system as built matches the system that was permitted</li>
<li>Whether the system is sized for the house as it exists now, particularly if bedrooms or a guest quarters were added after the original permit</li>
<li>Where the components are, physically, and whether anything has been built or parked over them</li>
</ul>
<p><strong>Who inspects it:</strong> a septic or OSSF inspector, not a general home inspector. A general inspection under the TREC <strong>Property Inspection Report, form REI 7-6, effective 02/01/2022</strong> is not a septic inspection (<a href=""https://www.trec.texas.gov/agency-information/contracts"">TREC forms</a>). Hire the specialist separately.</p>
<p><strong>Documents to request from the seller:</strong> the OSSF permit, the as-built or site plan showing component locations, the maintenance contract and service records for an aerobic unit, and pumping records. On-site sewage facilities in Texas are permitted through a local authorized agent — ask <strong>Kendall County</strong> which office holds permit records for the address, and request the file rather than relying on the seller's memory.</p>
<h2>The well side</h2>
<p>A private well is a mechanical system plus a water quality question plus a supply question. Three separate things.</p>
<p><strong>Mechanical.</strong> Pump, pressure tank, wiring, pitless adapter, well cap and casing, plumbing back to the house. A well that produces water today can still have a pump near the end of its life.</p>
<p><strong>Quality.</strong> A general home inspection does not test water. Testing is its own item, done by a lab or a qualified provider, and what gets tested is a choice — bacteriological is the baseline, and other analyses are worth discussing based on the area and the age of the well. Ask your <strong>lender</strong> early whether the loan program requires a water test and what result it requires, because that answer sets a deadline.</p>
<p><strong>Supply.</strong> How the well performs over time is not visible from a single tap opening. Ask what the well has done historically, and ask the owner directly about any period when it did not keep up.</p>
<p><strong>Documents to request:</strong> the well report or driller's log, any registration with the groundwater district, pump installation and service records, water test results, and — critically — <strong>any shared well agreement</strong>. A well serving more than one property is a legal arrangement, not a plumbing arrangement, and what it says about cost sharing, maintenance, access and what happens when the pump fails is a document for a <strong>Texas real estate attorney</strong> to read before closing, not after.</p>
<h2>Groundwater is regulated, and the rules change</h2>
<p>Groundwater in Kendall County is regulated by the <strong>Cow Creek Groundwater Conservation District</strong>. The district monitors conditions using data from roughly 42 monitor wells, stream gauges on Cibolo Creek and the Guadalupe River, and more than 100 rain gauge sites, and it sets drought stages that carry pumping restrictions (<a href=""https://ccgcd.org/"">Cow Creek GCD</a>).</p>
<p>Drought stage is not a fixed fact and this page will not state one. It moves. <strong>Check the current stage and the current rules at <a href=""https://ccgcd.org/"">ccgcd.org</a> before you rely on any number, including anything you read in an article.</strong> What matters to a buyer is the structure: there is a district, it has authority over groundwater use, and its rules can restrict what a well owner may pump.</p>
<p>Cow Creek also appears as a taxing entity on Kendall County tax bills, alongside the county, the school districts, the cities and the special districts (<a href=""https://kendallad.org/adopted-tax-rates-and-exemptions/"">Kendall AD</a>).</p>
<p>Boerne is in <strong>Kendall County</strong>, not Bexar County. The Edwards Aquifer Authority rules people read about in San Antonio are a different regulator over a different aquifer, and the appraisal district is <strong>Kendall Appraisal District</strong>, not Bexar CAD.</p>
<h2>The disclosure forms that touch this</h2>
<p>Two forms matter here (<a href=""https://www.trec.texas.gov/agency-information/contracts"">TREC contract forms</a>):</p>
<ul>
<li><strong>Seller's Disclosure about Groundwater and Surface Water Rights, form 61-0, effective 07/01/2026.</strong> Water rights on a rural Texas property are not automatically what a buyer assumes, and the form exists to put the seller's statements about them in writing.</li>
<li><strong>Seller's Disclosure Notice, form 55-1, effective 05/28/2026</strong>, the general disclosure, which is where a seller reports known condition issues including water and sewer.</li>
</ul>
<p>Neither is a substitute for an inspection. A disclosure records what the seller says they know. An inspection records what a specialist finds.</p>
<h2>Sequence it against the option period</h2>
<p>The option period is an unrestricted right to terminate, and it expires at 5:00 p.m. on its final day whether or not the septic inspector had an opening. On a well-and-septic property the buyer is scheduling two specialists and a water lab, and requesting records from a county office and possibly a groundwater district, on a clock that does not extend itself.</p>
<p>Order of operations that works:</p>
<ol>
<li>Contract effective. Option fee delivered to the title company on time.</li>
<li>Same day: book the general inspection, the septic inspection and the water test. Do not wait for the general inspector's report to decide whether to book the others.</li>
<li>Same day: request the OSSF permit file from the county and the well records from the seller.</li>
<li>Ask the lender what the loan program requires for water and septic.</li>
<li>Read the shared well agreement, if there is one, with an attorney.</li>
<li>Decide before the option period ends.</li>
</ol>
<h2>Where the line is</h2>
<p>A real estate agent can sequence the work, pull the records and tell you what is normal for the area. Interpreting a shared well agreement or a water rights reservation is work for a <strong>Texas real estate attorney</strong>. The condition of the system is a <strong>licensed inspector's</strong> call. Current groundwater rules come from the <strong>Cow Creek Groundwater Conservation District</strong>. Permit history comes from <strong>Kendall County</strong>. Loan requirements come from your <strong>lender</strong>.</p>
<h2>Related questions</h2>
<ul>
<li><a href=""/answers/does-boerne-have-enough-water"">Does Boerne have enough water?</a></li>
<li><a href=""/answers/should-i-buy-in-boerne-city-limits-or-unincorporated-kendall-county"">Should I buy in Boerne city limits or unincorporated Kendall County?</a></li>
<li><a href=""/answers/is-hill-country-land-a-good-investment"">Is Hill Country land a good investment?</a></li>
<li><a href=""/answers/what-is-the-option-period-in-texas"">What is the option period in a Texas real estate contract?</a></li>
<li><a href=""/answers/what-is-the-sellers-disclosure-notice-in-texas"">What is the Seller's Disclosure Notice in Texas?</a></li>
</ul>
<h2>Questions about a specific property?</h2>
<p>Call or text <strong><a href=""tel:+1-830-446-3847"">830-446-3847</a></strong> · Email <strong><a href=""mailto:heath.shepard@kw.com"">heath.shepard@kw.com</a></strong></p>
<hr>
<p><em>This page explains the due diligence a septic-and-well property requires. It is not legal advice, and it is not an inspection. Condition questions go to a licensed inspector, shared well agreements and water rights go to a Texas real estate attorney, and current groundwater rules come from the Cow Creek Groundwater Conservation District.</em></p>","","2026-09-17","land-and-acreage","https://www.theheathshepardrealestateteam.com/boerne/land-and-acreage","does-boerne-have-enough-water,should-i-buy-in-boerne-city-limits-or-unincorporated-kendall-county,is-hill-country-land-a-good-investment,what-is-the-option-period-in-texas,what-is-the-sellers-disclosure-notice-in-texas","https://ccgcd.org/
https://www.ci.boerne.tx.us/FAQ.aspx?QID=315
https://kendallad.org/adopted-tax-rates-and-exemptions/
https://www.trec.texas.gov/agency-information/contracts","draft"
"What surprises out-of-state buyers about buying a house in Texas?","what-surprises-out-of-state-buyers-about-texas-real-estate","What surprises out-of-state buyers about buying a house in Texas?","Eleven things: the unrestricted option period, the three-day option fee, state-set title premiums, the T-47, and the January 1 homestead rule.","The biggest surprises are the option period, which lets a Texas buyer terminate for any reason; that no attorney is required and the title company runs closing; that title insurance premiums are set by the state, so they are identical everywhere; and that annual reappraisal replaces a state income tax.","<p>Texas does a lot of things differently from the states most relocating buyers come from. None of it is hidden — it is all printed on promulgated forms — but a buyer who assumes their home state's process carries over will miss a deadline. Here is the full list of the mechanics that catch people, in the order they come up in a deal.</p>
<h2>1. The option period is an unrestricted right to terminate</h2>
<p>In most states a buyer's exits are tied to contingencies, and each one has to be justified. In Texas, the buyer pays a separate <strong>option fee</strong> and gets an <strong>unrestricted right to terminate</strong> the contract during the option period — for any reason or no reason at all (<a href=""https://trerc.tamu.edu/article/option-period-basics-2360/"">Texas Real Estate Research Center</a>).</p>
<p>The length of the period and the size of the fee are negotiated blanks on the contract. Neither is set by statute and neither is set by TREC. Termination requires <strong>written notice delivered to the seller by 5:00 p.m. local time on the last day</strong>. Days are calendar days and the effective date is day zero.</p>
<p>See: <a href=""/answers/what-is-the-option-period-in-texas"">What is the option period in a Texas real estate contract?</a></p>
<h2>2. The option fee goes to the title company within three days, not to the seller</h2>
<p>This is the single most common way a Texas buyer loses the protection they paid for. The option fee is delivered to the <strong>escrow agent — the title company — within three days after the effective date</strong>. If the third day is a weekend or legal holiday, it rolls to the next business day (<a href=""https://www.trec.texas.gov/article/changes-delivery-option-fee-0"">TREC</a>).</p>
<p>Miss that delivery and there is no termination right, regardless of what the option period says.</p>
<p>The option fee and earnest money may be paid separately or combined in one payment. Combined, funds apply <strong>first to the option fee and then to earnest money</strong> — so a combined payment that is short leaves earnest money underfunded, which is a contract default. The option fee is <strong>credited to the sales price at closing</strong> and is not refunded on termination.</p>
<p>See: <a href=""/answers/how-does-the-option-fee-work-in-texas"">How does the option fee work in Texas?</a></p>
<h2>3. No attorney is required, and the title company runs the closing</h2>
<p>Buyers from attorney-state closings expect to hire counsel. In Texas, <strong>no attorney is required</strong> to close a residential transaction. The title company acts as escrow agent, runs the title search, issues the title commitment and the policy, prepares the closing documents and disburses funds. Hiring an attorney is optional, not standard.</p>
<p>One consequence worth internalizing: <strong>signing is not closing</strong>. The deal closes when the title company funds and records. Documents are not recorded and money does not move until every required item is in.</p>
<p>TREC promulgates the contract forms and license holders are required to use them. A license holder <strong>cannot draft contract language</strong>. Anything requiring custom terms is a job for a Texas real estate attorney (<a href=""https://www.trec.texas.gov/agency-information/contracts"">TREC</a>).</p>
<p>See: <a href=""/answers/do-i-need-a-real-estate-attorney-to-buy-a-house-in-texas"">Do I need a real estate attorney to buy a house in Texas?</a></p>
<h2>4. Title insurance costs the same at every title company in Texas</h2>
<p>Texas title insurance premium rates are <strong>promulgated — set — by the Texas Department of Insurance</strong>, not by the title companies. The current schedule is the Texas Title Insurance Premium Rates, effective March 1, 2026 (<a href=""https://tdi.texas.gov/title/titlerates2026.html"">TDI</a>).</p>
<p>Because the rates are promulgated, <strong>the premium for a given policy amount is identical at every title company in the state</strong>. Shopping title companies on premium price is not a thing in Texas. Shop them on service, on closer availability and on how well they handle a complicated file.</p>
<p>Who pays for what is negotiated in the contract, not fixed by law. In much of Texas the custom is that the seller pays the owner's title policy; in some markets the buyer does. Treat it as customary and negotiable, never as automatic.</p>
<p>See: <a href=""/answers/what-is-title-insurance-in-texas"">What is title insurance in Texas?</a></p>
<h2>5. You may not need a new survey — the T-47 exists</h2>
<p>If the lender and title company will accept the seller's existing survey, the buyer does not have to buy a new one, and the title policy's survey exception can be amended.</p>
<p>The document that makes this work is the <strong>T-47 Residential Real Property Affidavit</strong>, a <strong>notarized</strong> seller affidavit stating that nothing has changed on the property since that survey (<a href=""https://www.tdi.texas.gov/title/documents/formT-47.pdf"">TDI</a>). Since <strong>November 1, 2024</strong> there is also a <strong>T-47.1 Residential Real Property Declaration in Lieu of Affidavit</strong>, which the seller signs but does not have notarized (<a href=""https://www.tdi.texas.gov/title/documents/form-t-47-1.pdf"">TDI</a>).</p>
<p>The failure mode: a seller who added a deck, a pool, a shed or a fence since the survey cannot truthfully sign it, and the buyer is buying a new survey. Ask early, not the week of closing.</p>
<p>See: <a href=""/answers/what-is-a-t-47-affidavit"">What is a T-47 affidavit?</a></p>
<h2>6. The seller's disclosure notice is statutory, and a late one buys you seven days</h2>
<p>Texas Property Code <strong>§5.008</strong> requires a seller of residential property of not more than one dwelling unit to give the buyer a written notice in the prescribed form or substantially similar (<a href=""https://codes.findlaw.com/tx/property-code/prop-sect-5-008/"">Texas Property Code §5.008</a>).</p>
<p>The provision out-of-state buyers do not expect: if the contract is signed without the seller having delivered the notice, the <strong>buyer may terminate for any reason within 7 days after receiving it</strong>. That is a separate exit from the option period and it runs on its own clock.</p>
<p>Exemptions from the form include foreclosure, court-ordered transfers, transfers by a trustee in bankruptcy, transfers between co-owners, transfers to a spouse or descendant, transfers by a fiduciary administering an estate, and new residences not previously occupied. Exempt from the form is not exempt from fraud.</p>
<p>§5.008 also states that a seller or agent is <strong>not required to disclose</strong> a death on the property by natural causes, suicide, or an accident unrelated to the property's condition. Buyers from disclosure-heavy states are frequently surprised by that one.</p>
<p>The current TREC version of the form is <strong>55-1, effective 05/28/2026</strong>.</p>
<p>See: <a href=""/answers/what-is-the-sellers-disclosure-notice-in-texas"">What is the seller's disclosure notice in Texas?</a></p>
<h2>7. Property taxes replace the income tax, and the value is reset every year</h2>
<p>Texas has no state individual income tax. Local government is funded largely through property tax, and Texas property is <strong>reappraised at market value annually</strong>. Once a homestead exemption is in place there is a <strong>10% per-year cap</strong> on the increase in net appraised value (<a href=""https://comptroller.texas.gov/taxes/property-tax/exemptions/"">Texas Comptroller</a>).</p>
<p>Buyers from states with assessment limits built into purchase price expect the tax to stay put. It does not. It tracks the market, and in a growing county it moves.</p>
<p>A tax bill is also not one rate. It is the sum of every entity whose boundary covers the parcel. In Kendall County, those can include Boerne ISD, Comfort ISD, the City of Boerne, Kendall County, Kendall County MUD, Miralomas MUD, the Cow Creek Groundwater Conservation District, and Kendall County WCID #1 (<a href=""https://kendallad.org/adopted-tax-rates-and-exemptions/"">Kendall AD</a>).</p>
<p>See: <a href=""/answers/does-texas-have-no-state-income-tax"">Does Texas really have no state income tax, and what do I pay instead?</a></p>
<h2>8. The homestead exemption turns on January 1, so a spring closing waits a year</h2>
<p>To claim a residence homestead exemption for a tax year you must have <strong>owned and occupied the home as your principal residence on January 1</strong> of that year, and the application deadline is <strong>before May 1</strong> (<a href=""https://comptroller.texas.gov/taxes/property-tax/exemptions/"">Texas Comptroller</a>).</p>
<p>Close in February and the exemption starts the following year. The first year is the unexempted bill, and the 10% cap does not protect a property that does not yet carry the exemption.</p>
<p>The exemption is not automatic, does not transfer from the seller, and is not filed by the title company. In Boerne it is filed with <strong>Kendall Appraisal District</strong> — not Bexar CAD, because Boerne is in Kendall County, not Bexar County.</p>
<p>School districts must grant a <strong>$140,000</strong> residence homestead exemption as of tax year 2026, with an <strong>additional $60,000</strong> for owners 65 or older or disabled.</p>
<p>See: <a href=""/answers/how-do-i-file-for-a-homestead-exemption-in-kendall-county"">How do I file for a homestead exemption in Kendall County?</a></p>
<h2>9. MUD and PID line items on a new-subdivision tax bill</h2>
<p>A house in a newer Texas subdivision can carry a municipal utility district or a public improvement district assessment that is not part of the city or county rate and does not appear in a generic &quot;what are taxes here&quot; answer.</p>
<p>TREC publishes forms specifically for this: the <strong>Addendum Containing Notice of Obligation to Pay Improvement District Assessment (form 53-0, effective 09/01/2021)</strong> and the <strong>Notice to Purchaser of Special Taxing or Assessment District (form 59-0, effective 02/12/2024)</strong> (<a href=""https://www.trec.texas.gov/agency-information/contracts"">TREC</a>).</p>
<p>Read the actual tax bill for the actual parcel. Not the neighbor's, not the subdivision brochure's.</p>
<p>See: <a href=""/answers/what-is-a-mud-or-pid-in-a-texas-subdivision"">What is a MUD or PID in a Texas subdivision?</a></p>
<h2>10. Outside city limits, water and sewer are your problem</h2>
<p>In the Hill Country, plenty of property sits outside a city's limits on a private well and a septic system. Both are systems you own, maintain and eventually replace.</p>
<p>Groundwater in Kendall County is regulated by the <strong><a href=""https://ccgcd.org/"">Cow Creek Groundwater Conservation District</a></strong>, which sets drought stages that can restrict permitted well pumping. Drought stage changes, so check the district's current stage rather than relying on any article.</p>
<p>TREC also has a <strong>Seller's Disclosure about Groundwater and Surface Water Rights, form 61-0, effective 07/01/2026</strong> (<a href=""https://www.trec.texas.gov/agency-information/contracts"">TREC</a>) — water rights on a rural Texas property are not assumed to convey the way a city buyer expects.</p>
<p>See: <a href=""/answers/what-should-i-know-about-septic-and-wells-in-the-hill-country"">What should I know about septic and wells in the Hill Country?</a></p>
<h2>11. Texas is a community property state</h2>
<p>Texas Family Code §3.002 defines it in one sentence: &quot;Community property consists of the property, other than separate property, acquired by either spouse during marriage&quot; (<a href=""https://codes.findlaw.com/tx/family-code/fam-sect-3-002/"">Texas Family Code §3.002</a>). How a married couple takes title, and what happens to property acquired during marriage, works differently here than in a common-law property state. That is a legal question with real consequences for estate planning and for a spouse who is not on the loan.</p>
<p>A Texas real estate attorney is the right person to answer it for your situation. A license holder cannot.</p>
<h2>The short version for a relocating buyer</h2>
<p>Three deadlines decide most Texas deals: the <strong>three-day option fee delivery</strong>, the <strong>5:00 p.m. end of the option period</strong>, and the <strong>January 1 homestead date</strong>. None of them are flexible and none of them care that you are new here.</p>
<h2>Related questions</h2>
<ul>
<li><a href=""/answers/what-is-the-option-period-in-texas"">What is the option period in a Texas real estate contract?</a></li>
<li><a href=""/answers/do-i-need-a-real-estate-attorney-to-buy-a-house-in-texas"">Do I need a real estate attorney to buy a house in Texas?</a></li>
<li><a href=""/answers/what-is-the-sellers-disclosure-notice-in-texas"">What is the seller's disclosure notice in Texas?</a></li>
<li><a href=""/answers/does-texas-have-no-state-income-tax"">Does Texas really have no state income tax, and what do I pay instead?</a></li>
<li><a href=""/answers/what-is-a-mud-or-pid-in-a-texas-subdivision"">What is a MUD or PID in a Texas subdivision?</a></li>
</ul>
<h2>Questions about a specific property?</h2>
<p>Call or text <strong><a href=""tel:+1-830-446-3847"">830-446-3847</a></strong> · Email <strong><a href=""mailto:heath.shepard@kw.com"">heath.shepard@kw.com</a></strong></p>
<hr>
<p><em>This page explains Texas transaction mechanics. It is not legal or tax advice. For contract language, title defects, deed restrictions and marital property, talk with a Texas real estate attorney; for exemptions and valuations, contact the appraisal district.</em></p>","","2026-09-17","relocation","https://www.theheathshepardrealestateteam.com/boerne/relocation","what-is-the-option-period-in-texas,do-i-need-a-real-estate-attorney-to-buy-a-house-in-texas,what-is-the-sellers-disclosure-notice-in-texas,does-texas-have-no-state-income-tax,what-is-a-mud-or-pid-in-a-texas-subdivision","https://www.trec.texas.gov/agency-information/contracts
https://www.trec.texas.gov/forms/one-four-family-residential-contract-resale
https://www.trec.texas.gov/article/changes-delivery-option-fee-0
https://trerc.tamu.edu/article/option-period-basics-2360/
https://tdi.texas.gov/title/titlerates2026.html
https://www.tdi.texas.gov/title/documents/formT-47.pdf
https://www.tdi.texas.gov/title/documents/form-t-47-1.pdf
https://codes.findlaw.com/tx/property-code/prop-sect-5-008/
https://capitol.texas.gov/tlodocs/86R/billtext/pdf/SB00339F.pdf
https://comptroller.texas.gov/taxes/property-tax/exemptions/
https://kendallad.org/adopted-tax-rates-and-exemptions/
https://ccgcd.org/
https://codes.findlaw.com/tx/family-code/fam-sect-3-002/","draft"
"Who pays closing costs in Texas?","who-pays-closing-costs-in-texas","Who pays closing costs in Texas?","It is a negotiated contract term, not Texas law. The paragraph 12A line items for each side, and where to get real numbers for your deal.","Who pays closing costs in Texas is negotiated in the contract, not fixed by law. Custom in much of Texas is that the seller pays the owner's title policy and the buyer pays lender and loan-related costs, but every line is negotiable. Your lender's Loan Estimate and the title company's fee sheet give the actual numbers.","<h2>Start here: nothing in this is law</h2>
<p>There is no Texas statute that says the seller pays for X and the buyer pays for Y at a residential closing. What exists is a promulgated contract with a paragraph that lists each side's expenses, plus checkboxes and blanks where the parties decide the rest.</p>
<p>The cleanest proof is the very first line of <strong>Paragraph 6A</strong>: &quot;Seller shall furnish to Buyer at [ ] <strong>Seller's</strong> [ ] <strong>Buyer's</strong> expense an owner policy of title insurance (Title Policy)&quot; (<a href=""https://www.trec.texas.gov/sites/default/files/pdf-forms/20-19_4.pdf"">TREC form 20-19, ¶6A</a>). The single largest title-side cost in the transaction is a checkbox. If it were law, there would be no box to check.</p>
<p>Custom is real and it matters — an offer that ignores local custom reads as unserious — but custom is not binding. Anything on the settlement statement can be shifted if both parties agree, and the agreement goes in the contract or on the Amendment to Contract, form 39-11 (<a href=""https://www.trec.texas.gov/agency-information/contracts"">TREC contract forms</a>).</p>
<h2>What the contract actually assigns: Paragraph 12</h2>
<p><strong>Paragraph 12A(1), Seller's Expenses</strong>, lists: releases of existing liens, including prepayment penalties and recording fees; release of Seller's loan liability; <strong>tax statements or certificates</strong>; <strong>preparation of deed</strong>; <strong>one-half of escrow fee</strong>; and other expenses payable by Seller under the contract (<a href=""https://www.trec.texas.gov/sites/default/files/pdf-forms/20-19_4.pdf"">TREC form 20-19, ¶12A(1)</a>).</p>
<p>It is a short list, and that surprises sellers who assume closing costs are mostly theirs. The seller's real money is elsewhere — the mortgage payoff and the brokerage compensation, neither of which is a ¶12A(1) expense.</p>
<p>¶12A(1) also contains an optional capped dollar contribution from the seller &quot;to be applied to Buyer's Expenses other than brokerage compensation or contributions under Paragraph 12B.&quot; That is the seller-paid closing cost concession, and it lives right there in the same subparagraph.</p>
<p><strong>Paragraph 12A(2), Buyer's Expenses</strong>, is the long one: &quot;Appraisal fees; loan application fees; origination charges; credit reports; preparation of loan documents; interest on the notes from date of disbursement to one month prior to dates of first monthly payments; recording fees; copies of easements and restrictions; <strong>loan title policy with endorsements required by lender</strong>; loan-related inspection fees; photos; amortization schedules; <strong>one-half of escrow fee</strong>; all prepaid items, including required premiums for <strong>flood and hazard insurance</strong>, reserve deposits for insurance, ad valorem taxes and special governmental assessments; final compliance inspection; courier fee; repair inspection; underwriting fee; wire transfer fee; expenses incident to any loan; <strong>Private Mortgage Insurance Premium (PMI), VA Loan Funding Fee, or FHA Mortgage Insurance Premium (MIP)</strong> as required by the lender; and other expenses payable by Buyer under this contract.&quot;</p>
<p>Three things worth pulling out of that list.</p>
<p><strong>The escrow fee is split by default.</strong> One-half appears on each side. It is one of the few genuinely shared line items.</p>
<p><strong>&quot;Flood and hazard insurance&quot; is named explicitly.</strong> In the Hill Country that is not boilerplate. A property near Cibolo Creek or in a mapped flood zone can carry a flood premium that materially changes the cash to close, and it is prepaid at closing.</p>
<p><strong>PMI, the VA funding fee and FHA MIP are buyer expenses &quot;as required by the lender.&quot;</strong> The contract does not decide whether you owe one — the loan program does. Veterans receiving VA compensation for a service-connected disability are among those exempt from the VA funding fee (<a href=""https://www.va.gov/housing-assistance/home-loans/funding-fee-and-closing-costs/"">VA</a>), which is worth confirming with the lender before it lands on a settlement statement.</p>
<p><strong>Paragraph 12C</strong> adds a protection: if a governmental loan program prohibits the buyer from paying certain charges, the seller's ¶12A(1) concession is applied first to those prohibited expenses, then to other buyer expenses — but never to brokerage compensation.</p>
<h2>Title and escrow, and why shopping on premium is pointless</h2>
<p>Texas title insurance premium rates are <strong>promulgated by the Texas Department of Insurance</strong>, not set by the title company. The premium for a given policy amount is the same at every title company in Texas. Shop title companies on service, escrow fee and responsiveness; there is nothing to shop on premium. The current schedule is &quot;Texas Title Insurance Premium Rates, Rates Effective March 1, 2026&quot; (<a href=""https://tdi.texas.gov/title/titlerates2026.html"">TDI</a>, <a href=""https://www.tdi.texas.gov/title/documents/titlerates2026.pdf"">rate table PDF</a>).</p>
<p>The owner's policy is the ¶6A checkbox. The <strong>loan title policy with lender endorsements</strong> is a ¶12A(2) buyer expense. Amending the survey exception is its own election under ¶6A(8), at Buyer's or Seller's expense.</p>
<h2>Prorations — Paragraph 13</h2>
<p>Quoted in full, because it is short and it governs a line people argue about:</p>
<blockquote>
<p>&quot;<strong>Taxes for the current year, interest, rents, and regular periodic maintenance fees, assessments, and dues (including prepaid items) will be prorated through the Closing Date. The tax proration may be calculated taking into consideration any change in exemptions that will affect the current year's taxes. If taxes for the current year vary from the amount prorated at closing, the parties shall adjust the prorations when tax statements for the current year are available. If taxes are not paid at or prior to closing, Buyer shall pay taxes for the current year.</strong>&quot;</p>
</blockquote>
<p>(<a href=""https://www.trec.texas.gov/sites/default/files/pdf-forms/20-19_4.pdf"">TREC form 20-19, ¶13</a>)</p>
<p>Two sentences in there matter more than the rest. The proration <strong>may</strong> account for a change in exemptions — relevant when a seller had a homestead or over-65 exemption the buyer will not have, or vice versa. And the parties <strong>shall adjust</strong> when the actual tax statements arrive, which means the number on your settlement statement is an estimate that can be trued up later.</p>
<h2>Brokerage compensation — Paragraph 12B</h2>
<p>The contract states it directly: &quot;<strong>Brokerage compensation is not set by law and is fully negotiable.</strong> Each party shall pay their respective brokers pursuant to the terms of the parties' obligations to compensate their brokers contained in <strong>separate written agreements</strong>&quot; (<a href=""https://www.trec.texas.gov/sites/default/files/pdf-forms/20-19_4.pdf"">TREC form 20-19, ¶12B</a>).</p>
<p>Compensation lives in separate written agreements, not in the purchase contract. Paragraph 12B does include optional checkboxes letting the seller pay a dollar amount or percentage toward what the buyer owes the buyer's broker, and vice versa — but those contributions &quot;shall be applied to and <strong>shall not change</strong> the parties' obligations to pay compensation pursuant to those agreements.&quot;</p>
<p>That last clause is the one to understand. A seller contribution toward the buyer's broker is a payment mechanism, not a transfer of the obligation. The buyer still owes their broker whatever their representation agreement says; the contribution just covers part of it at closing.</p>
<h2>Why this page does not give you a percentage</h2>
<p>Every &quot;closing costs are X percent of the sales price&quot; number you will find online is a marketing estimate, and the components move independently of the price. A cash buyer has no lender costs at all. A VA buyer may have no funding fee — veterans receiving VA compensation for a service-connected disability are among those exempt (<a href=""https://www.va.gov/housing-assistance/home-loans/funding-fee-and-closing-costs/"">VA</a>). Two identical houses in Boerne can produce very different settlement statements depending on the loan, the insurance premium, the tax proration date and whether a new survey was ordered.</p>
<p>There are two documents that give you real numbers, and both are free:</p>
<p><strong>The Loan Estimate from your lender.</strong> A standardized federal disclosure that itemizes the loan costs and the other costs, including the estimated cash to close. Request one from every lender you are considering and compare them side by side. If you want an early read before you have a property under contract, ask a lender for a cost worksheet on a target price.</p>
<p><strong>The title company's fee sheet.</strong> The title company handling the transaction will produce an estimated settlement statement on request, using the actual sales price, the actual tax rates for the property, and the actual policy amount. That is the closest thing to a real number that exists before closing.</p>
<p>Ask for both. Do not budget off a blog percentage.</p>
<h2>The seller contribution, and its limit</h2>
<p>A buyer can ask the seller to pay some of the buyer's closing costs. In the contract it is the capped dollar amount in <strong>¶12A(1)</strong>, applied to buyer's expenses other than brokerage compensation or ¶12B contributions, and it shows on the settlement statement as a seller credit. It is one of the most useful tools available to a buyer who is cash-tight but income-qualified, because the buyer effectively finances the closing costs into the price.</p>
<p>The ceiling is not set by the contract. <strong>The lender caps how much seller contribution the loan program allows</strong>, and the cap varies by loan type, occupancy and down payment. Exceeding it means the excess is simply disallowed at underwriting. Your lender is the only person who can tell you the number for your specific loan — ask before you write the offer, not after.</p>
<p>Paragraph 12C routes that concession intelligently if a governmental loan program bars the buyer from paying certain charges: the contribution is applied first to the prohibited expenses, then to the buyer's other expenses.</p>
<h2>Boerne and Kendall County specifics</h2>
<p>Boerne is the county seat of <strong>Kendall County</strong>. It is not in Bexar County and not in the City of San Antonio, so the tax entities appearing on the proration line are Kendall County entities — Boerne ISD, the City of Boerne for property inside city limits, Kendall County, and potentially a MUD or a groundwater conservation district depending on the property (<a href=""https://kendallad.org/adopted-tax-rates-and-exemptions/"">Kendall Appraisal District</a>).</p>
<p>The tax proration on the settlement statement uses those rates, prorated through the closing date under ¶13. A buyer who compared a Boerne closing to a San Antonio closing and expected the same numbers is comparing different taxing jurisdictions.</p>
<p>The ¶13 exemption language matters here too. If the seller was carrying a homestead or an over-65 exemption that the buyer will not qualify for in the same year, the proration may be calculated taking that change into account — and the parties adjust when the actual statements arrive. Exemption questions for a specific Kendall County property go to Kendall Appraisal District, not to the title company.</p>
<h2>What actually determines your number</h2>
<p>Loan type. Whether there is a loan at all. The sales price, which drives the title premium. The closing date, which drives the tax proration and prepaid interest. Whether a new survey was ordered. Whether the property has an HOA and what it charges to transfer. Whether the seller agreed to a contribution or a home warranty. Whether repairs were credited.</p>
<p>Change any one of those and the bottom line moves.</p>
<h2>Related questions</h2>
<ul>
<li><a href=""/answers/what-happens-at-a-texas-closing"">What happens at a Texas real estate closing?</a></li>
<li><a href=""/answers/who-pays-for-the-survey-in-texas"">Who pays for the survey in a Texas real estate transaction?</a></li>
<li><a href=""/answers/what-is-title-insurance-in-texas"">What is title insurance in Texas?</a></li>
<li><a href=""/answers/are-property-taxes-prorated-at-closing-in-texas"">Are property taxes prorated at closing in Texas?</a></li>
<li><a href=""/answers/what-is-the-third-party-financing-addendum"">What is the Third Party Financing Addendum?</a></li>
</ul>
<h2>Questions about a specific property?</h2>
<p>Call or text <strong><a href=""tel:+1-830-446-3847"">830-446-3847</a></strong> · Email <strong><a href=""mailto:heath.shepard@kw.com"">heath.shepard@kw.com</a></strong></p>
<hr>
<p><em>This page describes how closing costs are allocated in Texas transactions. It is not legal, tax or lending advice. Your lender's Loan Estimate governs loan costs, your title company produces the settlement statement, and a CPA handles the tax treatment of what you paid.</em></p>","","2026-09-17","buying-a-home","https://www.theheathshepardrealestateteam.com/boerne/buying-a-home","what-happens-at-a-texas-closing,who-pays-for-the-survey-in-texas,what-is-title-insurance-in-texas,are-property-taxes-prorated-at-closing-in-texas,what-is-the-third-party-financing-addendum","https://www.trec.texas.gov/sites/default/files/pdf-forms/20-19_4.pdf
https://www.trec.texas.gov/forms/one-four-family-residential-contract-resale
https://www.trec.texas.gov/agency-information/contracts
https://tdi.texas.gov/title/titlerates2026.html
https://www.tdi.texas.gov/title/documents/titlerates2026.pdf
https://www.va.gov/housing-assistance/home-loans/funding-fee-and-closing-costs/
https://kendallad.org/adopted-tax-rates-and-exemptions/","draft"
"Who pays for the survey in a Texas real estate transaction?","who-pays-for-the-survey-in-texas","Who pays for the survey in a Texas real estate transaction?","Who pays for the survey in Texas: it is a negotiated contract term, not law. How the TREC survey paragraph works, the T-47 route, and what happens on acreage.","Who pays for the survey is negotiated in the contract, not set by Texas law. The TREC contract has a paragraph where the parties choose. Custom in much of Texas is that the seller furnishes an existing survey with a T-47 affidavit, and the buyer pays for a new one if the existing survey is not acceptable.","<h2>It is a contract term, not a rule</h2>
<p>No Texas statute assigns the survey cost to either party. Anyone who tells you &quot;the seller always pays for the survey in Texas&quot; is describing a local habit, not the law.</p>
<p>It lives in <strong>Paragraph 6C</strong> of the One to Four Family Residential Contract (Resale), TREC form 20-19. The paragraph opens by requiring that &quot;the survey must be made by a <strong>registered professional land surveyor</strong> acceptable to the Title Company and Buyer's lender(s),&quot; and then gives three options under the printed instruction &quot;<strong>Check one box only</strong>&quot; (<a href=""https://www.trec.texas.gov/sites/default/files/pdf-forms/20-19_4.pdf"">TREC form 20-19, ¶6C</a>).</p>
<p>One box. Not two, not zero. A contract that arrives with ¶6C blank, or with two boxes marked, has a defect in it — and it is the kind that surfaces three weeks later when the title company asks whose survey it is waiting on. This is negotiable in the offer, negotiable in a counter, and changeable afterward on the Amendment to Contract, form 39-11 (<a href=""https://www.trec.texas.gov/agency-information/contracts"">TREC contract forms</a>).</p>
<h2>The three boxes, and what each one commits you to</h2>
<h3>Box (1): seller furnishes the existing survey plus a T-47</h3>
<p>The common one. The seller delivers, within a stated number of days, the survey they already have along with a <strong>T-47 Affidavit or T-47.1 Declaration</strong> — the contract names both forms by name (<a href=""https://www.trec.texas.gov/sites/default/files/pdf-forms/20-19_4.pdf"">TREC form 20-19, ¶6C(1)</a>). The T-47 is notarized; the T-47.1 is signed but not notarized. Both are effective November 1, 2024 (<a href=""https://www.tdi.texas.gov/title/documents/formT-47.pdf"">TDI T-47</a>, <a href=""https://www.tdi.texas.gov/title/documents/form-t-47-1.pdf"">TDI T-47.1</a>).</p>
<p>Box (1) then splits into two separate failure branches, and they are not paid for the same way. This is the part nobody reads until it matters.</p>
<p><strong>Branch A — the seller fails to furnish them.</strong> If the seller does not deliver <strong>both</strong> the existing survey and the affidavit or declaration within the time required, &quot;Buyer shall obtain a new survey <strong>at Seller's expense</strong> no later than 3 days prior to Closing Date.&quot;</p>
<p>Note the word <em>both</em>. A seller who sends the survey but never signs the T-47 has failed the paragraph and is buying a new survey. There is no checkbox on this branch and nothing left to negotiate — the contract already allocated it.</p>
<p><strong>Branch B — the title company or lender will not accept what was furnished.</strong> Different outcome entirely: &quot;If the Title Company or Buyer's lender <strong>does not accept</strong> the existing survey, or the affidavit or declaration, Buyer shall obtain a new survey at [ ] <strong>Seller's</strong> [ ] <strong>Buyer's</strong> expense no later than 3 days prior to Closing Date.&quot;</p>
<p>That is a second checkbox, nested inside box (1), and it decides who pays when the seller did everything right but the survey was simply too old or too incomplete for the title company. It is easy to leave blank because it looks like fine print. It is the most commonly overlooked election in the paragraph, and on a rural tract it is worth real money.</p>
<p>So: seller's fault, seller pays. Nobody's fault, whichever box you checked.</p>
<h3>Box (2): buyer obtains a new survey at buyer's expense</h3>
<p>The buyer orders and pays for a new survey within a stated number of days. Chosen when the seller has no survey, when the existing one is hopeless, or when the buyer wants current boundaries regardless.</p>
<p>It carries a trap the contract states outright: &quot;If Buyer fails to obtain the survey, Buyer <strong>may not terminate</strong> the contract under <strong>Paragraph 2B of the Third Party Financing Addendum</strong> because the survey was not obtained&quot; (<a href=""https://www.trec.texas.gov/sites/default/files/pdf-forms/20-19_4.pdf"">TREC form 20-19, ¶6C(2)</a>).</p>
<p>Read that twice. A buyer who checks box (2), forgets to order the survey, and then has the lender decline the loan for lack of one has forfeited the financing termination right — because the reason the loan died is the buyer's own failure. That buyer is now in a contract with no financing exit and earnest money exposed under ¶15. Electing box (2) means owning a deadline, and it belongs on a calendar the day the contract is executed.</p>
<h3>Box (3): seller furnishes a new survey at seller's expense</h3>
<p>The seller orders and pays for a new survey within a stated number of days. Less common, but a seller on a rural tract may do this before listing precisely so the question never delays a contract.</p>
<h2>The other survey checkbox: ¶6A(8)</h2>
<p>The one most buyers never notice, and it decides whether the title policy actually covers boundary problems.</p>
<p>Paragraph 6A(8) governs the standard printed exception &quot;as to discrepancies, conflicts, shortages in area or boundary lines, encroachments or protrusions, or overlapping improvements.&quot; The election: &quot;(i) <strong>will not be amended or deleted</strong> from the title policy; or (ii) <strong>will be amended to read, 'shortages in area'</strong> at the expense of [ ] Buyer [ ] Seller&quot; (<a href=""https://www.trec.texas.gov/sites/default/files/pdf-forms/20-19_4.pdf"">TREC form 20-19, ¶6A(8)</a>).</p>
<p>Option (i) means the policy excludes every one of those matters. A fence three feet over the line, a neighbor's driveway crossing a corner, a shed built past the setback — none of it is covered.</p>
<p>Option (ii) narrows the exception down to &quot;shortages in area&quot; alone, so encroachments, conflicts, protrusions and overlapping improvements become covered instead of excluded. That is what an acceptable survey plus the T-47 makes possible, and it is the entire point of the exercise.</p>
<p>A buyer who &quot;saved money&quot; by leaving ¶6A(8) on option (i) did not save anything. They absorbed the risk and bought a policy that excludes the thing a survey exists to find.</p>
<p>Texas title insurance premiums are promulgated by the Texas Department of Insurance, so the rate for a given policy amount is the same at every title company in the state; the current schedule is &quot;Texas Title Insurance Premium Rates, Rates Effective March 1, 2026&quot; (<a href=""https://tdi.texas.gov/title/titlerates2026.html"">TDI</a>). Ask the title company handling your file what amending the survey exception costs.</p>
<h2>Whatever the survey shows, the objection clock is already running</h2>
<p>Under ¶6D the buyer must object in writing to defects, exceptions or encumbrances disclosed on the survey by the earlier of the closing date or a stated number of days after receiving the commitment, exception documents and the survey. &quot;Failure to object within the time allowed <strong>will constitute a waiver</strong> of Buyer's right to object,&quot; except that the requirements in Schedule C of the commitment are not waived (<a href=""https://www.trec.texas.gov/sites/default/files/pdf-forms/20-19_4.pdf"">TREC form 20-19, ¶6D</a>).</p>
<p>If the buyer does object in time and the seller does not cure within the <strong>15-day cure period</strong>, the buyer has <strong>5 days after the end of that period</strong> to terminate with the earnest money refunded, or waive. Silence is a waiver.</p>
<p>A survey that finally arrives two days before closing, on a contract where the objection deadline has already run, is a survey the buyer can look at and not much else. That is the real argument for choosing a survey option with a short deadline rather than one that lets the document land at the end.</p>
<h2>What a new survey costs</h2>
<p>Survey pricing is set by the individual surveyor and varies with acreage, terrain, how well the existing corners are marked, and how much record research the tract requires. A quarter-acre lot in a platted subdivision and a twenty-acre tract with a creek and an old fence line are not comparable jobs. Get a quote from a licensed Texas surveyor for the specific property.</p>
<h2>Where this matters most: acreage and the Hill Country</h2>
<p>On a subdivision lot inside a city, the survey question is usually routine. On acreage in Kendall County and the rest of the Hill Country, it is where deals actually get complicated.</p>
<p>The recurring issues:</p>
<ul>
<li><strong>Fence lines that never matched deed lines.</strong> A fence built for convenience decades ago, now treated by everyone as the boundary.</li>
<li><strong>Shared drives and access easements.</strong> Whether the easement is recorded, and whether it covers what people assume it covers.</li>
<li><strong>Well and septic locations.</strong> Setbacks from property lines and from each other matter, and the survey is where you see them.</li>
<li><strong>Informal splits.</strong> A parent tract divided among family without a new plat, leaving a legal description that does not match what is on the ground.</li>
<li><strong>Old surveys.</strong> A twenty-year-old survey on a rural tract is more likely to be genuinely out of date than a twenty-year-old survey on a city lot.</li>
</ul>
<p>Boerne is in <strong>Kendall County</strong>, not Bexar County and not the City of San Antonio, so platting and subdivision requirements are Kendall County's and the City of Boerne's, not San Antonio's. Property inside Boerne's extraterritorial jurisdiction can be subject to city subdivision rules even though it is outside the city limits. The City of Boerne Planning Department is the right place to confirm what applies to a specific tract.</p>
<h2>The practical negotiation</h2>
<p>The survey question is a legitimate lever in an offer, and buyers routinely leave it unused.</p>
<p>A buyer with a strong offer can check box (3) and ask the seller to furnish a new survey. A buyer competing against other offers can take the survey cost off the seller's plate as a concession that costs less than a price reduction. A seller with a clean recent survey and a signed T-47 ready to go has removed a source of friction from every offer they will receive, which is worth something on a rural listing.</p>
<p>Three elections decide the whole question and all three are easy to skip: which ¶6C box, the Seller/Buyer expense box inside ¶6C(1) Branch B, and the ¶6A(8) survey-exception amendment. None of it is automatic. It is whatever gets written into the contract.</p>
<h2>Related questions</h2>
<ul>
<li><a href=""/answers/what-is-a-t-47-affidavit"">What is a T-47 affidavit in Texas?</a></li>
<li><a href=""/answers/who-pays-closing-costs-in-texas"">Who pays closing costs in Texas?</a></li>
<li><a href=""/answers/what-is-a-title-commitment-in-texas"">What is a title commitment in Texas?</a></li>
<li><a href=""/answers/what-is-title-insurance-in-texas"">What is title insurance in Texas?</a></li>
<li><a href=""/answers/what-should-i-know-about-septic-and-wells-in-the-hill-country"">What should I know about septic and wells in the Hill Country?</a></li>
</ul>
<h2>Questions about a specific property?</h2>
<p>Call or text <strong><a href=""tel:+1-830-446-3847"">830-446-3847</a></strong> · Email <strong><a href=""mailto:heath.shepard@kw.com"">heath.shepard@kw.com</a></strong></p>
<hr>
<p><em>This page explains how the survey cost is allocated under the TREC contract. It is not legal advice. Boundaries are determined by a licensed Texas surveyor, and title or easement questions belong with a Texas real estate attorney.</em></p>","","2026-09-17","buying-a-home","https://www.theheathshepardrealestateteam.com/boerne/buying-a-home","what-is-a-t-47-affidavit,who-pays-closing-costs-in-texas,what-is-a-title-commitment-in-texas,what-is-title-insurance-in-texas,what-should-i-know-about-septic-and-wells-in-the-hill-country","https://www.trec.texas.gov/sites/default/files/pdf-forms/20-19_4.pdf
https://www.trec.texas.gov/agency-information/contracts
https://www.trec.texas.gov/forms/one-four-family-residential-contract-resale
https://www.tdi.texas.gov/title/documents/formT-47.pdf
https://www.tdi.texas.gov/title/documents/form-t-47-1.pdf
https://tdi.texas.gov/title/titlerates2026.html","draft"
"Why are homes in Boerne, Texas so expensive?","why-are-homes-in-boerne-so-expensive","Why are homes in Boerne, Texas so expensive?","A $554,983 median as of September 2026, 20.3 percent Kendall County growth, A-rated schools, groundwater limits on supply, and I-10 to San Antonio.","Boerne prices are driven by structural scarcity, not hype. Kendall County grew 20.3 percent from 2020 to 2025 on domestic migration, Boerne ISD has six straight A ratings, Hill Country terrain and groundwater regulation limit how densely land can be developed, and I-10 puts San Antonio jobs 31 miles away.","<h2>About the price number itself</h2>
<p>Public median and average price figures for Boerne vary widely by source, by ZIP code and by month. Zillow's reported average home value for Boerne was roughly <strong>$554,983 as of September 2026</strong> (<a href=""https://www.zillow.com/home-values/8154/boerne-tx/"">Zillow, Boerne home values</a>). That is a third-party estimate produced by a model, not a closed-sale statistic, and it moves. Anyone quoting you a single Boerne median as settled fact is quoting a snapshot. Ask a local agent to pull current MLS sold data for the specific ZIP, price band and property type you are actually shopping.</p>
<p>What does not move month to month is the set of reasons the number is high. Those are below.</p>
<h2>Cause 1: demand is real and it is measurable</h2>
<p><strong>Kendall County grew 20.3 percent between 2020 and 2025</strong>, from an estimated 44,568 to 53,289 residents, and most of that growth came from <strong>domestic migration</strong> — households moving in from elsewhere in the country (<a href=""https://communityimpact.com/san-antonio/boerne-fair-oaks-ranch/government/2026/03/30/kendall-county-population-increases-by-203-from-2020-2025/"">Community Impact</a>).</p>
<p>Domestic in-migration is the specific kind of demand that lifts prices fastest, because in-migrating buyers arrive with equity from a prior sale and are pricing against what they left, not against local wage data. The <strong>City of Boerne's 2020 census count was 18,084</strong>; current city-level figures are estimates (<a href=""https://worldpopulationreview.com/us-cities/texas/boerne"">World Population Review</a>).</p>
<h2>Cause 2: the school district is a price input</h2>
<p><strong>Boerne ISD has earned an &quot;A&quot; rating from the Texas Education Agency for six consecutive years</strong>, including the 2024 and 2025 rating years, scoring <strong>92 points</strong> in 2024–2025 with <strong>20 distinction designations</strong> (<a href=""https://www.boernestar.com/article/11432,boerne-isd-six-straight-years-of-a-ratings"">Boerne Star</a>; <a href=""https://tea.texas.gov/texas-schools/accountability/academic-accountability/performance-reporting/2025-accountability-rating-system"">TEA</a>).</p>
<p>A rating record that long is not a marketing line; it is the thing relocating families sort on before they look at a single listing. It concentrates demand inside district boundaries and pulls price with it. Note that the district rating is not the campus rating — the Boerne Star reported lower grades for Viola Wilson, Currington, Herff and Kendall elementaries in the same cycle.</p>
<h2>Cause 3: supply is constrained by terrain and by water</h2>
<p>This is the part that outsiders miss. Hill Country land does not subdivide like flat coastal prairie. Slope, rock, floodplain along the creeks, and the cost of running utilities up and across grade all cut the number of finished lots you get out of a given tract.</p>
<p>Water compounds it. Boerne's drinking water comes from three sources — <strong>Canyon Lake surface water purchased through the Guadalupe-Blanco River Authority, Boerne City Lake, and local wells in the Trinity Group aquifers</strong> (<a href=""https://www.ci.boerne.tx.us/FAQ.aspx?QID=315"">City of Boerne</a>). Groundwater across Kendall County is regulated by the <strong>Cow Creek Groundwater Conservation District</strong>, which sets drought stages and pumping rules using roughly 42 monitor wells, stream gauges on Cibolo Creek and the Guadalupe River, and more than 100 rain gauge sites (<a href=""https://ccgcd.org/"">Cow Creek GCD</a>).</p>
<p>A development that cannot document water cannot get built at the density its pro forma assumed. Constrained new supply plus measurable in-migration is the whole price story in one sentence.</p>
<h2>Cause 4: I-10 makes it commutable</h2>
<p>Boerne sits roughly <strong>31 miles northwest of San Antonio on Interstate 10</strong>, a 30-to-45-minute drive to downtown depending on traffic (<a href=""https://www.city-data.com/city/Boerne-Texas.html"">City-Data</a>). That is close enough to hold a San Antonio job and far enough to be a genuinely different place. Towns with that combination — real separation, real access — price at a premium over towns with only one of the two.</p>
<h2>What the price does not include: the tax bill</h2>
<p>The 2025 adopted rates for a home inside the city limits in Boerne ISD, per $100 of taxable value:</p>
<ul>
<li><strong>Boerne ISD: 1.0109</strong> — 0.6969 M&amp;O plus 0.3140 debt (<a href=""https://www.co.kendall.tx.us/295/Boerne-ISD"">Kendall County</a>)</li>
<li><strong>City of Boerne: 0.4716</strong> (<a href=""https://www.kendallcountytx.gov/297/Boerne-City-of"">Kendall County</a>)</li>
<li><strong>Kendall County: 0.377</strong> — 0.317976 M&amp;O plus 0.059024 debt (<a href=""https://www.co.kendall.tx.us/306/Kendall-County"">Kendall County</a>)</li>
</ul>
<p>Any special district on the parcel — a MUD, the WCID, the groundwater district — adds its own line; pull the entity list for your specific parcel from <a href=""https://kendallad.org/adopted-tax-rates-and-exemptions/"">Kendall Appraisal District</a>. Texas reappraises at market value annually, so a rising Boerne market raises your bill, not just your equity — the 10 percent homestead cap limits the annual increase in net appraised value only after a homestead exemption is in place.</p>
<p>The failure mode: a buyer qualifies on a payment built from the seller's current tax bill, which may reflect an exemption the buyer does not yet have, or a valuation set before the last run-up. Ask a <strong>lender</strong> to underwrite the payment using a full, unexempted valuation, and ask <strong>Kendall Appraisal District</strong> what will apply to you.</p>
<h2>Is it overpriced, or just priced?</h2>
<p>Those are different questions. Overpriced means the number is unsupported by fundamentals. Boerne's number is supported by fundamentals — in-migration, schools, constrained buildable supply, highway access — that would each take years to reverse. That does not make any individual listing correctly priced. Individual houses are mispriced in both directions every week, and that is what comparable sales analysis is for.</p>
<h2>Related questions</h2>
<ul>
<li><a href=""/answers/is-boerne-texas-growing"">Is Boerne, Texas growing?</a></li>
<li><a href=""/answers/is-boerne-a-good-real-estate-investment"">Is Boerne, Texas a good real estate investment?</a></li>
<li><a href=""/answers/what-are-property-taxes-like-in-boerne"">What are property taxes like in Boerne, Texas?</a></li>
<li><a href=""/answers/are-boerne-isd-schools-good"">Are Boerne ISD schools good?</a></li>
<li><a href=""/answers/boerne-vs-fair-oaks-ranch-vs-bulverde"">Boerne vs. Fair Oaks Ranch vs. Bulverde: which should I buy in?</a></li>
</ul>
<h2>Questions about a specific property?</h2>
<p>Call or text <strong><a href=""tel:+1-830-446-3847"">830-446-3847</a></strong> · Email <strong><a href=""mailto:heath.shepard@kw.com"">heath.shepard@kw.com</a></strong></p>
<hr>
<p><em>Price estimates cited here are third-party figures that change monthly and are not an appraisal. This page is not legal, tax or investment advice — talk with a lender about payment math, a CPA about tax treatment, and Kendall Appraisal District about valuations and exemptions.</em></p>","","2026-09-17","real-estate-market","https://www.theheathshepardrealestateteam.com/boerne/real-estate-market","is-boerne-texas-growing,is-boerne-a-good-real-estate-investment,what-are-property-taxes-like-in-boerne,are-boerne-isd-schools-good,boerne-vs-fair-oaks-ranch-vs-bulverde","https://communityimpact.com/san-antonio/boerne-fair-oaks-ranch/government/2026/03/30/kendall-county-population-increases-by-203-from-2020-2025/
https://www.boernestar.com/article/11432,boerne-isd-six-straight-years-of-a-ratings
https://tea.texas.gov/texas-schools/accountability/academic-accountability/performance-reporting/2025-accountability-rating-system
https://ccgcd.org/
https://www.ci.boerne.tx.us/FAQ.aspx?QID=315
https://www.city-data.com/city/Boerne-Texas.html
https://www.co.kendall.tx.us/295/Boerne-ISD
https://www.kendallcountytx.gov/297/Boerne-City-of
https://www.co.kendall.tx.us/306/Kendall-County
https://kendallad.org/adopted-tax-rates-and-exemptions/
https://www.zillow.com/home-values/8154/boerne-tx/
https://worldpopulationreview.com/us-cities/texas/boerne","draft"
"Why did my Texas property taxes go up?","why-did-my-texas-property-taxes-go-up","Why did my Texas property taxes go up?","Four causes: a higher appraisal, one entity's rate change in a 1.8595 combined stack, a missing exemption, or the homestead cap resetting after a sale.","Your tax bill is appraised value times the combined rate of every taxing unit that covers your property, minus exemptions. It rises when the appraisal rises, when any single entity raises its rate, when an exemption is lost or was never filed, or when the 10 percent homestead cap resets to market value after a sale.","<h2>The formula, and why it matters that there are two sides</h2>
<p>A Texas property tax bill is:</p>
<p><strong>(appraised value − exemptions) ÷ 100 × tax rate</strong>, calculated separately for every taxing unit that covers the parcel, then added up.</p>
<p>Two different sets of people control the two halves. The <strong>appraisal district</strong> sets value and administers exemptions. <strong>Each taxing unit's own elected board</strong> sets its rate — the school board, the city council, the commissioners court, the MUD board. Neither one sees the whole bill before it goes out.</p>
<p>That is why a bill can rise in a year when everyone involved says they did not raise taxes. The district raised the value. The entities kept their rates flat. The bill went up anyway.</p>
<h2>Your bill is not one tax — it is a stack</h2>
<p>Here is what that stack actually looks like for a home inside Boerne city limits, using adopted rates per $100 of taxable value:</p>
<table>
<thead>
<tr>
<th>Taxing unit</th>
<th>2025 rate</th>
<th>Prior years</th>
</tr>
</thead>
<tbody>
<tr>
<td>Boerne ISD</td>
<td><strong>1.0109</strong> (M&amp;O 0.6969 + debt 0.3140)</td>
<td>0.9909 (2024), 0.9932 (2023), 1.1786 (2022), 1.2046 (2021)</td>
</tr>
<tr>
<td>City of Boerne</td>
<td><strong>0.4716</strong></td>
<td>0.4716 (2024), 0.4766 (2023), 0.4510 (2022)</td>
</tr>
<tr>
<td>Kendall County</td>
<td><strong>0.377</strong> (M&amp;O 0.317976 + debt 0.059024)</td>
<td>0.3827 (2024), 0.38270 (2023), 0.38770 (2022), 0.412700 (2021)</td>
</tr>
</tbody>
</table>
<p>Sources: <a href=""https://www.co.kendall.tx.us/295/Boerne-ISD"">Boerne ISD rates</a>, <a href=""https://www.kendallcountytx.gov/297/Boerne-City-of"">City of Boerne rates</a>, <a href=""https://www.co.kendall.tx.us/306/Kendall-County"">Kendall County rates</a>.</p>
<p>That is <strong>1.8595 per $100</strong> for 2025 across those three entities, before any MUD, water district or groundwater district that may also appear on a given parcel's bill. Kendall Appraisal District lists <strong>Kendall County MUD, Miralomas MUD, Cow Creek Groundwater Conservation District and Kendall County WCID #1</strong> among the entities that show up on bills in the county (<a href=""https://kendallad.org/adopted-tax-rates-and-exemptions/"">Kendall AD</a>).</p>
<p>Two things to read out of that table. First, the school district is more than half the bill, which is why the state's school exemption changes move more money than anything a city does. Second, <strong>rates have generally been flat or falling</strong> here in recent years. Kendall County adopted <strong>0.373 for 2026</strong>, down from 0.377 (<a href=""https://www.co.kendall.tx.us/306/Kendall-County"">Kendall County</a>), and the 2025 rate of 0.377 was itself adopted against a posted no-new-revenue rate of 0.373981 and was a decrease from 2024, approved at the August 26, 2025 Commissioners Court meeting (<a href=""https://communityimpact.com/san-antonio/boerne-fair-oaks-ranch/government/2025/08/27/kendall-county-commissioners-approve-tax-rate-decrease/"">Community Impact</a>).</p>
<p>Falling rates and rising bills are not a contradiction. They are what happens when value climbs faster than rates fall.</p>
<p>Property in <strong>unincorporated Kendall County</strong> does not pay the City of Boerne line at all, and property in the <strong>Comfort ISD</strong> boundary pays that district instead of Boerne ISD — <strong>0.9328 for 2025</strong> (<a href=""https://www.kendallcountytx.gov/300/Kendall-County"">Kendall County</a>). Which lines are on your bill is a function of where the parcel sits, not what your mailing address says.</p>
<h2>Reason 1: the appraisal went up</h2>
<p>The most common cause. Texas property is reappraised at market value, and Kendall County grew <strong>20.3% between 2020 and 2025</strong>. Rising sale prices in a neighborhood become rising appraised values on the tax roll.</p>
<p>If you think the district got your value wrong, the remedy is a protest — due <strong>May 15, or 30 days after the district mails your notice of appraised value, whichever is later</strong> (<a href=""https://comptroller.texas.gov/taxes/property-tax/protests/"">Texas Comptroller</a>).</p>
<h2>Reason 2: one entity raised its rate</h2>
<p>You do not need every entity to raise rates to feel it. The school district is the largest share, so a swing there dominates. But a MUD, a water control and improvement district, or a bond issue with new debt service can add a line that was not there before or grow one that was small.</p>
<p>Read the bill line by line and find which entity actually changed. Then take the complaint to that entity's board, not to the appraisal district — the review board cannot lower a rate.</p>
<h2>Reason 3: an exemption is missing</h2>
<p>This one is quiet and expensive. Check the notice of appraised value for the exemptions you expect to see.</p>
<p>Exemptions that commonly fail to post:</p>
<ul>
<li>A <strong>homestead exemption that was never filed</strong> after a purchase or a move. It is not automatic.</li>
<li>A homestead exemption <strong>lost in a transfer</strong> — into a trust or an LLC, after a death, after adding or removing an owner.</li>
<li>An <strong>age-65 or disability exemption</strong> the owner became eligible for and never applied for. That is an additional <strong>$60,000</strong> from the school district on top of the general exemption, plus a school tax ceiling (<a href=""https://comptroller.texas.gov/taxes/property-tax/exemptions/"">Texas Comptroller</a>).</li>
<li>A <strong>disabled veteran exemption</strong> after a rating change the district was never told about.</li>
</ul>
<p>For 2026 the mandatory school district homestead exemption is <strong>$140,000</strong>, raised from $100,000 by <strong>Proposition 13</strong>, approved by voters in <strong>November 2025</strong> and implemented through <strong>SB 4, 89th Legislature</strong> (<a href=""https://comptroller.texas.gov/taxes/property-tax/exemptions/"">Texas Comptroller</a>). A homesteaded property in Boerne ISD gets $140,000 off the value the school district taxes. On a $500,000 appraisal, that is $360,000 taxable, and at the 2025 Boerne ISD rate of 1.0109 the school line runs roughly <strong>$3,639</strong>. Without the exemption on that same appraisal, the school line is about <strong>$5,055</strong>. The city and county lines depend on what local option exemptions those entities adopted, which is published by the <a href=""https://kendallad.org/adopted-tax-rates-and-exemptions/"">appraisal district</a>.</p>
<h2>Reason 4: you just bought the house, and the cap reset</h2>
<p>This is the biggest shock, and it is completely predictable.</p>
<p>A property with a homestead exemption is protected by the <strong>10% cap</strong> on annual increases in net appraised value. An owner who held a home through several years of Hill Country appreciation can be taxed on a value far below what the home would sell for. The gap builds quietly.</p>
<p>When the property sells, that protection does not transfer with it. The new owner is looking at a fresh appraisal at market value — often the price just paid — and has to file their own homestead exemption, which requires having <strong>owned and occupied the home as a principal residence on January 1</strong> (<a href=""https://comptroller.texas.gov/taxes/property-tax/exemptions/"">Texas Comptroller</a>).</p>
<p>So the prior owner's tax bill, the one shown in the listing or on the county site, is not a forecast of yours. It is a record of somebody else's capped value and somebody else's exemptions. A buyer budgeting from it will be short, and if taxes are escrowed, the shortfall arrives later as a lender escrow analysis and a payment increase. That call is one of the most common post-closing surprises in Texas.</p>
<h2>Reason 5 (investors): the circuit breaker is temporary</h2>
<p>Non-homestead real property has its own limit. Under <strong>Tax Code §23.231</strong>, appraised value increases on qualifying non-homestead real property at or below a threshold are capped at <strong>20%</strong> per year. The threshold is <strong>indexed annually</strong> — confirm the current figure with your appraisal district rather than relying on a published number.</p>
<p>It was created by <strong>SB 2 (2023)</strong> as a pilot for tax years <strong>2024, 2025 and 2026</strong>, and it <strong>expires after the 2026 tax year</strong> unless the Legislature renews it. No application is required; the appraisal district applies it automatically, and the owner must have held the property for at least one full calendar year to qualify (<a href=""https://traviscad.org/circuitbreaker"">Travis Central Appraisal District</a>).</p>
<p>Any investor underwriting a Texas rental past 2026 should model the possibility that this cap is not there. It is a scheduled expiration, not a rumor.</p>
<h2>Boerne is in Kendall County</h2>
<p>Worth stating because it changes every answer above: Boerne is the county seat of <strong>Kendall County</strong>. It is not in Bexar County and not in the City of San Antonio. Your rates are Kendall County's, your appraisal district is <strong>Kendall Appraisal District</strong>, and San Antonio and Bexar County figures do not describe your bill.</p>
<h2>What to do with a bill that jumped</h2>
<ol>
<li>Pull the bill and identify <strong>which line</strong> moved. Value, rate, or exemption.</li>
<li>Compare the notice of appraised value with last year's. Look at both market value and net appraised value — they can move differently when the cap is holding.</li>
<li>Confirm every exemption you are entitled to is showing.</li>
<li>If the value is wrong, protest by the deadline.</li>
<li>If a rate moved, take it to that entity's board and its budget hearings.</li>
</ol>
<p>Values and exemptions are determined by the appraisal district. Rates are set by each taxing unit. For the tax consequences of any of it, talk with a CPA, and take deed, trust or ownership-structure questions to a Texas real estate attorney.</p>
<h2>Related questions</h2>
<ul>
<li><a href=""/answers/what-is-the-10-percent-homestead-cap-in-texas"">What is the 10 percent homestead cap in Texas?</a></li>
<li><a href=""/answers/how-do-i-protest-my-property-taxes-in-texas"">How do I protest my property taxes in Texas?</a></li>
<li><a href=""/answers/what-is-the-texas-homestead-exemption"">What is the Texas homestead exemption in 2026?</a></li>
<li><a href=""/answers/what-are-property-taxes-like-in-boerne"">What are property taxes like in Boerne?</a></li>
<li><a href=""/answers/how-do-i-file-for-a-homestead-exemption-in-kendall-county"">How do I file for a homestead exemption in Kendall County, Texas?</a></li>
</ul>
<h2>Questions about a specific property?</h2>
<p>Call or text <strong><a href=""tel:+1-830-446-3847"">830-446-3847</a></strong> · Email <strong><a href=""mailto:heath.shepard@kw.com"">heath.shepard@kw.com</a></strong></p>
<hr>
<p><em>This page explains how a Texas property tax bill is calculated. It is not tax or legal advice. Values and exemptions are determined by your appraisal district, rates are set by each taxing unit, and tax consequences should go to a CPA.</em></p>","","2026-09-17","property-taxes","https://www.theheathshepardrealestateteam.com/boerne/property-taxes","what-is-the-10-percent-homestead-cap-in-texas,how-do-i-protest-my-property-taxes-in-texas,what-is-the-texas-homestead-exemption,what-are-property-taxes-like-in-boerne,how-do-i-file-for-a-homestead-exemption-in-kendall-county","https://www.co.kendall.tx.us/306/Kendall-County
https://www.co.kendall.tx.us/295/Boerne-ISD
https://www.kendallcountytx.gov/297/Boerne-City-of
https://www.kendallcountytx.gov/300/Kendall-County
https://comptroller.texas.gov/taxes/property-tax/exemptions/
https://comptroller.texas.gov/taxes/property-tax/protests/
https://traviscad.org/circuitbreaker
https://communityimpact.com/san-antonio/boerne-fair-oaks-ranch/government/2025/08/27/kendall-county-commissioners-approve-tax-rate-decrease/
https://kendallad.org/adopted-tax-rates-and-exemptions/","draft"
