"title","slug","metaTitle","metaDescription","summary","body","heroImage","heroImageAlt","datePublished","dateModified","pageType","faqJson","relatedNeighborhoods","relatedAnswers","wordCount","status"
"The Boerne, Texas Real Estate Market","real-estate-market","Boerne TX Real Estate Market: Prices, Inventory and What Actually Drives Value","Boerne TX real estate: median sale price, inventory, tax rates and the city-limits line that moves a tax bill by $2,800 a year. Local agent analysis.","Boerne's median sale price is about $602,600, up 3.0% year over year, with 308 active listings against 832 trailing-twelve-month closings — roughly 4.4 months of inventory (SABOR MLS, September 2026). The biggest value driver is jurisdiction: inside city limits the combined 2025 tax rate is 1.8645 versus 1.3929 unincorporated, about $2,840 a year.","<p>Most market reports about Boerne are wrong before the first paragraph ends, because they treat &quot;Boerne&quot; as one place. It isn't. A Boerne mailing address can put you inside a city with its own electric utility, a dark-sky lighting code and a 1.86 combined tax rate — or seven miles up a county road with a well, a septic system, no zoning of any kind, and a 1.39 rate. Same school district. Same zip. A difference of roughly $2,800 a year in property tax on a median-priced house.</p>
<p>That distinction is the single most important thing to understand about this market, and it drives almost everything below.</p>
<h2>Where the market sits right now</h2>
<p>As of September 2026, per SABOR MLS:</p>
<table>
<thead>
<tr>
<th>Metric</th>
<th>Figure</th>
</tr>
</thead>
<tbody>
<tr>
<td>Active listings</td>
<td>308</td>
</tr>
<tr>
<td>Closed sales, trailing 12 months</td>
<td>832</td>
</tr>
<tr>
<td>Median sale price</td>
<td>~$602,600</td>
</tr>
<tr>
<td>Year-over-year appreciation</td>
<td>+3.0%</td>
</tr>
</tbody>
</table>
<p>Run the absorption math and you get roughly 69 sales a month against 308 actives — about <strong>4.4 months of inventory</strong>. That is a market that has stopped being a seller's market without becoming a buyer's market. Six months is the traditional balance point; under three months sellers dictate terms. At 4.4 months, Boerne is in the zone where a correctly priced, well-prepared house still sells in a normal window and an overpriced one sits until it gets stale and takes a discount.</p>
<p>The +3.0% year-over-year number is the one people misread. After the 2020-2022 run, 3% feels like a stall. It isn't a stall — it is the market reverting to something close to its long-run behavior. What it does mean is that appreciation is no longer covering your cost of sale. At a 6% total cost to sell, a 3% annual gain means a two-year hold is roughly break-even. Short holds don't work here right now. Plan on five years or don't buy.</p>
<h2>Why the median is $602,600 and what that number hides</h2>
<p>A median above $600,000 in a Texas town of about 24,000 people surprises out-of-state buyers. Two things explain it.</p>
<p>First, the land. Kendall County's 2025 certified appraisal roll shows $1.98 billion in agricultural market value inside Boerne ISD alone, appraised at just $9.2 million under productivity valuation — a <strong>$1.97 billion productivity loss</strong> (Kendall Appraisal District, 2025 Certified Totals, as of Supplement 47, December 3, 2025). That is a county where a very large share of the ground is still ranch land carrying an ag valuation. Ranch land converts to residential acreage slowly, and every conversion prices off Hill Country land comps, not subdivision comps.</p>
<p>Second, the mix. Boerne ISD covers 24,924 taxable property accounts with a total market value of $14.74 billion. The City of Boerne accounts for only 9,157 of those accounts. <strong>Roughly two-thirds of the taxable property in this school district sits outside city limits</strong> (Kendall Appraisal District, 2025 Certified Totals). Acreage properties, custom builds on one to ten acres, and gated ranch developments pull the median up in a way a purely municipal market never would.</p>
<p>So &quot;the Boerne market&quot; is really three markets stacked on top of each other: in-town historic and infill, production and semi-custom subdivisions in the growth corridor along I-10, and acreage. They move at different speeds and they do not comp against each other. If somebody hands you a single price-per-square-foot number for Boerne, they are averaging a 1920s cottage on Main Street with a 2,000-foot ranch house on twelve acres. That number is noise.</p>
<h2>The growth driver: people, not speculation</h2>
<p>Kendall County's population was estimated at 53,289 in 2025, up 20.3% from 2020 (Community Impact, March 30, 2026, citing Census Bureau estimates). The City of Boerne was estimated at 24,047 as of July 2025. The county consistently ranks among the fastest-growing in Texas by percentage, and the dominant component is domestic in-migration — people moving here, not births.</p>
<p>Domestic in-migration is a more durable demand source than investor speculation, and it behaves differently. It is less rate-sensitive at the margin because the buyer is moving for a reason that isn't financial — a job, a school district, a parent, a retirement plan. It also means your competition as a seller is not just the other listings; it is the buyer's alternative of renting for a year while they figure the area out.</p>
<h2>What actually drives value in Boerne</h2>
<h3>1. Boerne ISD</h3>
<p>Boerne ISD earned an <strong>A rating with an overall score of 92</strong> in the Texas Education Agency accountability ratings released in August 2026, covering the 2025-26 school year — the district's seventh consecutive A. Domain scores were 93 in Student Achievement, 83 in School Progress and 90 in Closing the Gaps, with a 99.2% graduation rate (Boerne Star, August 19, 2026).</p>
<p>That rating is the demand engine. It is why a family in a good Bexar County district will still pay a premium to cross the county line. It is also why the western and northern parts of Kendall County — which are served by <strong>Comfort ISD</strong>, not Boerne ISD — price differently. Comfort ISD's 2025 adopted rate was $0.9328 versus Boerne ISD's $1.0109 (Kendall Appraisal District), so the tax is lower, but the school-driven demand premium is not there in the same way. Buyers conflate &quot;Boerne address&quot; with &quot;Boerne ISD&quot; constantly. Verify the district before you write an offer.</p>
<h3>2. The city-limits line</h3>
<p>Adopted rates for tax year 2025, per Kendall Appraisal District:</p>
<table>
<thead>
<tr>
<th>Entity</th>
<th>Rate per $100</th>
</tr>
</thead>
<tbody>
<tr>
<td>Boerne ISD</td>
<td>1.0109</td>
</tr>
<tr>
<td>City of Boerne</td>
<td>0.4716</td>
</tr>
<tr>
<td>Kendall County</td>
<td>0.3770</td>
</tr>
<tr>
<td>Cow Creek Groundwater Conservation District</td>
<td>0.0050</td>
</tr>
</tbody>
</table>
<p>Combined, a house inside Boerne city limits in Boerne ISD pays <strong>1.8645</strong>. The same house in unincorporated Kendall County in Boerne ISD pays <strong>1.3929</strong>. On the $602,600 median, that difference is $2,841.86 a year — about $237 a month of escrow, before you touch the loan.</p>
<p>You do not get that for free. Outside the city you are on a well or a shared water system and a septic system, you have no municipal electric or gas, and you have no city inspection backing the house. Inside the city you get Boerne Utilities — the city operates its own electric, natural gas, water, wastewater, stormwater and reclaimed water systems — plus trash, plus a building department. That is a real trade, not a loophole.</p>
<h3>3. Municipal utility districts</h3>
<p>Two MUDs sit inside Kendall County and they are not small additions. Kendall County MUD #1 adds <strong>0.65</strong> to the rate; Miralomas MUD adds <strong>1.00</strong> (Kendall Appraisal District, 2025). A house in Miralomas MUD carries a combined 2.3929 rate — on a $602,600 home with a homestead exemption that is roughly $13,000 a year in property tax versus about $6,978 for the same house in unincorporated Kendall County with no MUD.</p>
<p>MUD disclosure is required in Texas, and it is delivered — but buyers routinely sign it without doing the math. Do the math. A 1.00 MUD rate on a $700,000 house is $7,000 a year, which is roughly $1,100 a month of purchasing power at current rates.</p>
<h3>4. Water</h3>
<p>Kendall County sits in the Hill Country Priority Groundwater Management Area, and the Cow Creek Groundwater Conservation District was created by county voters in November 2002 to manage the Trinity Aquifer (Cow Creek GCD). Outside the city, water is a diligence item on par with the foundation. Well depth, yield, recent drought performance, whether the well is registered, and what the district's drought stage rules do to permitted users are all real questions with real answers. On acreage, &quot;there's a well&quot; is not a finding. Get the yield test.</p>
<h3>5. No county zoning</h3>
<p>The Kendall County Engineer's office states plainly that the county &quot;does not regulate land use and has not adopted zoning regulations in the unincorporated areas of the County,&quot; and that the county &quot;has not adopted building codes for single family residential developments&quot; (Kendall County Engineer verification letter, March 4, 2026). The county does permit driveways, work in county right-of-way, outdoor lighting, on-site sewage facilities, floodplain development and site improvements, and it has adopted a Fire Code administered by the Fire Marshal.</p>
<p>Two consequences. One, your protection against what gets built next door is the subdivision's deed restrictions and HOA — nothing else. Read them before you buy, and read them for what they <em>don't</em> prohibit. Two, a house built outside the city was not inspected by a municipal building department. Your third-party inspection is doing all of the work. Do not waive it on a country property. Ever.</p>
<h2>Where I think this market goes</h2>
<p>I won't forecast prices. Anyone who does is guessing. But three things are structurally true and worth planning around.</p>
<p>Supply is constrained by more than builder appetite. Septic feasibility, well yield, floodplain along Cibolo Creek and its tributaries, and the sheer cost of extending city utilities all cap how fast lots come online. That is a different constraint than a flat metro market with land in every direction.</p>
<p>Demand is driven by in-migration and a school rating, both of which are slow-moving. Neither turns off in a quarter.</p>
<p>And the tax picture is not static. Boerne ISD passed a voter-approval tax rate election on November 4, 2025, canvassed November 18, generating about $4.8 million — $3 million local, $1.8 million state — with more than 80% going to compensation, including raising the teacher minimum starting salary from $55,142 to $60,000 (Community Impact, November 18, 2025). A fast-growth district with rising enrollment will keep coming back to voters. Underwrite your tax escrow with that in mind rather than assuming today's rate is permanent.</p>
<h2>Read next</h2>
<ul>
<li><strong><a href=""/boerne/buying-a-home"">Buying a Home in Boerne, TX</a></strong> — the process, timeline, and what's different from a San Antonio purchase</li>
<li><strong><a href=""/boerne/property-taxes"">Boerne Property Taxes Explained</a></strong> — every rate, every exemption, the actual math</li>
<li><strong><a href=""/boerne/vs-san-antonio"">Boerne vs. San Antonio</a></strong> — the honest comparison, including the cases where San Antonio wins</li>
</ul>
<hr>
<p><strong>Working through a Boerne move?</strong> Send me the address you're looking at and I'll tell you the school zone, the exact combined tax rate for that parcel, whether it's in a MUD, and whether it's city water or a well — before you spend a Saturday driving out. That's a ten-minute answer for me and a week of guessing for you.</p>
<p>Call or text <strong><a href=""tel:+1-830-446-3847"">830-446-3847</a></strong> · Email <strong><a href=""mailto:heath.shepard@kw.com"">heath.shepard@kw.com</a></strong></p>
<p><em>Heath Shepard, REALTOR — Keller Williams, Boerne and San Antonio. Eleven years in Texas real estate, with a background in land development.</em></p>","","","","","guide","","","","1759","draft"
"Buying a Home in Boerne, TX","buying-a-home","Buying a Home in Boerne, TX: Process, Timeline and Local Traps","How buying in Boerne differs from San Antonio: wells, septic, no county zoning, MUD rates, and the diligence that actually matters. From a local agent.","The contract mechanics match any Texas purchase; the diligence does not. Before touring, verify four things: city limits or unincorporated (1.8645 versus 1.3929 combined 2025 rate), MUD status, Boerne ISD versus Comfort ISD, and the deed restrictions. Kendall County has no zoning and no residential building code, so well, septic and inspection carry the whole load.","<p>The mechanics of a Texas purchase are the same in Boerne as anywhere else in the state: TREC contract, option period, third-party financing addendum, title commitment, survey, closing at a title company. If you've bought in Texas before, none of that will surprise you.</p>
<p>What's different is the diligence. In San Antonio, the systems question is &quot;does the AC work.&quot; In Kendall County, outside the city, the systems question includes &quot;where does the water come from, where does the sewage go, and who inspected any of this.&quot; That is where Boerne purchases go wrong, and it is almost always a diligence failure rather than a negotiation failure.</p>
<h2>Step one, before you tour anything: figure out which Boerne you're buying</h2>
<p>Do this before you fall in love with a listing. There are four questions and they change the price of ownership by thousands a year.</p>
<p><strong>1. Is it inside Boerne city limits?</strong>
Inside, the combined 2025 tax rate for a Boerne ISD property is 1.8645 per $100. Outside, in unincorporated Kendall County, it's 1.3929 (Kendall Appraisal District, 2025 adopted rates). On a $600,000 house that is about $2,830 a year. Inside the city you also get Boerne Utilities — city electric, natural gas, water, wastewater, stormwater and reclaimed water — and a building department. Outside you get well, septic, and an electric cooperative.</p>
<p><strong>2. Is it in a MUD?</strong>
Kendall County MUD #1 adds 0.65 to the rate. Miralomas MUD adds 1.00. That is not a rounding error — a 1.00 MUD rate on a $700,000 home is $7,000 a year. Texas requires MUD notice, and you will get it, but get it early enough to matter rather than on the day you sign.</p>
<p><strong>3. Is it Boerne ISD or Comfort ISD?</strong>
A Boerne mailing address does not guarantee Boerne ISD. The western and northern reaches of Kendall County are Comfort ISD. Boerne ISD's own guidance is that &quot;homes located near the school district boundary lines must be verified by the Administrative Services Department&quot; — the district's InfoFinder tool plus a phone call to Administrative Services at (830) 357-2011 is the only answer I trust. Not the listing. Not Zillow. Not the seller.</p>
<p><strong>4. Is there an HOA, and what do its restrictions actually say?</strong>
This matters more in Kendall County than it does in a city, because outside the municipal limits the deed restrictions are the <em>only</em> land-use control. Kendall County's own County Engineer states the county &quot;does not regulate land use and has not adopted zoning regulations in the unincorporated areas&quot; (Kendall County Engineer verification letter, March 4, 2026). If the restrictions don't prohibit it, it can be built next to you.</p>
<h2>The country-property diligence list</h2>
<p>This is the part that separates a Boerne buyer's agent from someone who works the whole metro and lands here twice a year.</p>
<h3>Water</h3>
<p>If it's a well, you need three things: a yield test, a bacteriological and chemical water test, and the well's registration status with the Cow Creek Groundwater Conservation District. Kendall County sits inside the Hill Country Priority Groundwater Management Area, and Cow Creek GCD was created by county voters in 2002 specifically to manage Trinity Aquifer withdrawal.</p>
<p>The failure mode is a well that produces fine in March and struggles in August. Ask the seller for their pump records and ask the neighbors what happened in the last drought — neighbors are a better data source than any document on this particular question. If it's a shared well, the shared-well agreement needs to be read line by line: who pays for the pump, what happens when it fails, and what the remedy is if the other party won't pay.</p>
<p>If it's a water supply corporation or a WCID, get the connection fee and the monthly rate in writing before the option period ends.</p>
<h3>Septic (OSSF)</h3>
<p>Kendall County permits on-site sewage facilities, and the county's permitting authority approves or denies an application within 30 days of receipt (Kendall County). For an existing system, you want the permit on file, the design, the last pump-out record, and a dedicated septic inspection — not the general home inspector's five-minute look. Aerobic systems have maintenance contracts that transfer or lapse at closing; find out which.</p>
<p>For vacant land, the entire deal hinges on whether a system can be permitted at all. Soil, slope and setbacks decide that, and the answer requires a licensed site evaluator. Make the contract contingent on it.</p>
<h3>The house itself</h3>
<p>Kendall County &quot;has not adopted building codes for single family residential developments&quot; (County Engineer, March 2026). The county has adopted a Fire Code, administered by the Fire Marshal, and issues Certificates of Compliance and Occupancy for certain multi-family and non-residential development — but a single-family house built outside the city was not inspected by a municipal building department.</p>
<p>Your third-party inspection is the entire quality-control system on that house. Use a good inspector, be present, and budget for specialists: foundation, roof, septic, well, and — on older Hill Country homes — a look at the electrical service if there's any knob-and-tube or an early Federal Pacific panel.</p>
<h3>Floodplain and drainage</h3>
<p>Cibolo Creek and its tributaries have produced significant flooding in the Boerne area repeatedly. Flood zone designation varies parcel by parcel, sometimes within the same subdivision, and the FEMA FIRM panel for the exact parcel is the only reliable source. Texas seller's disclosure requires disclosure of known flooding and certain floodplain status, and I read that section carefully on every Boerne contract.</p>
<p>Two additional notes. FEMA maps do not capture every risk in Central Texas — flash flooding happens outside mapped zones routinely. And on acreage, ask where the low-water crossing is between the house and the highway. A property that is dry but unreachable eight times a year is a real problem that no map will tell you about.</p>
<h3>Access and easements</h3>
<p>On rural tracts, confirm legal access, not just a gravel road that has always been there. The survey and the title commitment's Schedule B are where this lives. Pipeline easements, utility easements and shared driveway arrangements all show up here. Order a new survey — an old one that predates a fence line, a pond or an outbuilding will cost you more in a title fight than the survey saved.</p>
<h3>Outdoor lighting</h3>
<p>Kendall County requires a permit prior to installing any outdoor lights, and regulated outdoor lighting must use International Dark-Sky Association compliant products. The City of Boerne has its own dark-sky regulations in its Unified Development Code. If you're planning arena lights, a lit sport court or extensive landscape lighting, check before you budget for it.</p>
<h2>Timeline</h2>
<p>A typical financed Boerne purchase runs 30 to 45 days from executed contract to funding. The pieces:</p>
<ul>
<li><strong>Option period</strong>: negotiated, commonly 7 to 10 days. On a country property I push for longer, because you are stacking a general inspection, a septic inspection, a well test and sometimes a structural engineer inside that window, and rural inspectors book out further than city ones.</li>
<li><strong>Earnest money and option fee</strong>: delivered per the contract's timelines. Texas contract deadlines are strict and the clock does not care about weekends or holidays.</li>
<li><strong>Survey</strong>: order it the day the option period starts, not the day before closing. Rural surveys take longer.</li>
<li><strong>Appraisal</strong>: acreage and custom homes appraise slower and with more variance, because the comparable set is thin. An appraiser working from a San Antonio comp pool will get an acreage property wrong. Ask your lender to order a local appraiser.</li>
<li><strong>Title</strong>: Schedule B review is a real step here, not a formality.</li>
</ul>
<p>One timing note that costs people money: if your contract executes on a Wednesday, Thursday or Friday, your option period is running while the title company is closed for part of it. Under a short option, that can leave you delivering an option fee or terminating on a day when nobody is available to help. Push execution to earlier in the week when you can, or negotiate a longer option.</p>
<h2>Financing considerations specific to this market</h2>
<p><strong>Acreage and the appraisal.</strong> Many conventional products limit how much of a property's value can be in land versus improvements, and outbuildings, barns and arenas often contribute far less to appraised value than they cost to build. If you're buying a property where half the value is a shop and twelve acres, talk to a lender who does rural lending in this county before you write.</p>
<p><strong>Ag valuation.</strong> If the land you're buying carries a 1-d-1 open-space agricultural valuation and you don't continue a qualifying use, you can trigger a rollback. The Kendall Appraisal District's ag guidelines are specific — cow/calf requires a minimum of three calves on ten acres, beekeeping requires not less than five nor more than twenty acres with a minimum of six hives, wildlife management requires a minimum of three approved practices, and the land must have been in qualifying ag use for five of the preceding seven years (Kendall County Ag Use Manual). Decide before closing whether you intend to maintain the valuation.</p>
<p><strong>Homestead exemption.</strong> File it. Texas Tax Code 11.13(b) requires school districts to provide a $140,000 residence homestead exemption, and Kendall Appraisal District's adopted exemption schedule shows that $140,000 applied at Boerne ISD and Comfort ISD. Note carefully: <strong>neither the City of Boerne nor Kendall County offers a general residence homestead exemption</strong> (Kendall Appraisal District adopted rates and exemptions). Kendall County offers $10,000 for over-65 and disabled persons; the City of Boerne offers a freeze for qualifying over-65 and disabled homesteads but no general homestead percentage. So the full value of your homestead exemption here is the school-district piece — roughly $1,415 a year at the 2025 Boerne ISD rate.</p>
<p>Also worth knowing: a buyer who acquires property after January 1 may receive the residence homestead exemption for the applicable portion of that tax year immediately upon qualifying, if the prior owner did not already have it for that year (Kendall Appraisal District, Updated Property Tax Information, March 2026).</p>
<h2>Short-term rentals — do not import San Antonio's rules</h2>
<p>If you're buying with any intent to short-term rent, <strong>the City of San Antonio's STR ordinance does not apply in Boerne.</strong> Boerne is in Kendall County and is its own municipality with its own rules.</p>
<p>Under the City of Boerne's short-term rental ordinance, an STR operating inside city limits or in the city's extraterritorial jurisdiction must be registered and permitted by the City. The permit fee is $200, permits expire two years from the effective date with a $200 renewal, and properties inside city limits require a safety inspection at a cost of $100 (ETJ properties are exempt from the inspection requirement). In residentially zoned areas, an STR cannot operate within 200 feet of another STR on the same block face. Owners must carry minimum liability coverage of $500,000 per occurrence and $1 million in the aggregate, occupancy is limited to two people per bedroom plus two additional, and hotel occupancy taxes must be remitted. The City's Planning Department is at (830) 248-1501.</p>
<p>For property in unincorporated Kendall County outside any city's ETJ, <strong>verify the rules directly with Kendall County and the City of Boerne before you underwrite an STR.</strong> I am not going to tell you it's unregulated based on the absence of an ordinance I found online. Call and get it in writing.</p>
<hr>
<p><strong>Before you drive out to a showing</strong>, send me the address. I'll come back with the school zone verified with the district, the exact combined tax rate for that parcel, MUD status, whether it's city water or a well, and the FEMA zone. That's the difference between a productive Saturday and a wasted one.</p>
<p>Call or text <strong><a href=""tel:+1-830-446-3847"">830-446-3847</a></strong> · Email <strong><a href=""mailto:heath.shepard@kw.com"">heath.shepard@kw.com</a></strong></p>
<p><em>Heath Shepard, REALTOR — Keller Williams, Boerne and San Antonio. Eleven years in Texas real estate, with a background in land development.</em></p>","","","","","guide","","","","1986","draft"
"Selling a Home in Boerne, TX","selling-a-home","Selling a Home in Boerne, TX: Pricing, Prep, Timeline and Net Proceeds","Selling in Boerne at 4.4 months of inventory: how to price acreage with thin comps, what prep pays, and how to read your net sheet. Local agent guide.","At roughly 4.4 months of inventory and 3.0% annual appreciation (SABOR MLS, September 2026), appreciation no longer rescues a pricing mistake — price correctly in week one. Comps are thin because in-town, subdivision and acreage Boerne do not cross-comp. Documentation of well, septic and ag records removes the buyer's uncertainty discount cheaply.","<p>Boerne is at roughly <strong>4.4 months of inventory</strong> — 308 active listings against 832 closings over the trailing twelve months, or about 69 sales a month (as of September 2026, per SABOR MLS). Median sale price is about $602,600, up 3.0% year over year.</p>
<p>That combination defines the job. Four and a half months of supply is a market where a correctly priced house sells on a normal timeline and an overpriced one does not sell at all until it takes a visible price cut. And 3% annual appreciation means the market will not bail out a pricing mistake. In 2021 you could list 8% high and let appreciation catch up to you in five months. That is over.</p>
<h2>Pricing: the part that's genuinely hard here</h2>
<p>In a tract subdivision with 400 identical floor plans, pricing is arithmetic. In Boerne, on the properties where the money is, it is judgment — and the most common failure I see is an agent running a one-mile radius search and calling it a CMA.</p>
<h3>Why Boerne comps are thin</h3>
<p>Three separate markets sit inside the same MLS area and they don't cross-comp:</p>
<p><strong>In-town Boerne.</strong> Historic district, older infill, walkable to Main Street. Lot value is a large share of total value and condition varies enormously house to house. This is the segment where a bad renovation and a great renovation can sit on the same block with the same square footage and a $150,000 spread.</p>
<p><strong>Subdivision Boerne.</strong> Production and semi-custom neighborhoods in the growth corridor. This is the closest thing to a normal comp environment, and even here the difference between a 2016 build and a 2024 build in the same subdivision is a real adjustment, not a rounding error.</p>
<p><strong>Acreage.</strong> Kendall Appraisal District's 2025 certified roll shows $1.98 billion of agricultural market value inside Boerne ISD alone, appraised at $9.2 million under productivity valuation. That is a county where a great deal of the ground is still ranch. When acreage sells, it prices off land comps plus improvement contribution — and improvements on acreage routinely contribute far less than they cost to build.</p>
<p>If your property is acreage, an honest CMA may only have four or five genuinely comparable sales and some of them will be six or twelve months old. That is fine. What is not fine is an agent pretending otherwise and adjusting a subdivision sale up to fit.</p>
<h3>The adjustments that actually move the number in this market</h3>
<ul>
<li><strong>Land quality, not just acreage.</strong> Usable, fenced, cleared pasture is worth more per acre than cedar-choked slope. Frontage on a county-maintained road versus a shared gravel easement is a material difference. A live creek or a good stock tank is a premium; a dry drainage that floods is a discount.</li>
<li><strong>Water.</strong> A strong, tested, registered well with documented yield is an asset you can put a number on. A well with no records is a discount, because the first buyer's inspection will find whatever is there anyway. Cow Creek Groundwater Conservation District governs groundwater in Kendall County, and buyers are increasingly sophisticated about drought-stage rules.</li>
<li><strong>Septic condition and capacity.</strong> A permitted, documented, recently serviced system with capacity matching the bedroom count closes without drama. An undocumented system is a negotiation the buyer will win.</li>
<li><strong>School district.</strong> Boerne ISD versus Comfort ISD is a demand difference, and buyers verify it now. If you're on a boundary, get the district's written confirmation before you list so your marketing is accurate and defensible.</li>
<li><strong>Tax rate.</strong> In city limits, 1.8645 combined. Unincorporated Boerne ISD, 1.3929. In Kendall County MUD #1, 2.0429. In Miralomas MUD, 2.3929 (Kendall Appraisal District, 2025 adopted rates). Your buyer's lender is qualifying them on that number. A house in a high-MUD district competes against a lower-rate house for a smaller buyer pool at the same price, and pricing has to respect that.</li>
</ul>
<h3>What your appraisal district value is not</h3>
<p>Your Kendall Appraisal District notice is not a market value opinion you can list against. The district's 2025 roll for Boerne ISD shows $14.74 billion in market value against $8.93 billion in net taxable value — a gap created by ag productivity valuation ($1.97 billion), exemptions ($3.24 billion), the 10% homestead appraisal cap ($543 million) and the non-homestead circuit-breaker cap ($68.6 million). If you've owned a while and been protected by the 10% homestead cap, your assessed value may be well below market. If you protested successfully last year, it's lower still. Neither number tells a buyer what your house is worth.</p>
<h2>Prep: what pays and what doesn't</h2>
<p>I'll be blunt about this because sellers spend money in the wrong places.</p>
<p><strong>Pays reliably:</strong></p>
<ul>
<li>Paint, in a neutral. It's the highest-return dollar in the business and it always has been.</li>
<li>Landscape cleanup and, on acreage, brush clearing along the approach and around the house. The drive in is the first impression and on a rural property it's 90 seconds long.</li>
<li>Deep clean and declutter. Not staging-magazine empty — just clean.</li>
<li>Fixing the obvious deferred item the buyer would otherwise use as a lever: the failed water heater, the visibly rotted trim, the fence section on the ground.</li>
<li><strong>Documentation.</strong> This is underrated and nearly free. Well records, water test, septic permit and last pump-out, HVAC service history, roof age and any warranty, survey, HOA documents, and — if the land carries an ag valuation — the current ag records. A binder of documents removes the buyer's uncertainty discount. On a country property this is worth more than a new backsplash.</li>
</ul>
<p><strong>Usually doesn't pay:</strong></p>
<ul>
<li>Full kitchen remodels immediately before listing. You rarely recover the cost and you're guessing at someone else's taste.</li>
<li>High-end fixtures in a mid-market house.</li>
<li>Pools, obviously, but also: outbuildings, shops and arenas built right before sale. They will not appraise at cost.</li>
</ul>
<p><strong>The judgment call:</strong> a pre-listing inspection. In a 4.4-month market I usually recommend it on properties over about $700,000 and on anything rural. It costs a few hundred dollars and it converts a surprise during the option period — where the buyer holds all the leverage — into a known item you priced for. The downside is real: in Texas, once you know about a defect you must disclose it. Which means a pre-listing inspection is a commitment to fix or disclose, not a way to find out quietly. I'd rather you make that commitment on purpose than find out in week three.</p>
<h2>Disclosure obligations that bite in Kendall County</h2>
<p>The Texas seller's disclosure notice is a legal document and Boerne properties have more boxes that matter than a city house does.</p>
<ul>
<li><strong>Flooding.</strong> Known flooding, floodplain status, and prior claims. Cibolo Creek and its tributaries have flooded the Boerne area repeatedly. Disclose it.</li>
<li><strong>Septic.</strong> Type, age, permit status, known issues.</li>
<li><strong>Water.</strong> Well, shared well, water supply corporation, MUD, WCID. Shared-well agreements and their terms.</li>
<li><strong>Easements and encroachments.</strong> Pipeline, utility, access.</li>
<li><strong>HOA and deed restrictions.</strong> Including any active violation.</li>
<li><strong>Structural repairs and previous inspections.</strong> Including that pre-listing inspection if you got one.</li>
</ul>
<p>Because Kendall County has not adopted building codes for single-family residential construction in unincorporated areas (Kendall County Engineer verification letter, March 4, 2026), buyers here lean harder on disclosure and inspection than they would inside a city. An incomplete disclosure is the single most common route from &quot;under contract&quot; to &quot;lawsuit&quot; in this county.</p>
<h2>Timeline</h2>
<p>Working backward from a target closing date:</p>
<ul>
<li><strong>2 to 4 weeks before listing</strong>: prep work, documentation gathering, photography scheduling. On acreage, add drone and boundary-overlay imagery — buyers cannot understand a 15-acre tract from ground-level photos.</li>
<li><strong>Listing to contract</strong>: in a 4.4-month market, a correctly priced house in a desirable segment typically sees its serious activity in the first two to three weeks. If you've had ten showings and no offer, that's a price signal, not a marketing problem. If you've had two showings in three weeks, that's a price signal too — it means buyers are screening you out before they ever get in the car.</li>
<li><strong>Contract to close</strong>: 30 to 45 days financed. Acreage and custom homes appraise slower, and a thin comp set means more appraisal risk. Build that into your expectations.</li>
</ul>
<h2>Net proceeds: read the whole sheet</h2>
<p>A seller net sheet has more lines than most sellers expect. The ones people forget:</p>
<ul>
<li><strong>Commission</strong>, per your listing agreement.</li>
<li><strong>Title policy.</strong> In this part of Texas the seller customarily pays the owner's title policy, but it is negotiable and it is negotiated.</li>
<li><strong>Escrow, recording, and title company fees.</strong></li>
<li><strong>Survey</strong>, if you're providing one.</li>
<li><strong>Prorated property taxes</strong> from January 1 through closing. On a $602,600 house in Boerne city limits with a homestead exemption, the full-year bill is roughly $9,820 — a June closing means you're bringing about half of that to the table. This is the number that surprises sellers most.</li>
<li><strong>HOA transfer and resale certificate fees.</strong></li>
<li><strong>Payoff, including per-diem interest</strong> through the funding date, not the contract date.</li>
<li><strong>Repair credits or buyer concessions</strong> negotiated during the option period.</li>
<li><strong>Ag rollback exposure</strong>, if the land carries a 1-d-1 open-space valuation and the use is changing. This can be substantial and it is worth understanding before you list, not after.</li>
</ul>
<p>Ask for your net sheet at two or three price points, and ask for it again the day you get an offer. A $15,000 price difference and a $10,000 concession are not the same thing on your bottom line, and they're not the same thing on the buyer's loan either.</p>
<h2>The one thing I'd tell every Boerne seller</h2>
<p>Price it right in week one. In a 3%-appreciation market with four and a half months of supply, the price you list at is the price that determines whether you get a first-week showing surge or a slow bleed. Every week a listing sits, the market reads it as a problem, and the eventual sale price after two reductions is almost always lower than the number you would have gotten by starting correctly.</p>
<hr>
<p><strong>Want a real number on your house?</strong> I'll build you a comp analysis that uses actual comparable properties — with the land-quality, water, septic, tax-rate and school-district adjustments spelled out so you can see the reasoning, not just the conclusion. I'll also run the net sheet at three price points so you know what you actually walk away with. No obligation and no pressure to list.</p>
<p>Call or text <strong><a href=""tel:+1-830-446-3847"">830-446-3847</a></strong> · Email <strong><a href=""mailto:heath.shepard@kw.com"">heath.shepard@kw.com</a></strong></p>
<p><em>Heath Shepard, REALTOR — Keller Williams, Boerne and San Antonio. Eleven years in Texas real estate, with a background in land development.</em></p>","","","","","guide","","","","1785","draft"
"Boerne vs. San Antonio: Which Should You Buy In?","vs-san-antonio","Boerne vs. San Antonio: Which Should You Buy In?","Boerne or San Antonio? Verified 2025 tax rates side by side, schools, commute and the cases where San Antonio is the better buy. Honest local comparison.","On an identical $602,600 house with a homestead exemption and 2025 adopted rates, annual property tax runs $6,978 in unincorporated Kendall County, $9,820 inside Boerne city limits, and $11,032 inside San Antonio in Northside ISD. Boerne's sticker prices are higher, but its effective rate is lower. Under about $450,000, San Antonio has the inventory.","<p>The conventional wisdom is that Boerne is the expensive option and San Antonio is the affordable one. On sticker price, that's true — Boerne's median sale price is about $602,600 (as of September 2026, per SABOR MLS), well above the San Antonio metro median.</p>
<p>On the <em>rate</em> you pay to own, the conventional wisdom is backwards. Let me show you, with the actual adopted numbers.</p>
<h2>Property taxes: the comparison nobody runs correctly</h2>
<p>Most &quot;Boerne is cheaper&quot; and &quot;Boerne is more expensive&quot; claims compare tax <em>rates</em> without accounting for exemptions. That's useless, because Bexar County entities offer generous local homestead exemptions and Kendall County entities largely do not. You have to run the math both ways.</p>
<h3>The rates</h3>
<p><strong>Kendall County (tax year 2025, per Kendall Appraisal District):</strong></p>
<table>
<thead>
<tr>
<th>Entity</th>
<th>Rate</th>
<th>Homestead exemption offered</th>
</tr>
</thead>
<tbody>
<tr>
<td>Boerne ISD</td>
<td>1.0109</td>
<td>$140,000 (state-mandated); $60,000 additional for 65+/disabled</td>
</tr>
<tr>
<td>City of Boerne</td>
<td>0.4716</td>
<td><strong>None</strong> (freeze available for qualifying 65+/disabled)</td>
</tr>
<tr>
<td>Kendall County</td>
<td>0.3770</td>
<td><strong>None</strong> general; $10,000 for 65+/disabled</td>
</tr>
<tr>
<td>Cow Creek GCD</td>
<td>0.0050</td>
<td>None</td>
</tr>
<tr>
<td><strong>Combined, in Boerne city limits</strong></td>
<td><strong>1.8645</strong></td>
<td></td>
</tr>
<tr>
<td><strong>Combined, unincorporated Kendall County</strong></td>
<td><strong>1.3929</strong></td>
<td></td>
</tr>
</tbody>
</table>
<p><strong>Bexar County (tax year 2025, per Bexar County official rates):</strong></p>
<table>
<thead>
<tr>
<th>Entity</th>
<th>Rate</th>
<th>Homestead exemption offered</th>
</tr>
</thead>
<tbody>
<tr>
<td>Northside ISD</td>
<td>1.004900</td>
<td>$140,000 (state-mandated)</td>
</tr>
<tr>
<td>City of San Antonio</td>
<td>0.541590</td>
<td>$5,000 or 20%</td>
</tr>
<tr>
<td>Bexar County</td>
<td>0.276331</td>
<td>$5,000 or 20%</td>
</tr>
<tr>
<td>Hospital District (University Health)</td>
<td>0.276235</td>
<td>$5,000 or 20%</td>
</tr>
<tr>
<td>Alamo Community College District</td>
<td>0.149150</td>
<td>$5,000 or 1%</td>
</tr>
<tr>
<td>Bexar County Road and Flood Control</td>
<td>0.023668</td>
<td>$3,000 and 20%</td>
</tr>
<tr>
<td>San Antonio River Authority</td>
<td>0.018300</td>
<td>$5,000 or 4%</td>
</tr>
<tr>
<td><strong>Combined</strong></td>
<td><strong>2.290174</strong></td>
<td></td>
</tr>
</tbody>
</table>
<p>Six county-wide entities stack in Bexar County before you even reach the school district. Kendall County has effectively two, plus a groundwater district that rounds to nothing.</p>
<h3>The math on an identical $602,600 house</h3>
<p>Same price, homestead exemption filed, 2025 adopted rates:</p>
<table>
<thead>
<tr>
<th>Location</th>
<th>Annual property tax</th>
<th>Effective rate</th>
</tr>
</thead>
<tbody>
<tr>
<td>Unincorporated Kendall County, Boerne ISD</td>
<td><strong>$6,978</strong></td>
<td>1.16%</td>
</tr>
<tr>
<td>Inside Boerne city limits, Boerne ISD</td>
<td><strong>$9,820</strong></td>
<td>1.63%</td>
</tr>
<tr>
<td>Inside San Antonio city limits, Northside ISD</td>
<td><strong>$11,032</strong></td>
<td>1.83%</td>
</tr>
</tbody>
</table>
<p><em>Assumptions: $602,600 assessed value, general residence homestead only (no over-65, disability or veteran exemption), 2025 adopted rates as published by Kendall Appraisal District and Bexar County. A Bexar County property in Alamo Heights ISD or San Antonio ISD, or in unincorporated Bexar County, produces a different number. Your actual bill depends on your parcel.</em></p>
<p>So on the same purchase price, Boerne inside the city limits runs about <strong>$1,200 a year cheaper</strong> than San Antonio, and unincorporated Kendall County runs about <strong>$4,050 a year cheaper</strong> — roughly $338 a month of mortgage payment.</p>
<p>That is real and it surprises people. It survives even though San Antonio and Bexar County each give a 20% local homestead exemption that Boerne and Kendall County do not, because San Antonio simply has more entities taxing the same dirt.</p>
<h3>The honest caveat</h3>
<p>This compares the same price point, and that is not how most people actually shop. If your budget is $400,000, San Antonio has hundreds of options and Boerne has very few. The Boerne buyer is usually spending more in absolute dollars even though the rate is lower — they are buying a larger or newer house on more land, and the lower rate applied to a higher value can still produce a bigger check.</p>
<p>Run the comparison on the two houses you would actually buy, not on a hypothetical identical one.</p>
<h3>The in-between case: Fair Oaks Ranch</h3>
<p>There is a third option people miss. The City of Fair Oaks Ranch spans three counties — Kendall, Comal and Bexar — and property there is appraised by Kendall Appraisal District, Comal Appraisal District or Bexar Appraisal District depending on which side of the line your parcel falls on. The city is served by Boerne ISD and, for Comal County residents, Comal ISD. City property taxes are billed by the Bexar County Tax Assessor-Collector regardless of which county you live in (City of Fair Oaks Ranch).</p>
<p>The City of Fair Oaks Ranch's adopted 2025 rate is <strong>0.285300</strong> with a $5,000-or-percentage homestead exemption and a $50,000 over-65 exemption (Bexar County 2025 Official Tax Rates). That's a materially lower city rate than either Boerne (0.4716, no homestead exemption) or San Antonio (0.541590).</p>
<p>This is the single most error-prone address in the region. Two houses on the same Fair Oaks Ranch street can sit in different counties, be appraised by different appraisal districts, and land in different school districts. Do not assume. Pull the parcel.</p>
<h2>Schools</h2>
<p>Boerne ISD earned an <strong>A rating with an overall score of 92</strong> in the TEA accountability ratings released in August 2026, covering the 2025-26 school year — the district's seventh consecutive A, with a 99.2% graduation rate (Boerne Star, August 19, 2026).</p>
<p>That's the cleanest single-variable advantage Boerne has. Bexar County contains excellent schools — Alamo Heights ISD, parts of Northside and North East ISD all perform strongly — but it also contains some of the state's weakest, and the distribution matters. In Bexar County you buy into a specific attendance zone and you monitor it, because zones get redrawn and campus performance varies within a district. In Boerne ISD, you're buying into a district that has rated A district-wide for seven straight years.</p>
<p>Two caveats a good agent gives you anyway:</p>
<p><strong>Not every Boerne address is Boerne ISD.</strong> Western and northern Kendall County is Comfort ISD. Verify with the district, not the listing.</p>
<p><strong>Boerne ISD is a fast-growth district and boundaries move.</strong> The board approved new elementary attendance boundaries in April 2024, creating a zone for Viola Wilson Elementary and relieving enrollment at Fabra, Kendall and Van Raub. If you're buying specifically for a campus, understand that the campus assignment is not permanent.</p>
<h2>Commute</h2>
<p>The corridor is I-10, and it's the whole conversation.</p>
<p>If you work in the northwest quadrant — the Medical Center, La Cantera, the UTSA area, the 1604/I-10 employment corridor — the Boerne commute is manageable and thousands of people do it daily. If you work downtown, on the South Side, or east of US 281, you are adding meaningful time in both directions and you should drive it at 7:15 a.m. on a Tuesday before you commit to it. Not on a Sunday afternoon. A Tuesday.</p>
<p>The chokepoint has historically been where Kendall County traffic meets Bexar County volume approaching Loop 1604. TxDOT has worked this corridor in stages, with a series of projects between Loop 1604 and SH 46 improving intersections, adding and widening overpasses, converting frontage roads to one-way operation and expanding main lanes. A further project covering I-10 from SH 46 to Fair Oaks Parkway in Kendall County has been studied at a proposed cost of $100 million (TxDOT, San Antonio District). Construction on a corridor like this is a decade-long condition, not an event — factor it in.</p>
<p>The upside nobody mentions: the commute is directional. Boerne to San Antonio in the morning and back in the evening runs with the flow, which is different from a suburb where you're fighting everyone.</p>
<h2>Cost of living beyond the tax bill</h2>
<p><strong>Utilities.</strong> Inside Boerne city limits, the City owns and operates six utilities — electric, natural gas, water, wastewater, stormwater and reclaimed water. That means one provider, one bill, and rates set by City Council rather than by a competitive retail market. In February 2025 the average residential water and wastewater bill went from $90.46 to $94.71 per month, and the city has signaled further increases over a five-year horizon to fund its capital improvement plan (Community Impact, February 3, 2025). Outside city limits, electric service comes from a cooperative — Bandera Electric Cooperative and Pedernales Electric Cooperative both serve parts of Kendall County — and water and sewer are your problem: a well and a septic system, with the capital cost and maintenance that implies.</p>
<p>In San Antonio you get CPS Energy and SAWS, both large municipally-owned utilities with their own rate trajectories.</p>
<p><strong>Sales tax</strong> is 8.25% in Boerne — 6.25% state, 1.50% city, 0.50% county (City of Boerne). That's the Texas cap and it matches San Antonio.</p>
<p><strong>Insurance.</strong> Both markets sit in a Texas homeowners insurance environment that runs well above the national average, and hail is the driving peril in this part of the state. Get an actual quote on the actual address before you commit — see the <a href=""/boerne/cost-of-living"">cost of living guide</a> for more on that.</p>
<p><strong>Everything else.</strong> Boerne has a real grocery, restaurant and services base for a town its size, but it does not have San Antonio's depth. Specialty medical care, major-airport access, professional sports, and the long tail of retail all live in San Antonio. If you're in Boerne, you drive down for those. That's fine — it's an hour of your Saturday — but it's a genuine cost that doesn't show up on a spreadsheet.</p>
<h2>Lifestyle and land use</h2>
<p>This is where the two are least alike, and it's less about &quot;small town versus city&quot; than about how the land is governed.</p>
<p><strong>Kendall County does not have zoning.</strong> The County Engineer's office states that the county &quot;does not regulate land use and has not adopted zoning regulations in the unincorporated areas of the County,&quot; and that it &quot;has not adopted building codes for single family residential developments&quot; (Kendall County Engineer verification letter, March 4, 2026). The county does permit driveways, work in county right-of-way, outdoor lighting, on-site sewage facilities, floodplain development and site improvements, and has adopted a Fire Code administered by the Fire Marshal.</p>
<p>Cut both ways:</p>
<ul>
<li><strong>For you</strong>: you can build a shop, keep animals, run a business from a barn, and generally use your land without asking permission from a planning commission.</li>
<li><strong>Against you</strong>: so can your neighbor. Your only protection is the subdivision's deed restrictions and HOA. Read them before you buy, and read them for what they permit as much as what they forbid.</li>
</ul>
<p>Inside Boerne city limits, you get the opposite: a Unified Development Code, zoning, a building department, and a dark-sky lighting ordinance. Predictability, at the cost of flexibility.</p>
<p>San Antonio, for all its size, is a zoned city with a code department. If you want to know what can be built next door, there's an answer. In unincorporated Kendall County, often there isn't one.</p>
<h2>Where San Antonio genuinely wins</h2>
<p>I sell in both markets and I'd be doing you a disservice if I only argued one side.</p>
<p><strong>Budget under about $450,000.</strong> Boerne's inventory at that price is thin and getting thinner. San Antonio has real choice.</p>
<p><strong>A downtown, South Side or east-side job.</strong> The commute math stops working.</p>
<p><strong>You want walkable urban.</strong> Boerne's downtown is genuinely charming and genuinely small. Southtown, Alamo Heights, Olmos Park and King William offer an urban life Boerne does not.</p>
<p><strong>You need frequent specialty medical care.</strong> Proximity to the Medical Center is worth more than a lower tax rate.</p>
<p><strong>You want maximum liquidity.</strong> San Antonio's deeper buyer pool means a faster, more predictable resale, particularly in the mid-market. A $1.4 million acreage property in Kendall County has a small buyer pool and can take a long time to sell.</p>
<p><strong>You're a short-term investor.</strong> At 3% annual appreciation and a 6% cost of sale, neither market rewards a two-year hold, but Boerne's thinner resale market makes a fast exit harder.</p>
<h2>The short version</h2>
<p>Buy Boerne if you want the school district, the land, the lower effective tax rate, and a small-town base — and you're planning to be here five or more years. Buy San Antonio if your budget, your job location, or your need for urban density says so. Both are defensible. What isn't defensible is picking based on a rate comparison somebody ran without the exemptions in it.</p>
<hr>
<p><strong>Genuinely torn?</strong> Send me the two addresses you're weighing — one in each — and I'll run the real numbers on both: verified tax rate for each parcel, school zone confirmed with the district, MUD status, utility situation, and the total monthly cost of ownership side by side. I'll tell you if San Antonio is the better buy for your situation. I sell in both.</p>
<p>Call or text <strong><a href=""tel:+1-830-446-3847"">830-446-3847</a></strong> · Email <strong><a href=""mailto:heath.shepard@kw.com"">heath.shepard@kw.com</a></strong></p>
<p><em>Heath Shepard, REALTOR — Keller Williams, Boerne and San Antonio. Eleven years in Texas real estate, with a background in land development.</em></p>","","","","","guide","","","","2113","draft"
"Boerne ISD Schools Guide","schools","Boerne ISD Schools Guide: Ratings, Campuses, Boundaries and Home Value","Boerne ISD earned an A (score 92) from TEA in 2026 — its seventh straight. Campus list, attendance zone traps, and how schools move home values here.","Boerne ISD earned an A with an overall score of 92 in the TEA ratings released August 2026 — its seventh consecutive A, with a 99.2% graduation rate. A Boerne mailing address does not guarantee Boerne ISD; western and northern Kendall County is Comfort ISD. Verify the campus with Administrative Services at (830) 357-2011.","<p>If you are buying in Boerne for the schools — and a large share of buyers here are — this is the page you need before you tour anything. The district rating is excellent and verifiable. The part that costs people money is the attendance zone, not the rating.</p>
<h2>The current rating, with the actual numbers</h2>
<p>In the Texas Education Agency accountability ratings released in August 2026, covering the 2025-26 school year, Boerne ISD earned an <strong>A with an overall score of 92</strong>. The domain breakdown:</p>
<table>
<thead>
<tr>
<th>Domain</th>
<th>Score</th>
</tr>
</thead>
<tbody>
<tr>
<td>Student Achievement</td>
<td>93</td>
</tr>
<tr>
<td>School Progress</td>
<td>83</td>
</tr>
<tr>
<td>Closing the Gaps</td>
<td>90</td>
</tr>
<tr>
<td><strong>Overall</strong></td>
<td><strong>92 (A)</strong></td>
</tr>
</tbody>
</table>
<p>The district also reported a 99.2% graduation rate and college, career and military readiness at 98% (Boerne Star, August 19, 2026). This was the district's seventh consecutive A rating.</p>
<p>In the prior cycle — the 2025 ratings released in August 2025 — Boerne ISD also earned an A, its sixth consecutive, along with 27 distinction designations (Community Impact, August 15, 2025).</p>
<p>Two things worth understanding about what that rating is and isn't:</p>
<p><strong>School Progress at 83 is the number to watch.</strong> In TEA's system, Student Achievement measures absolute performance and School Progress measures growth. A district with a strong, affluent, well-supported student body tends to score high on achievement almost automatically. Growth is harder. An 83 against a 93 achievement score is the honest read on what the district is doing for students versus what the students bring with them. It is a good score. It is not the same score.</p>
<p><strong>A district rating is not a campus rating.</strong> TEA rates individual campuses as well as districts, and campus ratings within an A district are not uniform. I am not going to publish individual campus scores here without pulling them directly, and neither should anyone else. Check the current campus rating for the specific school your address feeds into at TxSchools.gov before you make a decision on it. If you want, send me the address and I'll pull it.</p>
<h2>The campuses</h2>
<p>Boerne ISD's campuses, per the district:</p>
<p><strong>Elementary</strong></p>
<ul>
<li>Cibolo Creek Elementary</li>
<li>Curington Elementary</li>
<li>Fabra Elementary</li>
<li>Fair Oaks Ranch Elementary</li>
<li>Herff Elementary</li>
<li>Kendall Elementary</li>
<li>Van Raub Elementary</li>
<li>Viola Wilson Elementary</li>
</ul>
<p><strong>Middle</strong></p>
<ul>
<li>Boerne Middle School North</li>
<li>Boerne Middle School South</li>
<li>Capt. Mark Tyler Voss Middle School</li>
</ul>
<p><strong>High</strong></p>
<ul>
<li>Boerne High School</li>
<li>Champion High School</li>
<li>Boerne Academy</li>
</ul>
<h2>The attendance zone trap — read this twice</h2>
<p>This is where Boerne buyers get burned, and it happens several times a year.</p>
<p><strong>A Boerne mailing address does not mean Boerne ISD.</strong> The western and northern portions of Kendall County are served by <strong>Comfort ISD</strong>, a separate district with its own rating and its own tax rate (0.9328 for 2025 versus Boerne ISD's 1.0109, per Kendall Appraisal District). Properties with Boerne postal addresses fall into Comfort ISD regularly.</p>
<p><strong>Boerne ISD extends beyond Kendall County.</strong> The City of Fair Oaks Ranch spans Kendall, Comal and Bexar counties, and is served by Boerne ISD and — for Comal County residents — Comal ISD (City of Fair Oaks Ranch). So a Boerne ISD home can be appraised by Kendall Appraisal District, Comal Appraisal District or Bexar Appraisal District, each with a different county tax rate. On a Fair Oaks Ranch street, the school district and the county can both change between one house and the next.</p>
<p><strong>The district's own guidance is explicit:</strong> &quot;homes located near the school district boundary lines must be verified by the Administrative Services Department.&quot; The district provides an InfoFinder tool where you enter a street address and zip code to see assigned schools and bus stops, and Administrative Services can be reached at (830) 357-2011.</p>
<p>Here is my rule, and I don't bend it: <strong>for any address within about a mile of a boundary, I get written confirmation from the district before my client writes an offer.</strong> Not the MLS listing. Not a third-party school-search site. Not the seller's recollection. The district, in writing.</p>
<p>Third-party school sites are wrong often enough that relying on them is negligence. MLS school fields are entered by agents and are not verified by anyone.</p>
<h2>Boundaries move — plan for it</h2>
<p>Boerne ISD is a fast-growth district, and fast-growth districts redraw boundaries. The Board of Trustees approved new elementary attendance boundaries in April 2024, creating an attendance zone for Viola Wilson Elementary and providing enrollment relief at Fabra, Kendall and Van Raub Elementary.</p>
<p>The practical implication: if you're buying specifically to attend a particular campus, understand that the assignment is a current condition, not a permanent feature of the property. That's true anywhere, but it's more true in a district adding students every year.</p>
<p>What you can rely on more durably is the district itself. District-level boundaries don't move; campus assignments within them do.</p>
<h2>How schools actually affect home value here</h2>
<p>Three mechanisms, in descending order of how much they matter.</p>
<h3>1. The district premium is real and it's the dominant one</h3>
<p>The Boerne ISD rating is the reason families cross the Kendall County line. It shows up as a willingness to pay more and to accept a longer commute. That premium attaches to the district, not to a specific campus, which is why a campus reassignment is less damaging to value than buyers fear.</p>
<h3>2. Campus-level premiums exist but are smaller and noisier</h3>
<p>Within a strong district, campus-to-campus price differences are driven as much by the age and price point of the surrounding housing stock as by the school. A newer subdivision feeding a newer campus prices higher — and it is very hard to separate &quot;the school&quot; from &quot;the houses are newer.&quot;</p>
<p>Be skeptical of anyone who tells you a specific elementary is worth a precise dollar premium. The data here is too thin to support that claim honestly.</p>
<h3>3. The tax that funds it</h3>
<p>This runs the other way and buyers underweight it.</p>
<p>Boerne ISD's 2025 adopted rate is <strong>1.0109</strong> per $100. That is the largest single line on a Boerne tax bill — roughly 54% of a combined in-city rate of 1.8645, and 73% of an unincorporated rate of 1.3929 (Kendall Appraisal District, 2025 adopted rates).</p>
<p>The district's rate history tells you something useful:</p>
<table>
<thead>
<tr>
<th>Tax year</th>
<th>Boerne ISD rate</th>
<th>School homestead exemption</th>
</tr>
</thead>
<tbody>
<tr>
<td>2020</td>
<td>1.2519</td>
<td>$25,000</td>
</tr>
<tr>
<td>2021</td>
<td>1.2046</td>
<td>$25,000</td>
</tr>
<tr>
<td>2022</td>
<td>1.1786</td>
<td>$40,000</td>
</tr>
<tr>
<td>2023</td>
<td>0.9932</td>
<td>$100,000</td>
</tr>
<tr>
<td>2024</td>
<td>0.9909</td>
<td>$100,000</td>
</tr>
<tr>
<td>2025</td>
<td>1.0109</td>
<td>$140,000</td>
</tr>
</tbody>
</table>
<p><em>(Kendall Appraisal District, Boerne ISD adopted tax rates and exemptions)</em></p>
<p>The rate came down substantially from 2020 to 2024 through state compression, and the homestead exemption went from $25,000 to $140,000 over the same span. The 2025 rate ticked back up two cents.</p>
<p>That increase was a <strong>voter-approval tax rate election</strong>. Boerne ISD's 1.0109 rate was adopted contingent on voter approval at a November 4, 2025 election; the district's published rate sheet carried an asterisk reading &quot;Pending Voter Approval — Election Date 11/4/2025&quot; until the result was certified. It passed, and was canvassed November 18, 2025. It generates about $4.8 million — roughly $3 million local plus $1.8 million in state funding — with more than 80% going to compensation, including raising the teacher minimum starting salary from $55,142 to $60,000, auxiliary minimum wage to $15 an hour and paraprofessional minimum to $16 an hour (Community Impact, November 18, 2025).</p>
<p><strong>Underwrite your escrow accordingly.</strong> A fast-growth district with rising enrollment will keep going back to voters, for both operating rates and bonds. Assuming today's rate is a permanent ceiling is how people end up with an escrow shortage letter in year two.</p>
<h2>Scale, for context</h2>
<p>Boerne ISD's 2025 certified appraisal roll covers <strong>24,924 taxable property accounts</strong> with a total market value of <strong>$14.74 billion</strong> and a net taxable value of <strong>$8.93 billion</strong>, producing an approximate levy of <strong>$80.3 million</strong> at the 1.0109 rate. Of those accounts, 11,664 carry a residence homestead exemption and 4,772 over-65 accounts are under a tax ceiling freeze (Kendall Appraisal District, 2025 Certified Totals, as of Supplement 47, December 3, 2025).</p>
<p>The freeze matters for planning. Once a qualifying over-65 homeowner's ceiling is set, further rate or value increases don't raise their school tax. With nearly 4,800 frozen accounts in the district and an aging population, a growing share of the burden of each new rate increase falls on non-frozen accounts — which means younger families with children in those schools.</p>
<h2>The short checklist</h2>
<p>Before you make an offer on a house you're buying for Boerne ISD:</p>
<ol>
<li>Confirm the assigned campus with Boerne ISD Administrative Services, in writing.</li>
<li>Confirm the county the parcel sits in — especially anywhere near Fair Oaks Ranch.</li>
<li>Pull the current campus rating at TxSchools.gov, not the district rating.</li>
<li>Get the exact combined tax rate for the parcel, including any MUD.</li>
<li>Ask whether the neighborhood was affected by, or is likely to be affected by, a boundary study.</li>
</ol>
<hr>
<p><strong>Send me the address.</strong> I'll verify the school zone with the district directly, pull the current campus rating, confirm which county and appraisal district the parcel is in, and give you the exact combined tax rate. It takes me ten minutes and it's the single highest-value thing I can do for a family buying here for the schools.</p>
<p>Call or text <strong><a href=""tel:+1-830-446-3847"">830-446-3847</a></strong> · Email <strong><a href=""mailto:heath.shepard@kw.com"">heath.shepard@kw.com</a></strong></p>
<p><em>Heath Shepard, REALTOR — Keller Williams, Boerne and San Antonio. Eleven years in Texas real estate, with a background in land development.</em></p>","","","","","guide","","","","1609","draft"
"Cost of Living in Boerne, TX","cost-of-living","Cost of Living in Boerne, TX: Taxes, Utilities, Insurance and HOA","What it actually costs to own in Boerne TX: verified 2025 tax rates, city utility bills, well and septic costs, insurance reality and HOA questions.","The largest variable is jurisdiction: on the roughly $602,600 median, 2025 annual property tax runs about $6,978 unincorporated, $9,820 inside city limits, $13,004 in Miralomas MUD. Neither the City of Boerne nor Kendall County offers a general homestead exemption — only the $140,000 school exemption, worth roughly $1,415 a year. Sales tax is 8.25%.","<p>Most cost-of-living calculators are useless for Boerne, because they index against a city average and Boerne isn't one place. The single biggest variable in your monthly cost of ownership is whether your parcel sits inside Boerne city limits, in unincorporated Kendall County, or inside a municipal utility district. That one fact can swing your housing cost by several hundred dollars a month on an identical house.</p>
<p>Here's what I can document.</p>
<h2>Property tax: the biggest line</h2>
<p>Adopted rates for tax year 2025, per Kendall Appraisal District:</p>
<table>
<thead>
<tr>
<th>Entity</th>
<th>Rate per $100</th>
</tr>
</thead>
<tbody>
<tr>
<td>Boerne ISD</td>
<td>1.0109</td>
</tr>
<tr>
<td>Comfort ISD</td>
<td>0.9328</td>
</tr>
<tr>
<td>City of Boerne</td>
<td>0.4716</td>
</tr>
<tr>
<td>Kendall County</td>
<td>0.3770</td>
</tr>
<tr>
<td>Cow Creek Groundwater Conservation District</td>
<td>0.0050</td>
</tr>
<tr>
<td>Kendall County MUD #1</td>
<td>0.6500</td>
</tr>
<tr>
<td>Miralomas MUD</td>
<td>1.0000</td>
</tr>
<tr>
<td>Kendall County WCID #1</td>
<td>0.166106</td>
</tr>
</tbody>
</table>
<p>Combined, as published by the appraisal district:</p>
<table>
<thead>
<tr>
<th>Jurisdiction stack</th>
<th>Combined rate</th>
</tr>
</thead>
<tbody>
<tr>
<td>City of Boerne + Kendall County + Boerne ISD + Cow Creek</td>
<td><strong>1.8645</strong></td>
</tr>
<tr>
<td>Kendall County + Boerne ISD + Cow Creek (unincorporated)</td>
<td><strong>1.3929</strong></td>
</tr>
<tr>
<td>Above + Kendall County MUD #1</td>
<td><strong>2.0429</strong></td>
</tr>
<tr>
<td>Above + Miralomas MUD</td>
<td><strong>2.3929</strong></td>
</tr>
<tr>
<td>Kendall County + Comfort ISD + Cow Creek</td>
<td><strong>1.3148</strong></td>
</tr>
<tr>
<td>Above + Kendall County WCID #1</td>
<td><strong>1.480906</strong></td>
</tr>
</tbody>
</table>
<h3>The exemption fact almost nobody tells you</h3>
<p><strong>Neither the City of Boerne nor Kendall County offers a general residence homestead exemption.</strong> Kendall County offers $10,000 for over-65 and disabled persons. The City of Boerne offers a tax ceiling freeze for qualifying over-65 and disabled homesteads but no general homestead reduction (Kendall Appraisal District, adopted tax rates and exemptions).</p>
<p>The only general homestead exemption on a Boerne tax bill is the state-mandated school district exemption of <strong>$140,000</strong>, which appears at both Boerne ISD and Comfort ISD on the district's published exemption schedule.</p>
<p>That is meaningfully less generous than Bexar County, where the county, the city, the hospital district, the community college district and the river authority each offer their own local homestead exemption. If you're moving from San Antonio, do not assume your exemption savings will scale.</p>
<h3>What that means in dollars</h3>
<p>On the median Boerne-area sale price of about $602,600 (as of September 2026, per SABOR MLS), with a general residence homestead exemption:</p>
<table>
<thead>
<tr>
<th>Location</th>
<th>Annual tax</th>
<th>Monthly escrow</th>
</tr>
</thead>
<tbody>
<tr>
<td>Unincorporated Kendall County, Boerne ISD</td>
<td><strong>$6,978</strong></td>
<td>~$582</td>
</tr>
<tr>
<td>Inside Boerne city limits, Boerne ISD</td>
<td><strong>$9,820</strong></td>
<td>~$818</td>
</tr>
<tr>
<td>Unincorporated, Kendall County MUD #1</td>
<td><strong>$10,895</strong></td>
<td>~$908</td>
</tr>
<tr>
<td>Unincorporated, Miralomas MUD</td>
<td><strong>$13,004</strong></td>
<td>~$1,084</td>
</tr>
<tr>
<td>Unincorporated Kendall County, Comfort ISD</td>
<td><strong>$6,617</strong></td>
<td>~$551</td>
</tr>
</tbody>
</table>
<p><em>Calculated from 2025 adopted rates published by Kendall Appraisal District, with the $140,000 school homestead exemption and no other exemptions applied.</em></p>
<p>The homestead exemption itself is worth about <strong>$1,415 a year</strong> at the Boerne ISD rate — meaningful, but not the multi-thousand-dollar reduction people expect. File it anyway; it also starts your 10% annual appraisal cap.</p>
<h2>Sales tax</h2>
<p><strong>8.25%</strong> in Boerne: 6.25% state, 1.50% city, 0.50% county (City of Boerne). That's the Texas statutory maximum and it matches San Antonio. No advantage either direction.</p>
<p>Boerne's hotel occupancy tax is 7% city on top of 6% state — relevant if you're operating a short-term rental, irrelevant if you're not.</p>
<h2>Utilities</h2>
<h3>Inside city limits</h3>
<p>The City of Boerne owns and operates <strong>six utilities</strong>: electric, natural gas, water, wastewater, stormwater and reclaimed water. One provider, one bill, rates set by City Council.</p>
<p>What I can document on cost: in February 2025, the average residential water-and-wastewater bill moved from <strong>$90.46 to $94.71 per month</strong>. The base charge rose about 7% — a 5/8-inch connection went from $28.11 to $30.08, and a 3/4-inch connection from $58.58 to $62.68. The City has indicated further increases over a five-year horizon to fund its Boerne Utilities Capital Improvement Plan (Community Impact, February 3, 2025).</p>
<p>Note the meter-size detail, because it matters and buyers miss it. A 3/4-inch meter carries roughly double the base charge of a 5/8-inch meter before you use a single gallon. Larger and newer homes frequently have larger meters. Ask what meter is on the house.</p>
<p>Electric and gas rates vary by customer classification. Get the actual twelve-month utility history from the seller during your option period — it is a far better predictor than any average, and on a house with a pool, a well pump or a detached shop it will be substantially higher than the city average.</p>
<h3>Outside city limits</h3>
<p>No city utilities. Electric service comes from a cooperative — <strong>Bandera Electric Cooperative</strong> and <strong>Pedernales Electric Cooperative</strong> both serve portions of Kendall County. The City's own electric service area is defined by the Public Utility Commission and covers most of the city limits plus some areas beyond it, so the boundary is not simply the city line. Verify who serves the specific address.</p>
<p>Water is a well or a water supply corporation. Sewer is a septic system. Propane replaces natural gas in most rural locations.</p>
<p><strong>Budget for rural infrastructure as a capital item, not a utility bill:</strong></p>
<ul>
<li>Well pump replacement is a real, periodic expense and it happens without warning.</li>
<li>Aerobic septic systems carry a maintenance contract with periodic inspections and ongoing cost; conventional systems need pumping on a cycle.</li>
<li>Propane is a commodity you buy in bulk and it is priced by the market, not by a regulated tariff.</li>
<li>Water hauling is a real thing during severe drought for properties with marginal wells.</li>
</ul>
<p>Kendall County permits on-site sewage facilities and approves or denies an application within 30 days of receipt. Groundwater is managed by the <strong>Cow Creek Groundwater Conservation District</strong>, created by county voters in 2002; the county sits within the Hill Country Priority Groundwater Management Area over the Trinity Aquifer.</p>
<p>I will not publish typical dollar figures for well drilling, septic installation or propane here, because I haven't verified current local pricing and a stale number is worse than no number. Get current quotes from a local driller, installer and propane supplier — I'm happy to point you to people.</p>
<h2>Homeowners insurance</h2>
<p>This is the line item that has moved most in the last several years and the one buyers underbudget most badly.</p>
<p>Texas runs well above the national average on homeowners insurance. Published 2026 statewide estimates vary by methodology and coverage assumption, generally landing somewhere in the <strong>$3,300 to $4,900 per year</strong> range for a typical policy, with some analyses putting the statewide average above $4,000 (NerdWallet and other 2026 industry analyses). Those are statewide figures, not Boerne figures, and I am not going to present a Boerne-specific average I can't source.</p>
<p>What actually drives your number here:</p>
<ul>
<li><strong>Hail.</strong> This is the dominant peril in Central Texas and the main reason Texas premiums are high. Roof age and roof material drive your premium and sometimes your insurability. A 15-year-old composition roof can push you to an actual-cash-value roof settlement instead of replacement cost, which is a five-figure difference after a hailstorm.</li>
<li><strong>Wildfire exposure.</strong> On heavily wooded Hill Country acreage, brush proximity and defensible space matter to underwriters and to premium.</li>
<li><strong>Distance to a fire station and ISO protection class.</strong> Rural properties rate worse. This is a real and often large difference between an in-town house and one fifteen minutes out.</li>
<li><strong>Water source.</strong> Some carriers treat well-and-septic properties differently.</li>
<li><strong>Claims history on the address</strong>, not just on you. Pull the CLUE report.</li>
</ul>
<p><strong>Do this during your option period, not after:</strong> get a bound quote on the specific address from an agent who writes in Kendall County. Not an estimate, not a range — a quote on that address with that roof. I've seen quotes on comparable-looking Boerne properties come back thousands of dollars apart, and insurance is one of the few closing surprises that can actually kill a deal on debt-to-income.</p>
<h2>HOA and deed restrictions</h2>
<p>Kendall County does not have zoning in unincorporated areas, which makes HOA documents disproportionately important — they are the only land-use control on a country property.</p>
<p>HOA dues vary enormously across this market, from modest annual assessments in older subdivisions to substantial monthly dues in gated, amenity-heavy developments with private roads, gates, pools or golf. I'm not going to publish an &quot;average&quot; — the range is so wide that an average would mislead you.</p>
<p>What to ask for, every time, during the option period:</p>
<ol>
<li><strong>Current dues and payment frequency</strong>, plus the assessment history for the last five years.</li>
<li><strong>Whether there is a special assessment pending or contemplated.</strong> Private roads are the usual source. A subdivision that maintains its own roads has a capital liability that shows up eventually.</li>
<li><strong>The resale certificate and transfer fees</strong>, which are paid at closing and are frequently a few hundred dollars that nobody mentioned.</li>
<li><strong>The full declaration of covenants, conditions and restrictions</strong> — and read it for what it permits, not just what it forbids. Can your neighbor run a business? Keep livestock? Park an RV? Build a metal shop? In the absence of county zoning, the CCRs are the answer.</li>
<li><strong>Whether short-term rentals are permitted.</strong> Many Kendall County subdivisions prohibit them by covenant regardless of what the city or county allows.</li>
<li><strong>Architectural control committee requirements</strong>, if you plan to build, add on, or put up a barn or shop.</li>
<li><strong>The reserve balance</strong>, if the association maintains infrastructure.</li>
</ol>
<h2>Everything else</h2>
<p>Kendall County's median household income was reported at $105,400 and the City of Boerne's at $91,947, with median ages of 43 and 40 respectively (Boerne Kendall County Economic Development Corporation). That's a comparatively affluent base, which shows up in local retail and restaurant pricing.</p>
<p>Boerne has a genuine grocery, healthcare, restaurant and services base for a town of about 24,000. What it doesn't have is San Antonio's depth — specialty medical, big-box variety, major-airport access and the long tail of retail are a drive down I-10. Budget the time, not just the gas.</p>
<hr>
<p><strong>Want your actual number, not an average?</strong> Send me an address and I'll pull the verified combined tax rate for that exact parcel, tell you whether it's in a MUD, confirm the utility provider and water source, and flag anything in the HOA documents worth knowing before you spend money on an inspection. That's a free ten minutes from me and it's usually the difference between a budget that holds and one that doesn't.</p>
<p>Call or text <strong><a href=""tel:+1-830-446-3847"">830-446-3847</a></strong> · Email <strong><a href=""mailto:heath.shepard@kw.com"">heath.shepard@kw.com</a></strong></p>
<p><em>Heath Shepard, REALTOR — Keller Williams, Boerne and San Antonio. Eleven years in Texas real estate, with a background in land development.</em></p>","","","","","guide","","","","1794","draft"
"Moving to Boerne, TX: A Relocation Guide","relocation","Moving to Boerne, TX: A Relocation Guide for Out-of-State Buyers","Relocating to Boerne TX from California, Austin or out of state? The tax reset that catches everyone, wells, septic, no zoning, and a real timeline.","Kendall County's population reached an estimated 53,289 in 2025, up 20.3% since 2020. The mistake relocating buyers make is underwriting off the seller's tax bill: the 10% homestead appraisal cap and any over-65 ceiling freeze reset at sale. Calculate purchase price times the parcel's combined rate, minus the $140,000 school exemption.","<p>Kendall County's population was estimated at 53,289 in 2025, up <strong>20.3% since 2020</strong>, with domestic in-migration — people moving here from elsewhere in the U.S. — as the dominant driver (Community Impact, March 30, 2026, citing Census Bureau estimates). The City of Boerne was estimated at 24,047 as of July 2025.</p>
<p>You're not the first person to have this idea. You are, however, probably about to make one of about five specific mistakes that out-of-state buyers make in this county. Let's go through them.</p>
<h2>Mistake 1: assuming the seller's tax bill is your tax bill</h2>
<p>This is the expensive one, and it catches nearly every relocation buyer.</p>
<p>Texas has no state income tax. It funds local government through property tax, and property is appraised at market value annually. There are two protections, and <strong>neither one transfers to you</strong>:</p>
<p><strong>The 10% homestead appraisal cap.</strong> Once you have a homestead exemption in place, your appraised value can rise no more than 10% per year plus the value of new improvements. A homeowner who bought in 2015 may be assessed far below market today. In Boerne ISD alone, that cap removed <strong>$543 million</strong> of value from the 2025 roll (Kendall Appraisal District, 2025 Certified Totals).</p>
<p><strong>The over-65 tax ceiling freeze.</strong> Kendall County, the City of Boerne, Boerne ISD and Comfort ISD all offer a tax freeze for qualifying over-65 or disabled homesteads. Boerne ISD's 2025 roll shows <strong>4,772 over-65 accounts under a ceiling</strong> (Kendall Appraisal District).</p>
<p>When you buy, the cap resets and the freeze ends. The property gets reappraised to market — which, conveniently for the appraisal district, is the price you just paid. If you're buying from a long-tenured owner or a senior under a freeze, <strong>your first full-year tax bill can be dramatically higher than the tax figure on the MLS listing.</strong></p>
<p>Never, ever underwrite off the current tax bill. Underwrite off your purchase price times the parcel's combined rate, minus the $140,000 school homestead exemption. I run that number for every buyer before they write an offer, and I recommend you make any agent you work with do the same.</p>
<h3>The actual math</h3>
<p>Combined 2025 rates, per Kendall Appraisal District:</p>
<table>
<thead>
<tr>
<th>Location</th>
<th>Combined rate</th>
<th>Tax on a $602,600 home w/ homestead</th>
</tr>
</thead>
<tbody>
<tr>
<td>Unincorporated Kendall County, Boerne ISD</td>
<td>1.3929</td>
<td>~$6,978</td>
</tr>
<tr>
<td>Inside Boerne city limits, Boerne ISD</td>
<td>1.8645</td>
<td>~$9,820</td>
</tr>
<tr>
<td>Kendall County MUD #1</td>
<td>2.0429</td>
<td>~$10,895</td>
</tr>
<tr>
<td>Miralomas MUD</td>
<td>2.3929</td>
<td>~$13,004</td>
</tr>
</tbody>
</table>
<h3>For California buyers specifically</h3>
<p>Your instinct from Proposition 13 is that acquisition value locks in and grows slowly. Texas is the opposite: annual reappraisal at market, with a 10% cap that only applies once you have a homestead exemption and only to a homestead. There is no acquisition-value lock.</p>
<p>The offset is that Texas has no state income tax, and for a high earner that is frequently a larger number than the property tax difference. Run both, together, with your CPA. Do not run either one alone.</p>
<h3>For Austin buyers</h3>
<p>You already understand Texas property tax. What's different is the exemption structure. <strong>Neither the City of Boerne nor Kendall County offers a general residence homestead exemption</strong> (Kendall Appraisal District). Your only general homestead exemption here is the $140,000 school district exemption. Check what your current taxing entities offer before you assume it's a wash.</p>
<h2>Mistake 2: assuming a Boerne address means Boerne ISD and Kendall County</h2>
<p>Three separate traps live here, and all three are common.</p>
<p><strong>Comfort ISD.</strong> The western and northern parts of Kendall County are served by Comfort ISD, not Boerne ISD — different rating, different rate (0.9328 vs. 1.0109 for 2025). Plenty of Comfort ISD homes have Boerne mailing addresses.</p>
<p><strong>Fair Oaks Ranch.</strong> The City of Fair Oaks Ranch spans Kendall, Comal and Bexar counties. Property is appraised by Kendall Appraisal District, Comal Appraisal District or Bexar Appraisal District depending on the parcel, and the city is served by Boerne ISD and, for Comal County residents, Comal ISD. City property taxes are billed by the Bexar County Tax Assessor-Collector regardless of which county you live in (City of Fair Oaks Ranch). Two houses on the same street can be in different counties and different school districts.</p>
<p><strong>Boundary proximity.</strong> Boerne ISD's own guidance is that homes near district boundary lines &quot;must be verified by the Administrative Services Department.&quot; Get it in writing. The district can be reached at (830) 357-2011.</p>
<p>Boerne ISD earned an A with an overall score of 92 in the TEA ratings released in August 2026 — its seventh consecutive A, with a 99.2% graduation rate (Boerne Star, August 19, 2026). That rating is a big part of why you're reading this page. Make sure you're actually buying into it.</p>
<h2>Mistake 3: buying rural without understanding what rural means here</h2>
<p>Roughly two-thirds of the taxable property in Boerne ISD sits outside Boerne city limits — the district covers 24,924 accounts while the city covers 9,157 (Kendall Appraisal District, 2025 Certified Totals). If you're picturing land, you're picturing unincorporated Kendall County. Here's what that actually entails.</p>
<p><strong>Water is a well.</strong> Kendall County sits in the Hill Country Priority Groundwater Management Area over the Trinity Aquifer, and the Cow Creek Groundwater Conservation District was created by county voters in 2002 to manage it. A well needs a yield test, a water quality test, registration status confirmed, and — honestly — a conversation with the neighbors about how it performed in the last serious drought. A well that's fine in March and marginal in August is the classic failure mode.</p>
<p><strong>Sewer is a septic system.</strong> Kendall County permits on-site sewage facilities and approves or denies applications within 30 days of receipt. For an existing house, get the permit, the design, the service history, and a dedicated septic inspection — not the general inspector's quick look. For vacant land, the whole deal depends on whether a system can be permitted, and only a licensed site evaluator can tell you.</p>
<p><strong>Nobody inspected the house.</strong> The Kendall County Engineer's office states the county &quot;has not adopted building codes for single family residential developments&quot; in the unincorporated areas. The county does permit driveways, work in county right-of-way, outdoor lighting, floodplain development, on-site sewage facilities and site improvements, and it has adopted a Fire Code administered by the Fire Marshal — but a single-family house built in the county was not inspected by a municipal building department. Your third-party inspection is the entire quality-control system. Budget for specialists.</p>
<p><strong>There is no zoning.</strong> The same letter states the county &quot;does not regulate land use and has not adopted zoning regulations in the unincorporated areas of the County.&quot; Your only protection against what happens next door is the subdivision's deed restrictions and HOA. Read them before you buy — for what they permit as well as what they forbid.</p>
<p><strong>Outdoor lighting is regulated.</strong> Kendall County requires a permit before installing any outdoor lights and requires International Dark-Sky Association compliant products. The City of Boerne has its own dark-sky regulations in its Unified Development Code. This is a genuinely nice feature of living here — the night sky is worth the trouble — but check before you budget for lighting.</p>
<h2>Mistake 4: underbudgeting insurance</h2>
<p>Texas homeowners insurance runs well above the national average, and hail is the driving reason. Roof age and material will drive your premium and can affect whether you're written at replacement cost or actual cash value. Rural properties rate worse on distance-to-fire-station. Wooded acreage draws wildfire underwriting scrutiny.</p>
<p>Get a <strong>bound quote on the specific address</strong> during your option period, from an agent who writes in Kendall County. Not a range, not an online estimate — a real quote on that roof at that address. I've seen quotes on similar-looking properties come back thousands apart, and insurance is one of the few surprises that can break a deal on debt-to-income at the last minute.</p>
<h2>Mistake 5: not driving the commute</h2>
<p>If you'll be commuting into San Antonio, drive it on a Tuesday at 7:15 a.m. before you commit. The corridor is I-10, TxDOT has been reworking it in stages for years, and the experience differs enormously depending on whether you're headed to the northwest employment corridor or downtown. A commute that's pleasant on a Sunday afternoon can be a different life at 7:15 on a weekday.</p>
<h2>The timeline that actually works</h2>
<p><strong>Three to six months out</strong></p>
<ul>
<li>Get pre-approved with a lender who does rural lending in Kendall County. Acreage, outbuildings and thin comp sets create appraisal and product issues that a generic online lender will discover too late.</li>
<li>Decide the fundamental question: in town or on land. They are different purchases with different diligence, different costs, and different resale profiles.</li>
<li>Pull tax estimates at your target price for the jurisdictions you're considering.</li>
</ul>
<p><strong>Two to three months out</strong></p>
<ul>
<li>Come for a scouting trip. Drive the commute. Drive it at rush hour.</li>
<li>Tour in-town and acreage on the same trip so you can feel the difference rather than theorize about it.</li>
<li>If schools matter, visit the campuses and verify the zones with the district.</li>
</ul>
<p><strong>Under contract</strong></p>
<ul>
<li>Order the survey the day the option period starts.</li>
<li>Schedule inspection, septic inspection and well testing immediately. Rural inspectors book further out than city ones — negotiate a longer option period on a country property for exactly this reason.</li>
<li>Get the bound insurance quote.</li>
<li>Read the HOA documents and the title commitment's Schedule B in full.</li>
<li>One scheduling note that costs people money: if your contract executes Wednesday through Friday, part of your option period runs while the title company is closed. Under a short option that's a real problem. Push execution earlier in the week when you can.</li>
</ul>
<p><strong>After closing</strong></p>
<ul>
<li><strong>File your homestead exemption.</strong> The general deadline for filing an exemption application is before May 1 (Texas Comptroller). A buyer who acquires property after January 1 may receive the residence homestead exemption for the applicable portion of that tax year immediately upon qualifying, if the prior owner didn't already have it for that year (Kendall Appraisal District, March 2026). Filing is free — do it yourself and ignore anyone who mails you an offer to file it for a fee.</li>
<li>Put <strong>May 15</strong> on your calendar for protest season. See the <a href=""/boerne/property-taxes"">property tax guide</a> for how that works.</li>
<li>Register your well with Cow Creek GCD if it isn't already.</li>
</ul>
<h2>What I'd want you to know that isn't on a spreadsheet</h2>
<p>Boerne is a small town that is growing fast, and it feels like both of those things at once. Downtown is genuinely walkable and genuinely charming, and it is also genuinely small. People are friendly in a way that surprises coastal transplants and they are also aware that a lot of new people are arriving. Showing up curious goes a long way.</p>
<p>The Hill Country is beautiful and it is hard country. It floods fast, it droughts hard, cedar pollen in winter is real, and the deer will eat every plant you own. None of that is a reason not to come. It is a reason to buy with your eyes open rather than off a photograph.</p>
<hr>
<p><strong>Relocating from out of state?</strong> Send me your target price, your commute destination, and whether you're picturing a neighborhood or land. I'll come back with real tax numbers for the specific areas that fit, an honest read on the commute, and the two or three sub-markets worth your scouting trip. I do this for out-of-state buyers regularly and I'd rather you spend your trip efficiently than drive around figuring out the county lines.</p>
<p>Call or text <strong><a href=""tel:+1-830-446-3847"">830-446-3847</a></strong> · Email <strong><a href=""mailto:heath.shepard@kw.com"">heath.shepard@kw.com</a></strong></p>
<p><em>Heath Shepard, REALTOR — Keller Williams, Boerne and San Antonio. Eleven years in Texas real estate, with a background in land development.</em></p>","","","","","guide","","","","1985","draft"
"Boerne Property Taxes Explained","property-taxes","Boerne Property Taxes Explained: Rates, Exemptions and How to Protest","Every Kendall County tax rate, every exemption, the 10% cap, ag valuation and the protest process — with the real 2025 numbers from the appraisal district.","Boerne is in Kendall County, not Bexar. Tax year 2025 adopted rates: Boerne ISD 1.0109, City of Boerne 0.4716, Kendall County 0.3770, Cow Creek GCD 0.0050 — 1.8645 combined inside city limits, 1.3929 unincorporated. Neither the city nor the county offers a general homestead exemption; only the $140,000 school exemption applies. Protest by May 15.","<p>Everything below comes from the Kendall Appraisal District's own published rate and exemption schedules and its 2025 certified appraisal roll. No estimates, no &quot;approximately.&quot;</p>
<p><strong>Start here:</strong> Boerne is in <strong>Kendall County</strong>. It is not in Bexar County and it is not part of the City of San Antonio. If you're reading a property tax article about &quot;San Antonio area&quot; rates, exemptions, or ordinances, it does not describe your Boerne bill.</p>
<h2>Who taxes a Boerne property</h2>
<p>Adopted rates for tax year 2025, per Kendall Appraisal District:</p>
<table>
<thead>
<tr>
<th>Taxing entity</th>
<th>Code</th>
<th>Rate per $100</th>
<th>Homestead</th>
<th>Over-65</th>
<th>Disabled</th>
</tr>
</thead>
<tbody>
<tr>
<td>Boerne ISD</td>
<td>SBN</td>
<td>1.0109</td>
<td>$140,000</td>
<td>$60,000</td>
<td>$60,000</td>
</tr>
<tr>
<td>Comfort ISD</td>
<td>SCF</td>
<td>0.9328</td>
<td>$140,000</td>
<td>$60,000</td>
<td>$60,000</td>
</tr>
<tr>
<td>City of Boerne</td>
<td>CBN</td>
<td>0.4716</td>
<td>—</td>
<td>—</td>
<td>—</td>
</tr>
<tr>
<td>Kendall County</td>
<td>GKE</td>
<td>0.3770</td>
<td>—</td>
<td>$10,000</td>
<td>$10,000</td>
</tr>
<tr>
<td>Cow Creek Groundwater Conservation District</td>
<td>WCC</td>
<td>0.0050</td>
<td>—</td>
<td>—</td>
<td>—</td>
</tr>
<tr>
<td>Kendall County MUD #1</td>
<td>MCD</td>
<td>0.6500</td>
<td>—</td>
<td>—</td>
<td>—</td>
</tr>
<tr>
<td>Miralomas MUD</td>
<td>MML</td>
<td>1.0000</td>
<td>—</td>
<td>—</td>
<td>—</td>
</tr>
<tr>
<td>Kendall County WCID #1</td>
<td>WCF</td>
<td>0.166106</td>
<td>—</td>
<td>—</td>
<td>—</td>
</tr>
</tbody>
</table>
<p>All entities offer the state disabled veteran partial exemptions: <strong>DV1 $5,000, DV2 $7,500, DV3 $10,000, DV4 $12,000</strong>.</p>
<p>A tax ceiling freeze is offered by the City of Boerne, Boerne ISD, Comfort ISD and Kendall County for a qualifying homestead with an over-65 or disabled person exemption.</p>
<h3>Combined rates, as published by the appraisal district</h3>
<table>
<thead>
<tr>
<th>Jurisdiction stack</th>
<th>Combined rate</th>
</tr>
</thead>
<tbody>
<tr>
<td>City of Boerne + County + Boerne ISD + Cow Creek</td>
<td><strong>1.864500</strong></td>
</tr>
<tr>
<td>County + Boerne ISD + Cow Creek (unincorporated)</td>
<td><strong>1.392900</strong></td>
</tr>
<tr>
<td>County + Boerne ISD + Cow Creek + MUD #1</td>
<td><strong>2.042900</strong></td>
</tr>
<tr>
<td>County + Boerne ISD + Cow Creek + Miralomas MUD</td>
<td><strong>2.392900</strong></td>
</tr>
<tr>
<td>County + Comfort ISD + Cow Creek</td>
<td><strong>1.314800</strong></td>
</tr>
<tr>
<td>County + Comfort ISD + Cow Creek + WCID #1</td>
<td><strong>1.480906</strong></td>
</tr>
</tbody>
</table>
<p><strong>The single biggest lever on your Boerne tax bill is whether the parcel is inside city limits.</strong> On the median area sale price of about $602,600 (as of September 2026, per SABOR MLS), the City of Boerne's 0.4716 rate is <strong>$2,841.86 a year</strong> — about $237 a month of escrow.</p>
<h2>The exemption fact that surprises everyone</h2>
<p><strong>Neither the City of Boerne nor Kendall County offers a general residence homestead exemption.</strong> Look at the table above: the homestead column is blank for both. Kendall County offers $10,000 for over-65 and disabled persons. The City of Boerne offers a freeze for qualifying over-65 and disabled homesteads but no general homestead reduction.</p>
<p>The only general homestead exemption on your Boerne bill is the state-mandated <strong>$140,000 school district exemption</strong>, reflected at both Boerne ISD and Comfort ISD on the appraisal district's published schedule.</p>
<p>That is a real difference from Bexar County, where the county, the city, the hospital district, the community college district and the river authority each offer their own local homestead exemption. If you're relocating from San Antonio, don't assume your exemption savings scale.</p>
<h3>What the homestead exemption is actually worth here</h3>
<p>$140,000 × 1.0109% = <strong>$1,415.26 a year</strong>. That's it — the school district piece is the whole benefit.</p>
<p>File it anyway, for a second reason that matters more over time: the homestead exemption is what starts your 10% annual appraisal cap.</p>
<h2>The rate history</h2>
<p><strong>Boerne ISD</strong> (Kendall Appraisal District):</p>
<table>
<thead>
<tr>
<th>Tax year</th>
<th>Rate</th>
<th>School homestead exemption</th>
</tr>
</thead>
<tbody>
<tr>
<td>2016</td>
<td>1.3160</td>
<td>$25,000</td>
</tr>
<tr>
<td>2017</td>
<td>1.3540</td>
<td>$25,000</td>
</tr>
<tr>
<td>2018</td>
<td>1.3540</td>
<td>$25,000</td>
</tr>
<tr>
<td>2019</td>
<td>1.2840</td>
<td>$25,000</td>
</tr>
<tr>
<td>2020</td>
<td>1.2519</td>
<td>$25,000</td>
</tr>
<tr>
<td>2021</td>
<td>1.2046</td>
<td>$25,000</td>
</tr>
<tr>
<td>2022</td>
<td>1.1786</td>
<td>$40,000</td>
</tr>
<tr>
<td>2023</td>
<td>0.9932</td>
<td>$100,000</td>
</tr>
<tr>
<td>2024</td>
<td>0.9909</td>
<td>$100,000</td>
</tr>
<tr>
<td>2025</td>
<td>1.0109</td>
<td>$140,000</td>
</tr>
</tbody>
</table>
<p><strong>City of Boerne</strong>: 0.4720 from 2016 through 2021, 0.4510 in 2022, 0.4766 in 2023, and 0.4716 in both 2024 and 2025.</p>
<p><strong>Kendall County</strong>: 0.3940 in 2016, 0.4127 from 2017 through 2021, 0.3877 in 2022, 0.3827 in 2023 and 2024, and 0.3770 in 2025 — a decrease approved by Commissioners Court in August 2025 (Community Impact, August 27, 2025).</p>
<p>The 2025 Boerne ISD increase was a <strong>voter-approval tax rate election</strong>. The district's published rate sheet carried an asterisk — &quot;Pending Voter Approval — Election Date 11/4/2025&quot; — until the result was certified. It passed and was canvassed November 18, 2025, generating about $4.8 million ($3 million local, $1.8 million state), with more than 80% going to compensation, including raising the teacher minimum starting salary from $55,142 to $60,000 (Community Impact, November 18, 2025).</p>
<h2>Worked examples</h2>
<p>All on a $602,600 assessed value with only the general residence homestead exemption:</p>
<p><strong>Inside Boerne city limits, Boerne ISD</strong></p>
<ul>
<li>Boerne ISD: ($602,600 − $140,000) × 1.0109% = $4,676.43</li>
<li>City of Boerne: $602,600 × 0.4716% = $2,841.86</li>
<li>Kendall County: $602,600 × 0.3770% = $2,271.80</li>
<li>Cow Creek GCD: $602,600 × 0.0050% = $30.13</li>
<li><strong>Total: $9,820.22</strong> — an effective rate of 1.63%</li>
</ul>
<p><strong>Unincorporated Kendall County, Boerne ISD</strong></p>
<ul>
<li>Boerne ISD: $4,676.43</li>
<li>Kendall County: $2,271.80</li>
<li>Cow Creek GCD: $30.13</li>
<li><strong>Total: $6,978.36</strong> — an effective rate of 1.16%</li>
</ul>
<p><strong>Same house, no homestead exemption (second home or rental), in city limits</strong></p>
<ul>
<li>$602,600 × 1.8645% = <strong>$11,235.48</strong></li>
</ul>
<p><strong>In Miralomas MUD, with homestead</strong></p>
<ul>
<li>$6,978.36 + ($602,600 × 1.0000% = $6,026.00) = <strong>$13,004.36</strong></li>
</ul>
<h2>Exemptions, one by one</h2>
<h3>General residence homestead — $140,000 (school districts)</h3>
<p>Texas Tax Code 11.13(b) requires school districts to provide a $140,000 residence homestead exemption (Texas Comptroller). Kendall Appraisal District's adopted exemption schedule reflects $140,000 at Boerne ISD and Comfort ISD for tax year 2025, up from $100,000 in 2024 and $40,000 in 2022.</p>
<p>A homestead is generally the home and land used as the owner's principal residence on January 1 of the tax year. Important for buyers: a person who acquires property after January 1 may receive the residence homestead exemption for the applicable portion of that tax year <strong>immediately upon qualifying</strong>, if the preceding owner did not already receive the same exemption for that year (Kendall Appraisal District, March 2026).</p>
<p>The general deadline for filing an exemption application is before May 1 (Texas Comptroller). <strong>It is free.</strong> If you get a letter offering to file it for you for a fee, throw it away.</p>
<h3>Over-65 and disabled person</h3>
<p>An additional <strong>$60,000</strong> school district exemption under Tax Code 11.13(c), plus <strong>$10,000</strong> from Kendall County. The City of Boerne offers no additional amount but does offer a freeze.</p>
<p>The <strong>tax ceiling freeze</strong> is the more valuable piece for most seniors. Once set, further rate or value increases don't raise your tax for that entity. Boerne ISD's 2025 roll shows <strong>4,772 over-65 accounts under a ceiling</strong> and the City of Boerne's shows 1,466 (Kendall Appraisal District, 2025 Certified Totals).</p>
<p>The freeze does not transfer to a buyer. If you're buying from a senior under a freeze, your bill will be materially different from theirs.</p>
<h3>Disabled veteran</h3>
<p>Partial exemptions by disability rating: DV1 $5,000, DV2 $7,500, DV3 $10,000, DV4 $12,000, offered by every entity in the county.</p>
<p>Separately, Texas law provides a <strong>100 percent homestead exemption for 100 percent disabled veterans and their surviving spouses</strong>, as well as for surviving spouses of service members killed or fatally injured in the line of duty (Kendall Appraisal District, March 2026).</p>
<p>This is a significant feature of the Boerne market. Boerne ISD's 2025 certified roll shows <strong>713 accounts</strong> under the 100% disabled veteran homestead exemption, worth <strong>$354.6 million</strong> in exempted value, plus 37 surviving-spouse accounts worth $10.2 million. If you're a disabled veteran considering Boerne, this exemption should be part of your math from the beginning.</p>
<h3>Agricultural and wildlife management valuation</h3>
<p>This is the largest single tax feature in Kendall County and it gets almost no coverage.</p>
<p>Boerne ISD's 2025 roll shows <strong>$1.98 billion in agricultural market value</strong> appraised at <strong>$9.2 million</strong> under productivity valuation — a productivity loss of <strong>$1.97 billion</strong> (Kendall Appraisal District, 2025 Certified Totals). A great deal of this county is still ranch land carrying a 1-d-1 open-space valuation.</p>
<p>Qualifying, per the Kendall County Ag Use Manual:</p>
<ul>
<li>The land must have been used <strong>principally for agriculture for five of the preceding seven years</strong>.</li>
<li><strong>Cow/calf</strong>: minimum of 3 calves and 10 acres.</li>
<li><strong>Sheep</strong>: ewes plus one ram on 10 acres. <strong>Goats</strong>: 6 does and a buck, minimum 10 acres.</li>
<li><strong>Exotics</strong>: minimum 10 acres with wire mesh fencing.</li>
<li><strong>Beekeeping</strong>: not less than 5 nor more than 20 acres, minimum of 6 hives.</li>
<li><strong>Orchard, vineyard or market garden</strong>: minimum 3 acres. Family gardens do not qualify.</li>
<li><strong>Wildlife management</strong>: a minimum of three approved practices, with the land already qualified under 1-d-1.</li>
</ul>
<p>Stocking rates are set by range type: Improved Grass Range 1 animal unit per 5 acres; Native Range I 1 AU per 10 acres; Native Range II 1 AU per 25 acres; Native Range III (oak) 1 AU per 35 acres; Native Range III (cedar) 1 AU per 50 acres.</p>
<p><strong>Buyer warning:</strong> if you buy land with an ag valuation and don't continue a qualifying use, you can trigger a rollback of back taxes. Decide before closing whether you intend to maintain it, and get your plan in front of the appraisal district.</p>
<h2>The caps</h2>
<h3>10% homestead appraisal cap</h3>
<p>Once a residence homestead exemption is in place, appraised value can rise no more than 10% per year plus the value of new improvements. In Boerne ISD alone, this removed <strong>$543.2 million</strong> of value from the 2025 roll.</p>
<p>It applies only to homesteads, and it resets when the property sells. That reset is the single most common source of first-year tax shock for buyers here.</p>
<h3>The 20% non-homestead circuit breaker (Tax Code 23.231)</h3>
<p>Texas SB 2 (2023) created a temporary 20% annual appraisal cap on non-homestead real property at or below an indexed value threshold — $5,000,000 for 2024, $5,160,000 for 2025 and $5,320,000 for 2026. It applies to rental homes, commercial property and other investment real estate. It <strong>expires December 31, 2026 unless the legislature renews it.</strong></p>
<p>In Boerne ISD, it removed $68.6 million of value from the 2025 roll — smaller than the homestead cap, but real if you own rentals here.</p>
<p>If you hold non-homestead property in Kendall County, watch this. Its expiration would be a meaningful change to your 2027 tax exposure.</p>
<h3>Deferrals</h3>
<p>Two exist and both are underused:</p>
<ul>
<li><strong>Residence homestead tax deferral</strong>: pay tax on 105% of the preceding year's appraised value plus taxes on new improvements; the remainder is deferred with interest accruing at 8% per year.</li>
<li><strong>Over-65, disabled, or disabled veteran deferral</strong>: defer current and delinquent taxes as long as you own and live in the home, with interest accruing at 5% per year.</li>
</ul>
<p>Both postpone taxes. Neither cancels them. Affidavits are available at the appraisal district.</p>
<h2>How to protest</h2>
<h3>The deadline</h3>
<p><strong>May 15, or 30 days after your Notice of Appraised Value was mailed, whichever is later.</strong> Your notice will state the deadline for your property. If it falls on a weekend or legal holiday it moves to the next business day.</p>
<p>Kendall Appraisal District accepts protests through its online portal at <strong>eprotest.kendallad.org</strong>, and by mail, in person or drop box.</p>
<h3>The steps</h3>
<p><strong>1. Get the district's evidence.</strong> You are entitled to the information the appraisal district used to value your property. Ask for it before your hearing, not at it.</p>
<p><strong>2. Request an informal meeting.</strong> Property owners can request an informal meeting with appraisal district staff to try to resolve the dispute before an ARB hearing. A large share of protests are settled here, and it is far less work than a hearing.</p>
<p><strong>3. The ARB hearing.</strong> A written protest must identify the owner, the property, and the reasons for dissatisfaction. The district publishes its ARB hearing procedures each year.</p>
<p><strong>4. If you're not satisfied:</strong> binding arbitration, an appeal to district court, or the State Office of Administrative Hearings. There is also <strong>limited binding arbitration</strong>, which compels the ARB or chief appraiser to comply with a procedural requirement.</p>
<h3>What actually works</h3>
<ul>
<li><strong>Unequal appraisal</strong> beats market-value arguments more often than owners expect. If comparable properties are appraised lower, that's a statutory ground.</li>
<li><strong>Condition evidence wins.</strong> Photographs of a failing roof, foundation movement, an outdated kitchen, or deferred maintenance are concrete. Contractor bids are better than photographs.</li>
<li><strong>A recent purchase price below the appraised value</strong> is strong evidence. Bring the closing statement.</li>
<li><strong>Bad property characteristics in the district's records</strong> — wrong square footage, a pool that doesn't exist, a finished-out space that isn't — are the easiest wins available and they're common. Pull your property record card at esearch.kendallad.org and read it line by line.</li>
<li><strong>Protest every year.</strong> The cap protects you from a 30% increase; it does not stop a 10% increase compounding annually.</li>
</ul>
<h3>Contact</h3>
<p><strong>Kendall Appraisal District</strong>
118 Market Avenue, Boerne, TX 78006
(830) 249-8012 · requestinfo@kendallad.org
Monday–Friday, 8:00 a.m. – 5:00 p.m.
Property search: esearch.kendallad.org · Protests and exemptions: eprotest.kendallad.org · Interactive map: gis.bisclient.com/kendallcad</p>
<h2>Common questions</h2>
<p><strong>Is Boerne in Bexar County?</strong>
No. Boerne is in Kendall County. Property is appraised by the Kendall Appraisal District. San Antonio and Bexar County rates, exemptions and ordinances do not apply.</p>
<p><strong>Why is my tax bill so much higher than the seller's was?</strong>
Because the 10% homestead appraisal cap and any over-65 ceiling freeze reset when the property sells. The property is reappraised to market — typically the price you just paid. Never underwrite off the prior owner's bill.</p>
<p><strong>Does Kendall County offer a homestead exemption?</strong>
Not a general one. Kendall County offers $10,000 for over-65 and disabled persons. The City of Boerne offers a freeze for qualifying over-65 and disabled homesteads but no general homestead reduction. Your general homestead exemption here comes entirely from the school district.</p>
<p><strong>When is the homestead exemption deadline?</strong>
The general deadline for filing an exemption application is before May 1. It is free to file.</p>
<p><strong>When are taxes due?</strong>
Tax statements go out in the fall and become delinquent February 1 of the following year. Confirm exact dates with the Kendall County Tax Assessor-Collector.</p>
<p><strong>Should I hire a protest company?</strong>
Sometimes. They typically take a percentage of your savings. On a straightforward residential protest with good condition evidence, most owners can do it themselves through the informal meeting. On a complex property, an unequal-appraisal argument, or if you simply won't do it otherwise, a professional beats not protesting.</p>
<hr>
<p><strong>Buying in Boerne and want the real tax number before you write an offer?</strong> Send me the address. I'll pull the exact combined rate for that parcel, confirm whether it's in a MUD or a WCID, check whether an ag valuation is in place and what a rollback would look like, and calculate your actual first-year bill after the cap resets — not the number on the listing.</p>
<p>I’m a 100% disabled veteran myself — if the DV exemption is part of your picture, tell me up front and I’ll run your numbers with it applied.</p>
<p>Call or text <strong><a href=""tel:+1-830-446-3847"">830-446-3847</a></strong> · Email <strong><a href=""mailto:heath.shepard@kw.com"">heath.shepard@kw.com</a></strong></p>
<p><em>Heath Shepard, REALTOR — Keller Williams, Boerne and San Antonio. Eleven years in Texas real estate, with a background in land development. Not a tax advisor or attorney — for tax planning, consult your CPA.</em></p>","","","","","guide","","","","2582","draft"
"Short-Term Rental Rules in Boerne, TX","short-term-rentals","Boerne, TX Short-Term Rental Rules: What the Ordinance Actually Says","Boerne's STR ordinance in full: $200 permit, 200-foot block-face rule, occupancy caps, insurance, HOT registration. San Antonio's rules do not apply.","San Antonio's short-term rental rules do not apply here. Boerne's Ordinance 2023-09 requires a permit for any STR inside city limits or the ETJ: $200 application, $100 inspection (ETJ exempt), two-year term. It bars operation within 200 feet of another STR on the same residential block face and caps occupancy at two per bedroom plus two.","<p><strong>Read this first: the City of San Antonio's short-term rental ordinance does not apply in Boerne.</strong> Boerne is in Kendall County, not Bexar County, and it is a separate home-rule municipality with its own code. San Antonio's permit types, fee schedule and density rules are irrelevant here. I've watched investors underwrite a Boerne deal off a San Antonio STR guide and get the economics wrong in both directions.</p>
<p>What follows comes from City of Boerne <strong>Ordinance No. 2023-09</strong>, which repealed and replaced Chapter 23 of the City Code.</p>
<h2>Where the ordinance applies</h2>
<p>Compliance is required &quot;before advertising, offering to rent, or renting to an occupant&quot; any residential single-family home, residential structure, accessory dwelling, manufactured or mobile home, or duplex &quot;located inside the area regulated by the city&quot; for a period of less than 30 consecutive days (Sec. 23-5).</p>
<p>Per the City's Short-Term Rentals page, any STR operating within Boerne city limits <strong>or the city's extraterritorial jurisdiction (ETJ)</strong> must be registered and permitted by the City.</p>
<p><strong>A short-term rental</strong> is defined as rental for compensation of any residence or residential structure, or portion of one — including a room in a home, an accessory dwelling, a manufactured/mobile home or a duplex — located in a zoning district where residential use is lawful, for overnight lodging of not more than 30 days. Hotels and motels are excluded (Sec. 23-3).</p>
<p>Three categories exist and they matter for how you're permitted:</p>
<ul>
<li><strong>Owner-occupied STR</strong> — the owner or tenant lives on the property and it is the owner's primary residence, &quot;as evidenced by a current residence homestead exemption filed with the Kendall County Appraisal District.&quot;</li>
<li><strong>Accessory dwelling / guest house STR</strong> — the owner lives on the property and rents a lawful accessory dwelling on the same lot.</li>
<li><strong>Unoccupied STR</strong> — a stand-alone home that is not the owner's principal residence.</li>
</ul>
<h2>Permit, fees and inspection</h2>
<p>Per Sec. 23-8:</p>
<table>
<thead>
<tr>
<th>Item</th>
<th>Requirement</th>
</tr>
</thead>
<tbody>
<tr>
<td>STR permit application fee</td>
<td><strong>$200</strong></td>
</tr>
<tr>
<td>City safety inspection fee</td>
<td><strong>$100</strong></td>
</tr>
<tr>
<td>Permit term</td>
<td><strong>Two years</strong> from effective date</td>
</tr>
<tr>
<td>Renewal</td>
<td>Within 30 days after expiration; may apply 30 days prior</td>
</tr>
<tr>
<td>Inspection alternative</td>
<td>A licensed inspector may perform it and report on the city's STR inspection checklist</td>
</tr>
<tr>
<td>ETJ properties</td>
<td><strong>Not required to obtain an inspection</strong></td>
</tr>
</tbody>
</table>
<p>The ordinance states these fees apply &quot;on the effective date of this ordinance, or as subsequently amended by the city fee ordinance.&quot; <strong>Confirm the current fee schedule with the City's Planning Department at (830) 248-1501 before you budget</strong> — fee ordinances get updated and the number in a 2023 ordinance is not guaranteed to be today's number.</p>
<p>Other permit mechanics worth knowing:</p>
<ul>
<li>Each registered STR gets a <strong>unique permit number</strong>, and that number must appear in all advertising, online or otherwise. Permit information is provided to the city police department (Sec. 23-8(e)).</li>
<li>The owner must notify the city in writing within <strong>20 calendar days</strong> of any change to information submitted on the application (Sec. 23-8(g)).</li>
<li><strong>Permits do not automatically transfer.</strong> A new owner may reserve the permit within 90 days of the ownership change, but must complete a new application and inspection and pay the fees. The permit cannot be moved to a different location. Before reservation, the current owner must give the new owner a <strong>Certificate of Paid Hotel Taxes</strong> from the city finance department (Sec. 23-8(h)).</li>
<li>Any owner delinquent on fees or taxes owed to the city — including hotel occupancy tax and utility service fees — is <strong>prohibited from registering</strong> until paid in full (Sec. 23-8(f)(3)).</li>
</ul>
<p>That transfer provision is the one that bites in a transaction. If you're buying an operating STR in Boerne, the permit does not come with the house automatically. Build the 90-day reservation window, the new inspection, and the Certificate of Paid Hotel Taxes into your contract. I put this in writing during the option period on every STR purchase.</p>
<h2>The density rule</h2>
<p>In areas zoned for residential use:</p>
<blockquote>
<p>&quot;no short-term rental shall operate within 200 feet of another short-term rental on the same block face, measured property line to property line. Only one short-term rental may operate on any lot, property or parcel in an area zoned for residential use.&quot; (Sec. 23-7(a)(1)(a))</p>
</blockquote>
<p><strong>In the Historic, Downtown and River Road Overlay Districts:</strong></p>
<ul>
<li>Properties zoned <strong>commercial</strong> may operate an STR with <strong>no separation requirement</strong>.</li>
<li>Properties zoned <strong>residential</strong> are still subject to the 200-foot rule (Sec. 23-7(a)(1)(b)).</li>
</ul>
<p><strong>All other commercial zoning districts</strong>: STRs may not operate, except as permitted in the overlay provision above (Sec. 23-7(a)(1)(c)).</p>
<p><strong>A special exception is available.</strong> An owner may apply to the zoning board of adjustment under Section 1.12(C) of the city's Unified Development Code. The board may consider whether operation in excess of the density limit would adversely impact residential quality, disrupt neighbors' quiet enjoyment, impact nearby streets and parking, whether the applicant wants to rent the whole residence or part of it, whether the applicant occupies the property as a primary residence or holds it as an investment, and whether other STRs beyond the separation distance already operate on that block (Sec. 23-7(a)(1)(d)).</p>
<p>Note the fifth factor. <strong>An owner-occupant applying for a special exception is explicitly treated differently from an investor.</strong> If you're buying purely as an investment and you need a special exception to make the deal work, understand the odds before you go hard on earnest money.</p>
<p><strong>Legal nonconforming status:</strong> an STR lawfully in existence based on preexisting permits and current hotel occupancy tax remittance on the ordinance's effective date is a legal nonconforming use, and renewal or transfer of that existing permit is <strong>not subject to the minimum separation distance</strong> (Sec. 23-9(d)(1)). If you're buying an established Boerne STR, whether it carries that grandfathered status is a material question — ask, and get it confirmed by the City in writing.</p>
<h2>Operating requirements</h2>
<p><strong>Occupancy</strong> (Sec. 23-7(a)(2)): two persons per bedroom, plus two additional. A three-bedroom house caps at eight. A special exception is available from the zoning board of adjustment, which may also weigh property size and fire safety.</p>
<p><strong>Parking</strong> (Sec. 23-7(a)(7)): a minimum of one on-site parking space per bedroom rented. On-street parking may count if it abuts the property, is at least 25 feet long per space, and leaves clear space for a mailbox and trash receptacle.</p>
<p><strong>Insurance</strong> (Sec. 23-6(b)(6)): minimum liability coverage of <strong>$500,000 per occurrence and $1,000,000 in the aggregate</strong>, with an endorsement giving the city at least 30 days' notice of cancellation, non-renewal or material change — 10 days for non-payment.</p>
<p><strong>Hotel occupancy tax</strong> (Sec. 23-7(a)(4)): the owner or operator must register with the city finance department to pay hotel occupancy taxes <strong>before the permit application is approved</strong>, and must remit them in a timely manner. Boerne's hotel occupancy tax is <strong>7% city</strong> on top of the <strong>6% state</strong> rate (City of Boerne).</p>
<p><strong>Signage</strong> (Sec. 23-7(a)(3)): no signs identifying the STR, except a single nameplate not exceeding one square foot attached flat to the main building.</p>
<p><strong>Advertising</strong> (Sec. 23-7(a)(11)): every listing must include the occupancy limits, parking standards, and the city permit number.</p>
<p><strong>Events prohibited</strong> (Sec. 23-7(a)(10)): it is unlawful to advertise, promote or operate a special event on the premises — event center operations, banquets, weddings, receptions, reunions, parties, concerts or similar activities assembling large numbers of invitees. <strong>This kills the Hill Country wedding-venue-plus-STR business model inside the regulated area.</strong> If that's your plan, it needs a different property and a different jurisdiction.</p>
<p><strong>Minimum stay</strong> (Sec. 23-7(a)(9)): no rental for less than one night.</p>
<p><strong>Temporary structures prohibited</strong> (Sec. 23-7(a)(5)): no RV, tent or temporary structure of any kind may be used as an STR.</p>
<p><strong>Noise</strong> (Sec. 23-7(a)(8)): city noise ordinance (Chapter 14, Article V) applies.</p>
<p><strong>Well and septic</strong> (Sec. 23-7(a)(12)): if served by well and/or septic, those facilities must be maintained to meet the regulatory requirements of Cow Creek Groundwater Conservation District and Kendall County specifications as applicable.</p>
<p><strong>Local authorized representative</strong>: the application must name a representative with a <strong>24-hour contact number</strong> who responds to complaints and emergency conditions including fire, natural disaster, flood, burst pipes, collapse hazard, emergency repairs and violent crime (Sec. 23-3, 23-6(b)(1)(e)).</p>
<p><strong>HOA notice</strong>: the application must include confirmation that notice of STR use was provided to the HOA, if applicable (Sec. 23-6(b)(8)).</p>
<p><strong>Guest information</strong> (Sec. 23-7(b)): posted in the unit and provided online — owner/operator contact, the 24-hour representative's number, neighborhood information including parking, noise, trash schedule and water restrictions, <strong>whether the property is in a floodplain</strong>, emergency contacts and weather alert instructions, and a floor plan sketch showing sleeping areas, maximum guests, evacuation routes, fire extinguisher locations and authorized parking.</p>
<h2>Enforcement and penalties</h2>
<p>A violation is a <strong>class C misdemeanor</strong> (Sec. 23-9(c)). Fines run up to $2,000 plus court costs for violations of regulations governing fire safety, zoning, or public health and sanitation; $4,000 plus court costs for dumping of refuse; and $500 plus court costs for all other violations. <strong>Each act of violation and each day a violation occurs is a separate offense.</strong></p>
<p>Any advertisement promoting a property in the city for rent for less than 30 days is <strong>prima facie evidence</strong> of use as an STR (Sec. 23-9(b)). Operating unpermitted while listed publicly is not a defensible position.</p>
<p><strong>Revocation</strong> grounds include failure to remit hotel occupancy tax within 60 days of a delinquency notice, failure to renew within 30 days, the dwelling being declared substandard, or non-collection of hotel occupancy tax for 24 months (with exceptions for renovation, use as a primary residence, or other reasonable justification). Three or more violations of the ordinance in a 12-month period, or five or more violations of other law within 24 months, can also trigger revocation. After a revocation or denial, <strong>no new permit may be sought for that property for twelve months</strong> — and the ordinance elsewhere states at least one year. Operations must stop within 10 days of notice.</p>
<p>Appeals go to the city manager within 20 days; the city manager must hear the appeal within 10 days and may affirm, modify or reverse. Judicial review requires filing within 30 days of the decision notice.</p>
<h2>What about unincorporated Kendall County?</h2>
<p>Here I'm going to give you a non-answer, on purpose.</p>
<p>Kendall County &quot;does not regulate land use and has not adopted zoning regulations in the unincorporated areas of the County&quot; (Kendall County Engineer verification letter, March 4, 2026). That tells you the county has no <em>zoning</em>. It does not establish that the county has no short-term rental regulation, and it does not address the City of Boerne's ETJ, which extends beyond the city limits and where the City's STR ordinance does apply.</p>
<p><strong>Before you underwrite a short-term rental on an unincorporated Kendall County property, call the City of Boerne Planning Department at (830) 248-1501 to confirm whether the parcel is in the ETJ, and call Kendall County to confirm what county requirements apply. Get it in writing.</strong> I'm not going to tell you a property is unregulated based on the absence of an ordinance I happened not to find.</p>
<p>And regardless of what the city or county says: <strong>check the deed restrictions.</strong> In a county with no zoning, subdivision covenants are the operative land-use control, and many Kendall County subdivisions prohibit short-term rentals outright.</p>
<hr>
<p><strong>Buying a Boerne property to short-term rent?</strong> Send me the address and I'll check whether it's in city limits, in the ETJ, or unincorporated; look at the block face for the 200-foot separation issue; pull the deed restrictions; and tell you whether an existing permit carries grandfathered nonconforming status. Those four things decide whether your pro forma is real, and all four are answerable before you spend a dollar on inspections.</p>
<p>Call or text <strong><a href=""tel:+1-830-446-3847"">830-446-3847</a></strong> · Email <strong><a href=""mailto:heath.shepard@kw.com"">heath.shepard@kw.com</a></strong></p>
<p><em>Heath Shepard, REALTOR — Keller Williams, Boerne and San Antonio. Eleven years in Texas real estate, with a background in land development. This page summarizes a city ordinance and is not legal advice — verify current requirements and fees directly with the City of Boerne.</em></p>","","","","","guide","","","","2011","draft"
"Buying Land and Acreage in Kendall County, TX","land-and-acreage","Buying Land and Acreage in Kendall County, TX","Kendall County land: no zoning, no residential building code, wells, septic feasibility, ag valuation rollback and dark-sky permits. What to verify first.","Kendall County has no zoning and no building code for single-family residential in unincorporated areas, so recorded deed restrictions are the only land-use control. Two items decide a land deal: septic feasibility, which needs a licensed site evaluator and a contract contingency, and well yield. Losing a 1-d-1 ag valuation triggers a rollback of back taxes.","<p>Kendall County is still, substantially, ranch country. The appraisal district's 2025 certified roll shows <strong>$1.98 billion in agricultural market value inside Boerne ISD alone</strong>, appraised at $9.2 million under productivity valuation — a productivity loss of $1.97 billion (Kendall Appraisal District, 2025 Certified Totals, as of Supplement 47, December 3, 2025). Roughly two-thirds of the taxable property accounts in Boerne ISD sit outside Boerne city limits.</p>
<p>Buying land here is a different transaction from buying a house. The failure modes are different, the diligence is different, and the cost of getting it wrong is larger — because unlike a house, land can turn out to be unbuildable.</p>
<h2>The first thing to understand: nobody is protecting you</h2>
<p>The Kendall County Engineer's office puts it plainly:</p>
<blockquote>
<p>&quot;Kendall County does not regulate land use and has not adopted zoning regulations in the unincorporated areas of the County.&quot;</p>
<p>&quot;While Kendall County has not adopted building codes for single family residential developments, the County has adopted a Fire Code administered by the Kendall County Fire Marshal...&quot;</p>
<p><em>(Kendall County Engineer, Permits Required, Building Codes, Certificates of Occupancy, and Zoning Regulations Verification Letter, March 4, 2026)</em></p>
</blockquote>
<p>What the county <strong>does</strong> regulate: 911 addressing, subdivision of property, floodplain management, and permits for &quot;placement or modification of driveways, any work within County-maintained right of way, outdoor lighting, on-site sewage facilities, and any site improvements whether within or outside of the floodplain.&quot; Development is defined broadly — &quot;any man-made change to improved and unimproved real estate,&quot; including buildings, mining, dredging, filling, grading, paving, excavation, drilling, or storage of equipment or materials.</p>
<p>The Kendall County Health Department may also have requirements for certain multi-family and non-residential development. The Fire Marshal issues Certificates of Compliance and Certificates of Occupancy for certain multi-family and non-residential development.</p>
<p>The letter closes with the sentence that should govern your entire purchase: &quot;The property owner must also abide by any subdivision conditions, covenants, restrictions and deed restrictions and home owners' association requirements in effect.&quot;</p>
<p><strong>Translation:</strong> your deed restrictions are your zoning. If they don't prohibit it, your neighbor can do it. Read them completely, and read them for what they permit as much as what they forbid.</p>
<h2>Septic feasibility: the question that decides the deal</h2>
<p>On vacant land, this is the first thing to answer and the most common reason a land purchase falls apart.</p>
<p>Kendall County permits on-site sewage facilities and approves or denies an application within 30 days of receipt. Statewide rules live in TCEQ's 30 TAC Chapter 285, with county environmental health departments acting as Authorized Agents handling day-to-day permitting — and local programs can be more stringent than the state minimum.</p>
<p>What you need:</p>
<ul>
<li>A <strong>licensed site evaluator</strong> to conduct a soil evaluation. Hill Country soil is frequently thin over limestone, and thin soil over rock drives you from a conventional system to an aerobic or other alternative system — a significant cost difference.</li>
<li>Confirmation of setbacks from wells, property lines, water features and easements.</li>
<li>A determination of what <strong>system type</strong> can be permitted, because that determines cost.</li>
<li>On steep terrain, confirmation that a drain field or spray area actually fits where the house needs to go.</li>
</ul>
<p><strong>Make the contract contingent on septic feasibility.</strong> A land contract with no septic contingency on an unevaluated tract is a gamble, not a purchase.</p>
<p>For an existing home, get the OSSF permit on file, the system design, the maintenance and pumping history, the maintenance contract status on an aerobic system, and a dedicated septic inspection. The general home inspector's look at a septic system is not a septic inspection.</p>
<h2>Water: the other question that decides the deal</h2>
<p>Kendall County sits inside the <strong>Hill Country Priority Groundwater Management Area</strong> — the region was declared a Critical Groundwater Area in 1990 — over the <strong>Trinity Aquifer</strong>. The <strong>Cow Creek Groundwater Conservation District</strong> was created by county voters on November 5, 2002, to conserve, preserve, recharge, protect and prevent waste of groundwater in the county.</p>
<p>Texas law exempts most single-household domestic wells and many agricultural and livestock uses from permitting. Exempt is not the same as unregulated: districts can still require registration and spacing, and can set limits for permitted users during drought.</p>
<p>Your diligence list on an existing well:</p>
<ul>
<li><strong>Yield test</strong>, current, in writing. Not &quot;the seller says it makes 15 gallons a minute.&quot;</li>
<li><strong>Water quality test</strong> — bacteriological and chemical.</li>
<li><strong>Registration status</strong> with Cow Creek GCD.</li>
<li><strong>Well depth, casing depth and which formation it produces from.</strong> A shallow well in the upper Trinity behaves very differently in drought than a deeper one.</li>
<li><strong>Pump age and service history.</strong></li>
<li><strong>Drought performance.</strong> Ask neighbors. This is the one question where local memory beats any document.</li>
<li>If it's a <strong>shared well</strong>, read the shared-well agreement line by line: who pays for the pump, who controls access, what happens when the other party won't pay, and what the remedy is.</li>
</ul>
<p>On raw land with no well, get a drilling quote and talk to a local driller about what depth and yield is typical <em>on that specific side of the county</em>. It is not uniform.</p>
<p>Also confirm whether the tract is within a <strong>water supply corporation</strong> or <strong>Kendall County WCID #1</strong> service area — WCID #1 carries its own tax rate of 0.166106 (Kendall Appraisal District, 2025), and service availability and connection fees are their own investigation.</p>
<h2>Agricultural valuation: worth real money, and easy to lose</h2>
<p>A 1-d-1 open-space agricultural valuation is the difference between paying tax on market value and paying tax on productivity value. In Boerne ISD, ag land carried $1.98 billion in market value and $9.2 million in productivity value in 2025. That is the scale of what's at stake.</p>
<p>From the <strong>Kendall County Ag Use Manual</strong>, the district's own published guidelines:</p>
<p><strong>History requirement:</strong> the land must have been used principally for agriculture or timber production for <strong>five of the preceding seven years</strong>.</p>
<p><strong>Degree of intensity, by enterprise:</strong></p>
<table>
<thead>
<tr>
<th>Enterprise</th>
<th>Kendall County minimum</th>
</tr>
</thead>
<tbody>
<tr>
<td>Cow/calf</td>
<td>Minimum 3 calves and 10 acres</td>
</tr>
<tr>
<td>Sheep</td>
<td>Ewes plus 1 ram on 10 acres</td>
</tr>
<tr>
<td>Goats</td>
<td>6 does and 1 buck, minimum 10 acres</td>
</tr>
<tr>
<td>Exotics</td>
<td>Minimum 10 acres, wire mesh fencing</td>
</tr>
<tr>
<td>Beekeeping</td>
<td>Not less than 5 nor more than 20 acres; minimum 6 hives</td>
</tr>
<tr>
<td>Orchard / vineyard</td>
<td>Minimum 3 acres</td>
</tr>
<tr>
<td>Market garden</td>
<td>Minimum 3 acres — family gardens do not qualify</td>
</tr>
<tr>
<td>Wildlife management</td>
<td>Minimum of three approved practices</td>
</tr>
</tbody>
</table>
<p><strong>Stocking rates by range type:</strong></p>
<table>
<thead>
<tr>
<th>Range type</th>
<th>Carrying capacity</th>
</tr>
</thead>
<tbody>
<tr>
<td>Improved Grass Range</td>
<td>1 animal unit per 5 acres</td>
</tr>
<tr>
<td>Native Range I</td>
<td>1 AU per 10 acres</td>
</tr>
<tr>
<td>Native Range II</td>
<td>1 AU per 25 acres</td>
</tr>
<tr>
<td>Native Range III (oak)</td>
<td>1 AU per 35 acres</td>
</tr>
<tr>
<td>Native Range III (cedar)</td>
<td>1 AU per 50 acres</td>
</tr>
</tbody>
</table>
<p>An animal unit is a 1,000-pound cow.</p>
<p>Those cedar and oak numbers are the practitioner detail buyers miss. A 40-acre cedar-covered tract at 1 AU per 50 acres does not carry enough capacity to meet a cow/calf degree-of-intensity standard on its own. <strong>Acreage alone does not qualify you.</strong> Range condition does.</p>
<h3>The rollback</h3>
<p>If you buy land under an ag valuation and stop the qualifying use, you can trigger a <strong>rollback of back taxes</strong>. On a tract carrying a productivity valuation that's a fraction of market value, that liability can be substantial.</p>
<p>Decide before you close:</p>
<ul>
<li>Are you continuing the existing use? Then get the lease, the livestock arrangement or the wildlife plan documented and in place at closing — not &quot;sometime after we move in.&quot;</li>
<li>Are you converting to residential? Then price the rollback into your offer and know the number before you sign.</li>
<li><strong>Wildlife management</strong> is the common path for buyers who want the valuation without running livestock. It requires the land to already qualify under 1-d-1 and a Texas Parks &amp; Wildlife-compliant plan implementing a minimum of three approved practices. Get a wildlife biologist involved before closing, not after the first tax notice.</li>
</ul>
<h2>Access, easements and the survey</h2>
<p>Order a <strong>new survey</strong>. An old one that predates a fence line, a pond, an outbuilding or a neighbor's improvement will cost you far more in a boundary dispute than the survey saved.</p>
<p>What the survey and the title commitment's Schedule B need to establish:</p>
<ul>
<li><strong>Legal access</strong>, not just a gravel road that has always been there. A tract with only historical access and no recorded easement is a real problem.</li>
<li><strong>Easement locations</strong> — pipeline, electric, water, drainage. A pipeline easement through the middle of your building site is the most expensive thing you can discover after closing.</li>
<li><strong>Encroachments</strong> in either direction.</li>
<li><strong>Floodplain</strong> boundaries relative to the building site.</li>
<li><strong>Mineral and surface rights.</strong> In Texas these sever, and in a county with any oil, gas or aggregate interest the surface owner can end up with an operator's surface rights they didn't expect. Ask what conveys.</li>
</ul>
<h2>Floodplain and drainage</h2>
<p>Kendall County administers floodplain management and requires permits for site improvements whether inside or outside the floodplain. Cibolo Creek and its tributaries have flooded the Boerne area repeatedly, and flood zone designation varies parcel by parcel — sometimes within the same subdivision.</p>
<p>Pull the FEMA FIRM panel for the exact parcel. Then go further, because FEMA maps do not capture every risk in Central Texas:</p>
<ul>
<li>Walk the property and find the drainage. Where does water go in a hard rain?</li>
<li><strong>Where is the low-water crossing between the building site and the paved road?</strong> A property that's dry but unreachable eight times a year is a real problem that no flood map shows you.</li>
<li>Ask about the 2013 and earlier events specifically. People here remember.</li>
</ul>
<h2>Dark sky lighting</h2>
<p>Kendall County requires a <strong>permit prior to the installation of any outdoor lights</strong>, and regulated outdoor lighting must use International Dark-Sky Association compliant products installed per manufacturer or IDA specifications. The county adopted a night sky resolution in January 2020 and has pursued International Dark Sky Community designation. The City of Boerne has its own dark-sky regulations in its Unified Development Code.</p>
<p>If you're planning an arena, a lit sport court, security lighting on a shop or extensive landscape lighting, check the requirements before you design and budget. This is one of the genuinely good things about living here — the night sky in Kendall County is worth protecting — but it is a permit, not a suggestion.</p>
<h2>Utilities and infrastructure cost</h2>
<p>Outside city limits there are no city utilities. Electric service comes from a cooperative — Bandera Electric Cooperative and Pedernales Electric Cooperative both serve portions of Kendall County, and the City of Boerne's own PUC-defined electric service area extends somewhat beyond the city limits, so verify who serves the specific parcel.</p>
<p>Budget lines people forget on raw land:</p>
<ul>
<li>Electric <strong>service extension</strong> to a remote building site. This can be a five-figure number and it is quoted by the cooperative, not estimated by your builder.</li>
<li><strong>Driveway and culvert</strong> — permitted by the county.</li>
<li><strong>Propane tank</strong> and initial fill.</li>
<li><strong>Well</strong> drilling, casing, pump, pressure tank, and a line to the house.</li>
<li><strong>Septic</strong> system, sized to the house.</li>
<li><strong>Fencing</strong>, which on acreage is expensive and is frequently in worse shape than it looks from the road.</li>
<li><strong>Brush management</strong>, particularly cedar, which is ongoing rather than one-time.</li>
</ul>
<h2>Taxes on land</h2>
<p>Combined 2025 rates for unincorporated Kendall County (Kendall Appraisal District):</p>
<table>
<thead>
<tr>
<th>Stack</th>
<th>Rate</th>
</tr>
</thead>
<tbody>
<tr>
<td>Kendall County + Boerne ISD + Cow Creek</td>
<td>1.3929</td>
</tr>
<tr>
<td>Kendall County + Comfort ISD + Cow Creek</td>
<td>1.3148</td>
</tr>
<tr>
<td>Add Kendall County MUD #1</td>
<td>2.0429</td>
</tr>
<tr>
<td>Add Miralomas MUD</td>
<td>2.3929</td>
</tr>
<tr>
<td>Comfort ISD + Kendall County WCID #1 + Cow Creek</td>
<td>1.480906</td>
</tr>
</tbody>
</table>
<p>Note that <strong>neither the City of Boerne nor Kendall County offers a general residence homestead exemption</strong> — your only general homestead exemption is the $140,000 school district amount. On land you're holding without a residence, you have no homestead exemption at all, which is exactly why the ag valuation matters so much here.</p>
<hr>
<p><strong>Looking at a tract in Kendall County?</strong> Send me the parcel and I'll pull the appraisal district record, tell you whether it carries an ag valuation and what a rollback would look like, confirm the school district and combined tax rate, check the FEMA panel, and flag the access and easement questions from the title work. My background before real estate was land development, and land is the part of this market where a bad assumption costs the most.</p>
<p>Call or text <strong><a href=""tel:+1-830-446-3847"">830-446-3847</a></strong> · Email <strong><a href=""mailto:heath.shepard@kw.com"">heath.shepard@kw.com</a></strong></p>
<p><em>Heath Shepard, REALTOR — Keller Williams, Boerne and San Antonio. Eleven years in Texas real estate, with a background in land development.</em></p>","","","","","guide","","","","2171","draft"
