"name","slug","metaTitle","metaDescription","summary","body","city","county","latitude","longitude","zipCodes","schoolDistrict","elementarySchool","middleSchool","highSchool","hoaFeeAnnual","hoaNotes","priceRangeLow","priceRangeHigh","priceAsOf","lotSizeTypical","yearBuiltRange","amenities","heroImage","heroImageAlt","nearbyNeighborhoods","relatedAnswers","parentGuide","status"
"Anaqua Springs Ranch","anaqua-springs-ranch-boerne-tx","Anaqua Springs Ranch, Boerne TX — Guide, HOA, and the ISD Surprise","Anaqua Springs Ranch: Boerne 78006 mailing address, BEXAR County land, and NORTHSIDE ISD — not Boerne ISD. Guard gate, dues, septic, and who it suits.","","Anaqua Springs Ranch is a guard-gated luxury acreage community off the Toutant Beauregard and Scenic Loop corridor, southwest of Boerne. Streets include Anaqua Springs, Anaqua Point, Caliza Bluff, Caliza Crest, Caliza Cove, Caliza Terrace, Carrizo, Cat Springs, Creekside Cove and Miranda Ridge. It is one of the highest-value communities in the Boerne search area, and it has a fact attached to it that most published descriptions get wrong.

## The school district — this is not Boerne ISD

**Anaqua Springs Ranch is in Northside ISD, not Boerne ISD.**

We verified this three ways:

1. **Bexar County's own school district GIS layer** returns **Northside ISD** for this location.
2. **Boerne ISD's own InfoFinder address lookup returns no assignment** for points inside the community. We probed nine separate parcels spread from the north end to the south end of the subdivision. Every one came back outside Boerne ISD.
3. The community's own website states Northside ISD.

This matters enormously. A buyer moving to the Boerne area specifically for Boerne ISD, who sees ""Boerne, TX 78006"" on a listing and assumes the schools follow, would be wrong — and would not find out until enrollment. Northside ISD is a fine district; it is simply a different one, with different campuses, different boundaries and a different calendar.

**Verify the specific campus assignment with Northside ISD directly.** We are not going to name campuses we have not confirmed for this address.

## The county fact

Anaqua Springs Ranch carries a **Boerne, TX 78006** mailing address and is in **Bexar County**, not Kendall County and not the City of Boerne.

The HOA's management certificate is captioned for **Bexar County** and was executed and notarized there (Bexar County Document No. 20220004772, filed January 7, 2022). Bexar County's parcel records carry all 220 parcels, with 151 of them showing a 78006 situs zip (Bexar County parcel GIS, retrieved September 2026).

Consequence: Bexar County tax rates, Bexar County services, no City of Boerne taxes or services.

## The numbers

Bexar County parcel records show **220 parcels**, with a **median lot of about 1.69 acres** and a **median total appraised value near $1,507,000** (10th percentile around $960,000, 90th around $2,400,000). The median year built is **2013**, with construction running from 2005 through 2024.

The community's own materials describe **nearly 920 acres**, with lots averaging one to three acres and some estate lots up to five.

Appraisal-district values, not asking prices. Anaqua Springs is, by appraised value, the second most expensive community in this guide after Champee Springs Ranches — and unlike Champee, the value here is in the houses rather than the land.

## HOA — with the actual numbers

**The HOA is mandatory.** The association is **Anaqua Springs Ranch Homeowners Association, Inc.**, managed by FirstService Residential San Antonio.

This is one of the few communities in this guide where the recurring costs are published. Per the community's own website:

- **Annual HOA dues: approximately $1,165 per year**
- **Gate Sentry fee: approximately $1,060 per year**, separate from dues, funding the 24-hour staffed gate

That second line is the one to note. Budget **both**. A staffed guard gate is expensive to run and it is billed separately here.

From the filed management certificate, the closing-table charges are a **$375 resale disclosure package fee** and a **$275 homeowner setup and unit transfer fee**, collected from the buyer at closing.

Because the dues figures come from the community's own site rather than a filed document, confirm both with FirstService Residential before your option period ends.

## Utilities — municipal water, private septic

An unusual combination, and the community documents it clearly:

- **Water: SAWS** (San Antonio Water System)
- **Electric: CPS Energy**
- **Internet, phone and cable: GVTC**
- **Sewer: private septic, homeowner-provided and maintained**

So you have full municipal water on a one-to-five acre lot, but every home is on its own on-site septic system. That is genuinely uncommon and it is worth understanding: you get reliable water without a well, but you own the wastewater problem. Get the septic permit, system type, and service history, and budget for an aerobic maintenance contract if that is what is installed.

## Amenities and gating

**24-hour guard-staffed gate** — not an automated keypad, an actual staffed entrance. Tree-lined private roads. A **five-acre community park** with a pavilion, a covered playground, a full-size basketball court, and walking and biking trails.

The developer is identified on the community's own site as Dreico Investments Inc.

## Location and commute

Off the Toutant Beauregard and Scenic Loop corridor. The community describes itself as roughly ten miles southwest of Boerne and about 26 miles north of downtown San Antonio. Practically, you are closer to the far northwest San Antonio amenities along I-10 than to downtown Boerne.

## Who it suits

It suits a buyer who wants an estate home on one to five acres with a manned gate, municipal water, and quick access to northwest San Antonio. It suits people who value security and privacy and are not buying for Boerne ISD.

It does not suit a family relocating specifically for Boerne ISD schools — this is Northside ISD, full stop. It does not suit a buyer who wants to be in the town of Boerne. And it does not suit anyone who budgeted HOA dues without adding the separate gate fee and the septic maintenance.

## Talk to someone who works this market

Heath Shepard is a licensed Texas REALTOR with Keller Williams, working Boerne, Fair Oaks Ranch, and Kendall County. If you are considering Anaqua Springs Ranch and want the Northside ISD campus assignment confirmed in writing along with the real all-in annual cost, reach out through theheathshepardrealestateteam.com.

Call or text **[830-446-3847](tel:+1-830-446-3847)** · Email **[heath.shepard@kw.com](mailto:heath.shepard@kw.com)**","Boerne","Bexar","","","78006","","","","","","Mandatory — Anaqua Springs Ranch Homeowners Association, Inc., managed by FirstService Residential San Antonio.","","","","","","","","","","","","draft"
"Balcones Creek","balcones-creek-boerne-tx","Balcones Creek, Boerne TX 78006 — Guide, HOA, Schools, County","Balcones Creek: a Boerne 78006 address that is legally in BEXAR County, not Kendall. 606 homes, Boerne ISD, Viola Wilson Elementary. HOA and taxes.","","Balcones Creek is a large master-planned community east of I-10 near Dietz Elkhorn Road, close to Fair Oaks Ranch. The street names are a mix of Hill Country wildlife and German settler surnames — Axis View, Bambi Place, Barefoot Way, Bearcat, Becker Crossing, Benedikt Path, Bettina, Catell — which is a fair description of the area's history in a single street index.

## The county fact — this is the important part

Balcones Creek has a **Boerne, Texas 78006** mailing address. 78006 is Boerne's own zip code. Nearly every listing you will read describes it as a Boerne community.

**Balcones Creek is in Bexar County.** It is not in Kendall County, and it is not in the City of Boerne.

Two independent sources confirm it. Bexar County's parcel records carry all 606 Balcones Creek parcels, with legal descriptions written against Bexar County Blocks — ""CB 4707H (BALCONES CREEK UT-1A)"" and similar — and 553 of those 606 parcels show a **78006** situs zip (Bexar County parcel GIS, retrieved September 2026). Separately, the community's HOA management certificate records the master covenant and every unit plat, Units 1 through 10 plus 1A, 1B, 2A, 2B and the Holman Acres Enclave, in the **Official Deed and Plat Records of Bexar County, Texas**.

Why this matters to you, concretely:

- **Your county tax rate is Bexar County's, not Kendall County's.** They are different. Model the actual bill.
- **You are not in the City of Boerne.** No Boerne city tax, no Boerne PD, no City of Boerne utilities.
- Permitting and county services run through Bexar County.

A zip code is a postal delivery route. It is not a county line, and in this corridor the two do not track each other. Any page that tells you Balcones Creek is in Kendall County because the mail says Boerne is wrong.

## The numbers

Bexar County parcel records show **606 parcels** in Balcones Creek, with a **median lot of about 0.195 acres** (10th percentile 0.15, 90th percentile roughly 0.35 acres) and a **median total appraised value near $633,000** (10th percentile around $470,000, 90th around $860,000). The median year built is **2017**, with construction running through 2024 (Bexar County parcel GIS, retrieved September 2026).

Those are appraisal-district values, not asking prices.

A 2017 median build year makes this one of the newer established communities in the area — old enough to be finished and landscaped, new enough that major systems have not yet come due.

## Housing stock

Multi-builder production construction. Highland Homes, Perry Homes, Sitterle Homes, M/I Homes and CalAtlantic have all built phases here, across sections marketed as The Estates, The Gardens and The Preserves. Homes commonly run over 3,000 square feet, with four to five bedroom plans and three-car garages available.

New-construction phases are reported sold out, so this now trades as a resale market.

## HOA

**The HOA is mandatory.** The association is **Balcones Creek Residential Community, Inc.**, managed by FirstService Residential from its San Antonio office on Huebner Road (TREC management certificate, Bexar County Document No. 20240157184, filed August 28, 2024). The master covenant was executed effective **March 21, 2013**.

Note that the same FirstService Residential office manages Napa Oaks and Fallbrook — so the management address tells you nothing about which community is which, and nothing about what county any of them is in.

**The recurring dues amount is not disclosed** on the management certificate. Texas only requires transfer-related fees on that filing. Get the current assessment from FirstService Residential directly before your option period ends.

## Amenities

Controlled access, a resort-style pool, a clubhouse, parks, and jogging trails. For a community of 606 homes this is a full amenity package, and it is a meaningful part of what the dues fund.

## Schools — Boerne ISD, and a recent change

**Balcones Creek is in Boerne ISD**, despite being in Bexar County. Bexar County's own school district GIS layer confirms Boerne ISD for this location, and Boerne ISD's InfoFinder address lookup returns **Viola Wilson Elementary, Boerne Middle School South, and Champion High School** (both queried September 2026).

Pay attention to that elementary assignment. **Viola Wilson Elementary opened in August 2024**, and Boerne ISD redrew elementary boundaries when it did, moving roughly 469 students out of the Van Raub, Fabra and Kendall zones. Balcones Creek was affected. **Any listing or neighborhood page published before August 2024 that names this community's elementary school is likely out of date.** Verify your specific address with the district.

## Location and commute

East of I-10 near Dietz Elkhorn Road, adjacent to Fair Oaks Ranch. Interstate access is good, and the drive into San Antonio is short by the standards of anything with a Boerne address. Downtown Boerne itself is further — you are closer to San Antonio than to the Hill Country Mile.

## Who it suits

It suits a buyer who wants a large, newer home with a full amenity package, Boerne ISD schools, and a genuinely short commute into San Antonio. It suits families who will use a pool and trails.

It does not suit someone who wants to be in the town of Boerne — you are not, and the drive to downtown is real. It does not suit a buyer who wants acreage; lots are about a fifth of an acre. And it does not suit anyone underwriting a payment on Kendall County tax assumptions, because the county here is Bexar.

## Talk to someone who works this market

Heath Shepard is a licensed Texas REALTOR with Keller Williams, working Boerne, Fair Oaks Ranch, and Kendall County. If you want current Balcones Creek listings, or a real tax-bill comparison against a Kendall County neighborhood at the same price, reach out through theheathshepardrealestateteam.com.

Call or text **[830-446-3847](tel:+1-830-446-3847)** · Email **[heath.shepard@kw.com](mailto:heath.shepard@kw.com)**","Boerne","Bexar","","","78006","Boerne ISD","Viola Wilson Elementary","Boerne Middle School South","Champion High School","","Mandatory — Balcones Creek Residential Community, Inc., managed by FirstService Residential. Dues amount unverified.","","","","","","","","","","","","draft"
"Bent Tree","bent-tree-boerne-tx","Bent Tree, Boerne TX — Neighborhood Guide, HOA, Schools","Bent Tree, Boerne: 103 homes on roughly 1-acre lots north of town, unincorporated Kendall County. HOA, wells and septic, schools, commute.","","Bent Tree is a small acreage neighborhood north of Boerne with streets named for Hill Country plants — Anacacho, Madrone, Nolina, Spike Rush, Switchgrass — plus Bent Tree itself. It occupies a useful middle position that not many Kendall County neighborhoods do: roughly an acre per lot, which is enough for real separation without committing you to five acres of brush management.

## The numbers

Kendall County Appraisal District parcel records show **103 parcels covering roughly 142 acres**, with **94 already improved** (Kendall CAD GIS parcel layer, retrieved September 2026). At 91% built out, this is a finished neighborhood with only a handful of lots left.

Lot sizes are remarkably uniform: 10th percentile about **1.04 acres**, median **1.12 acres**, 90th percentile about **1.46 acres**. Almost everyone is on roughly one acre. That consistency is unusual and it makes comparables clean — appraisals here are predictable in a way they are not in neighborhoods with wide lot variation.

Current Kendall CAD market values on improved parcels: **median near $948,000**, 10th percentile around $835,000, 90th around $1,128,000. A tight band. Appraisal-district values, not asking prices.

## Housing stock

The appraisal roll shows three platted units — Bent Tree Unit 1, Unit 2 and Unit 3 — clustered north of town off the Curington Elementary side of Boerne. Homes are custom to semi-custom on acre lots, generally substantial, in the Hill Country vernacular.

We were not able to verify the original developer or a specific build era from a primary source. Pull the year built on the specific property from the appraisal record rather than relying on a listing description.

## HOA

**The HOA is mandatory.** The association is **The Property Owners Association at Bent Tree, Inc.** (TREC management certificate, recorded Kendall County).

**The recurring assessment is not disclosed** on the management certificate — Texas only requires transfer-related fees on that filing. Contact the association directly for the current dues figure and for the recorded restrictions before your option period ends.

On a 103-lot neighborhood with private roads, ask specifically about road maintenance: who does it, how it is funded, and whether there is a reserve. Small associations frequently under-fund pavement and then face a special assessment.

## Utilities

Not verified from a primary source. On one-acre lots in unincorporated Kendall County, **individual wells and on-site septic are the expected arrangement**, though at this lot size a shared or community water system is also possible. Do not guess — confirm in writing for the specific property.

An acre is on the smaller side for a conventional septic drainfield, so pay particular attention to the septic permit, the system type, and whether there is room to replace the field if it fails. Get the permit history from Kendall County's on-site sewage program.

## Jurisdiction and taxes

Kendall CAD shows **no city taxing unit** on Bent Tree parcels. **Unincorporated Kendall County** — no city property tax, no city services, county sheriff, rural fire response.

That is the central trade at Bent Tree: you are close enough to town that city services would be convenient, but you do not get them, and you do not pay for them either.

## Schools

**Boerne ISD.** A point inside the neighborhood returns **Curington Elementary, Boerne Middle School North, and Boerne High School** through Boerne ISD's own InfoFinder lookup (queried September 2026).

Confirm your specific address with the district. Boerne ISD opened Viola Wilson Elementary in August 2024 and redrew elementary boundaries at the same time.

## Location and commute

North of Boerne, in the same general area as Durango Reserve and the Overlook. This is one of the closer-in acreage neighborhoods — the drive to downtown Boerne, to the H-E-B, and to Boerne High School is short by Kendall County standards. I-10 access is reasonable, though the San Antonio commute is still a commute.

For a buyer who wants an acre but does not want to spend their life driving, Bent Tree's position is its strongest feature.

## Amenities

We found no confirmed community amenities. This is a residential acreage neighborhood — the amenity is the lot size and the quiet.

## Who it suits

It suits a buyer who wants about an acre, a substantial house, and a short drive into Boerne, without the isolation of the five-acre communities further out. It suits people who want room for a shop or a pool but do not want to manage pasture. It suits someone who values predictable comparables and a stable, finished neighborhood.

It does not suit a buyer at the lower end of the market — the 10th percentile here is over $800,000. It does not suit someone who wants an amenity package or a gated entry with a guard. And it does not suit anyone who wants city water and sewer; on an acre in unincorporated Kendall County you should plan on a well and a septic system until proven otherwise.

## Talk to someone who works this market

Heath Shepard is a licensed Texas REALTOR with Keller Williams, working Boerne, Fair Oaks Ranch, and Kendall County. If you want current Bent Tree listings, or help confirming the water, septic, and road maintenance situation on a specific property, reach out through theheathshepardrealestateteam.com.

Call or text **[830-446-3847](tel:+1-830-446-3847)** · Email **[heath.shepard@kw.com](mailto:heath.shepard@kw.com)**","Boerne","Kendall","","","78006","Boerne ISD","Curington Elementary","Boerne Middle School North","Boerne High School","","Mandatory — The Property Owners Association at Bent Tree, Inc. Dues amount unverified; confirm with the association.","","","","","","","","","","","","draft"
"Boerne Original Town / Boerne Historic District","boerne-original-town-historic-district","Historic Downtown Boerne, TX — Original Town Guide, Rules, Schools","Boerne Original Town and the Historic District: no HOA, but Certificate of Appropriateness review applies. Lot sizes, values, schools, and real rules.","","This is the oldest part of Boerne — the platted town grid around Main Street, with streets named Blanco, Cibolo, Evergreen, Frederick, Hosack, Johns, Live Oak and Lohmann. It is the only part of the area where you can genuinely walk to a restaurant, and it is the only part governed by historic design review rather than by a homeowners association.

## The numbers

Kendall County Appraisal District parcel records show **114 parcels in the Boerne Original Town subdivision covering roughly 106 acres**, with **94 improved** (Kendall CAD GIS parcel layer, retrieved September 2026). Note that ""Original Town"" is a specific platted subdivision; the City's Historic District overlay is a separate boundary that covers a broader stretch of the Main Street corridor.

Lots vary enormously because this is a 19th-century town grid that has been divided and consolidated for 150 years: 10th percentile about **0.107 acres**, median **0.362 acres**, 90th percentile about **1.77 acres**.

Values vary just as widely — **median market value near $677,000**, but the 10th percentile is around $250,000 and the 90th around $2,415,000. That ten-fold spread is real. Original Town contains small cottages, substantial historic homes, and commercial buildings on the same tax roll. Appraisal-district values, not asking prices, and here more than anywhere else the appraised figure may diverge sharply from what a restored property actually trades for.

## The Historic District — what it actually requires

The City of Boerne established its **Historic District in 1985**. The district runs along Main Street between Frederick Street and Oak Park Drive, a little over a mile — the stretch marketed as the Hill Country Mile — and encompasses **over 150 properties** (City of Boerne).

**There is no HOA here.** That is genuinely good news for monthly cost. But it is not the same as no rules, and buyers who hear ""no HOA"" and relax are making a mistake.

The **Historic Landmark Commission** reviews permits for the ""construction, reconstruction, alteration, restoration, relocation, demolition, or razing"" of a structure in a designated historic district. That review results in a **Certificate of Appropriateness**, and you need one before the work proceeds.

Practical consequences:

- Exterior changes are a city approval process with a meeting calendar, not a weekend decision.
- Applications go through the City's SmartGov portal, and submittals are due to the Planning Department **a minimum of 14 days before the meeting date**.
- The Commission is a 7-member body appointed by the mayor with Council approval, serving four-year terms.
- To qualify for historic designation, a property generally must be **more than 50 years old**.

The City publishes Historic District Guidelines that spell out what specifically triggers review — paint, windows, fencing, signage, additions. **Read that document before you buy if you have any renovation plans at all.** We were not able to extract its detailed trigger list, and the City's own pages give inconsistent information about when the Commission meets, so call Planning at (830) 248-1501 and confirm both the guidelines and the meeting schedule rather than relying on a website.

The distinction that matters: an HOA is a private contract enforced by a board. Historic district review is a **city ordinance enforced by the City**. You cannot vote it away, and it runs with the property.

## Housing stock

The oldest housing stock in the county. Individually listed National Register properties within or adjacent to the district include the **Kendall County Courthouse** and the **Joseph Dienger Building** on North Main; the **Kendall Inn** on West Blanco is another landmark of the period. Residential stock runs from modest frame cottages to substantial two-story homes, with limestone construction reflecting the town's German settlement history.

We were not able to verify a specific architectural style inventory from the Texas Historical Commission or National Register nomination documents, so we are not going to characterize the prevailing styles beyond what the City itself documents. If period architecture is the reason you are buying, get the actual nomination paperwork for the specific property.

Expect the usual older-home realities: foundations that have moved, original wiring somewhere in the walls, plumbing of uncertain vintage, and possible lead paint and asbestos in pre-1978 construction. Budget for a specialist inspection, not a standard one.

## Jurisdiction

Kendall CAD shows the **City of Boerne** on every Original Town parcel. Obviously — this is the city. City utilities, Boerne PD, city trash, city tax.

## Schools

**Boerne ISD.** A point in Original Town returns **Curington Elementary, Boerne Middle School North, and Boerne High School** through Boerne ISD's InfoFinder lookup (queried September 2026). Confirm your specific address; boundaries were redrawn in August 2024.

## Location

This is the one place in Kendall County where ""walkable"" is a fair description. Restaurants, the Kendall County Courthouse square, shops, the library, and Cibolo Creek are all on foot. I-10 is a few minutes away.

The tradeoff is that you live in the part of town everyone else drives to. Event weekends, the Christmas lighting, Market Days, and Dickens on Main bring traffic and parked cars to your street. Some owners love it. Some list within two years.

## Who it suits

It suits someone who genuinely wants to walk to dinner, who values period character, and who is willing to work inside a design review process. It suits a buyer with the patience and budget to restore rather than renovate.

It does not suit someone who wants a garage, a big yard, a quiet street on a festival weekend, or the freedom to replace the windows next month without asking anyone. And it does not suit a buyer who hears ""no HOA"" and assumes that means no oversight — here, the oversight is the City, and it has more authority than an HOA would.

## Talk to someone who works this market

Heath Shepard is a licensed Texas REALTOR with Keller Williams, working Boerne, Fair Oaks Ranch, and Kendall County. If you are considering a historic property and want help understanding what the Certificate of Appropriateness process will mean for your plans, reach out through theheathshepardrealestateteam.com.

Call or text **[830-446-3847](tel:+1-830-446-3847)** · Email **[heath.shepard@kw.com](mailto:heath.shepard@kw.com)**","Boerne","Kendall","","","78006","Boerne ISD","Curington Elementary","Boerne Middle School North","Boerne High School","","No HOA. But the City of Boerne Historic District overlay applies to much of the area, and exterior work requires a Certificate of Appropriateness from the Historic Landmark Commission. That is city regulation, not an HOA.","","","","","","","","","","","","draft"
"Champee Springs Ranches","champee-springs-ranches-boerne-tx","Champee Springs Ranches, Boerne TX — Guide, POA, Schools","Champee Springs Ranches, Boerne: 160 ranch tracts, median 38 acres, spanning Boerne ISD and Comfort ISD. POA status, easement litigation history, schools.","","Champee Springs Ranches is not a subdivision in any ordinary sense. It is a collection of working-ranch-scale tracts west of Boerne off Ranger Creek Road, reached from I-10, with road names like Busby Lane, Camino Cantera, Poste Robles, Turkey Knob, and Wild Turkey. You do not drive through it looking at houses. You drive through it looking at gates, cattle guards, and hills.

If you are searching for a neighborhood, this is not one. If you are searching for land with a house on it, this is the top of that market in Kendall County.

## The numbers

Kendall County Appraisal District parcel records show **160 parcels covering roughly 11,567 acres**, with **92 carrying an improvement** (Kendall CAD GIS parcel layer, retrieved September 2026). Note that acreage figure — this is by far the largest land area of any community in this guide, and it has fewer than 100 houses on it.

Tract sizes are the story: 10th percentile about **1 acre**, median **37.9 acres**, 90th percentile about **157 acres**. The median tract here is larger than the entire Woods of Boerne subdivision.

Current Kendall CAD market values on improved parcels: **median near $2,064,000**, 10th percentile around $828,000, 90th around $4,573,000. Appraisal-district values, not asking prices. A large share of that value is land, not house — which matters enormously for financing, insurance, and property tax strategy.

## The agricultural and wildlife valuation question

On tracts this size, the single biggest carrying-cost variable is whether the land holds an **agricultural or wildlife management special valuation** with Kendall CAD. The difference between a tract appraised at market value and one under 1-d-1 open-space valuation is not small — it is frequently the difference between a manageable annual tax bill and an unmanageable one.

Before you write an offer on anything out here, confirm with Kendall CAD: does this parcel currently carry ag or wildlife valuation, what use qualifies it, and will your intended use maintain it? If the valuation lapses because you stop running livestock or stop executing a wildlife management plan, you can trigger a **rollback assessment** covering prior years plus interest. That is a genuine six-figure risk on a large tract and it is the most common expensive mistake buyers make on Hill Country acreage.

## Schools — this subdivision spans two districts

This is the fact that most published information about Champee Springs gets wrong.

Kendall CAD parcel records show **113 parcels in Boerne ISD and 47 parcels in Comfort ISD**. The subdivision **straddles the district line.**

For the Boerne ISD portion, a point inside the community returns **Fabra Elementary, Boerne Middle School North, and Boerne High School** through Boerne ISD's InfoFinder lookup (queried September 2026). For the Comfort ISD portion, the assigned campuses are Comfort ISD's.

Do not accept a blanket ""Boerne ISD"" claim on a Champee Springs listing. Roughly 29% of the parcels are not. Verify the specific tract with both districts.

## POA status — genuinely unresolved, and you should know that

Here the honest answer is that we cannot give you a clean one.

**There is a property owners association.** The Champee Springs Ranches Property Owners Association appears by name as a named party in Texas appellate and Supreme Court litigation over access and easement rights across the original tract (*Teal Trading and Development, LP v. Champee Springs Ranches Property Owners Association*, decided by the Supreme Court of Texas in 2020). An association that litigates to the state's highest court is not a dormant one.

**But no current management certificate for it appears in the Texas Real Estate Commission's statewide HOA management certificate database.** Under Texas Property Code § 209.004, associations subject to Chapter 209 are required to file one. Its absence means either the association is not currently compliant with that filing requirement, files under a name indexed differently, or is structured in a way that falls outside Chapter 209.

At least one real estate marketing page states flatly that Champee Springs ""does not have an HOA."" **That claim is inconsistent with the litigation record and should not be relied on.**

What this means for you: **do not buy here on an assumption about the POA in either direction.** Get the recorded declaration and any amendments from title, read them, and ask the association directly what assessments exist. Also ask specifically about **road maintenance obligations** — on private ranch roads serving 37-acre tracts, road maintenance is often the real recurring cost and it is often handled by agreement rather than by a conventional HOA budget.

The easement litigation history is itself worth understanding before you buy. Ask title for a full easement and access review, not just a standard commitment read.

## Utilities

Individual wells and on-site septic, in all likelihood — there is no central utility infrastructure this far out. We could not confirm it from a primary source for specific tracts, so verify. On a tract this size, also confirm whether surface water rights, stock tanks, or spring features convey and what restrictions apply.

## Jurisdiction

Kendall CAD shows **no city taxing unit**. Unincorporated Kendall County, with a portion of the original tract historically extending toward Kerr County. County sheriff, rural fire, county permitting.

## Who it suits

It suits a buyer who wants genuine ranch land with a house, who understands ag and wildlife valuation, and who has a lawyer and a title company look hard at easements and access before closing. It suits someone building a legacy property rather than buying a residence.

It does not suit anyone who wants neighbors, services, a short drive, or a clean, simple HOA answer. It does not suit a buyer who is not prepared to do real diligence — this is the one place in this guide where the paperwork genuinely matters more than the house.

## Talk to someone who works this market

Heath Shepard is a licensed Texas REALTOR with Keller Williams, working Boerne, Fair Oaks Ranch, and Kendall County. If you are looking at a Champee Springs tract and want help pulling the ag valuation status, the easement history, and which school district it actually sits in before you commit, reach out through theheathshepardrealestateteam.com.

Call or text **[830-446-3847](tel:+1-830-446-3847)** · Email **[heath.shepard@kw.com](mailto:heath.shepard@kw.com)**","Boerne","Kendall","","","78006","","","","","","A property owners association exists (Champee Springs Ranches Property Owners Association) and has litigated to the Texas Supreme Court, but NO current management certificate is on file with TREC. Treat dues and authority as unverified — confirm directly.","","","","","","","","","","","","draft"
"Champion Heights","champion-heights-boerne-tx","Champion Heights, Boerne TX — Neighborhood Guide, HOA, Schools","Champion Heights, Boerne: 216 homes inside City of Boerne limits off Hwy 46. HOA, schools (it is zoned to Boerne High, not Champion), commute.","","Champion Heights is a mid-sized subdivision on the east side of Boerne off the Highway 46 corridor, with streets named Aspen, Champion, Destiny, Dovetail, Firefly, Gage, Vail and Parkview Terrace. It is an established, conventional neighborhood at a price point that keeps it in reach for a lot of buyers who want a Boerne address.

## The school-name trap — read this first

The neighborhood is called Champion Heights. It sits near Champion High School. **It is zoned to Boerne High School.**

A point inside the neighborhood returns **Dr. Ferdinand L. Herff Elementary, Boerne Middle School North, and Boerne High School** through Boerne ISD's own InfoFinder address lookup (queried September 2026).

This catches people. The subdivision name and the nearby campus both say Champion; the attendance zone does not. If you are buying here specifically so a student can attend Champion High School, **verify your exact address with Boerne ISD in writing before you go under contract** — and understand that a neighborhood name is marketing, not a zoning designation.

Boerne ISD also opened Viola Wilson Elementary in August 2024 and redrew elementary boundaries at that time, so older listings and blog posts about this neighborhood's schools are unreliable.

## The numbers

Kendall County Appraisal District parcel records show **216 parcels across roughly 93 acres**, with **200 already improved** (Kendall CAD GIS parcel layer, retrieved September 2026). About 93% built out — a finished neighborhood.

The appraisal roll shows three platted units: Champion Heights Unit 1, Unit 2 and Unit 3.

Lots: 10th percentile about **0.138 acres**, median **0.174 acres**, 90th percentile about **0.27 acres**. Conventional suburban lots, roughly a sixth of an acre.

Current Kendall CAD market values on improved parcels: **median near $469,000**, 10th percentile around $381,000, 90th around $577,000. That places Champion Heights toward the affordable end of established in-town Boerne neighborhoods. Appraisal-district values, not asking prices.

## Housing stock

Single-family production homes across three units built at different times, so expect some variation in age and style between sections. One and two-story plans, attached garages, conventional stone-and-stucco or stone-and-siding elevations.

We were not able to verify the original builder or specific square footage ranges from a primary source. Pull the year built and living area from the appraisal record for any specific property rather than relying on listing copy.

## Jurisdiction — inside the City of Boerne

Kendall CAD parcel records show the **City of Boerne** as a taxing unit on all 216 parcels. This is inside the city limits: City of Boerne water and sewer, city trash, Boerne PD, and a city tax line on the bill.

On a sixth-acre lot that is the right arrangement. You are not maintaining a well or a septic field, and emergency response is city rather than rural.

## HOA

**The HOA is mandatory.** The association is **Champion Heights Homeowners Association, Inc.** (TREC management certificate, recorded Kendall County).

**The recurring dues amount is not disclosed** on the management certificate — Texas only requires transfer-related fees on that filing — and we could not verify it from any primary source. Contact the association directly for the current assessment and a copy of the recorded restrictions before your option period ends.

Ask specifically what the dues cover. In neighborhoods inside city limits with public streets and no pool, dues are typically modest and fund little beyond common-area landscaping and covenant enforcement.

## Location and commute

East Boerne off the Highway 46 corridor. You are close to the Highway 46 retail, close to the H-E-B, and a short run to downtown Boerne and the Hill Country Mile. I-10 access for the San Antonio commute is reasonable.

This is a genuinely convenient location, and combined with the price band it is one of the better practical values inside the city limits.

## Amenities

We found no confirmed community pool or clubhouse. If an amenity package matters to you, Regent Park and Southglen both have pools at similar or slightly higher price points.

## Who it suits

It suits a first-time or move-up buyer who wants an established Boerne address inside the city limits, city utilities, and a short drive to everything, without paying for acreage or amenities. It suits commuters. It suits someone who wants a finished neighborhood with no construction traffic.

It does not suit a buyer who wants land, privacy, or a view. It does not suit someone who needs a community pool. And it very specifically does not suit a family buying for Champion High School on the assumption that the neighborhood's name guarantees the zoning — it does not.

## Talk to someone who works this market

Heath Shepard is a licensed Texas REALTOR with Keller Williams, working Boerne, Fair Oaks Ranch, and Kendall County. If you want current Champion Heights listings, or a written confirmation of which schools a specific address actually feeds, reach out through theheathshepardrealestateteam.com.

Call or text **[830-446-3847](tel:+1-830-446-3847)** · Email **[heath.shepard@kw.com](mailto:heath.shepard@kw.com)**","Boerne","Kendall","","","78006","Boerne ISD","Dr. Ferdinand L. Herff Elementary","Boerne Middle School North","Boerne High School","","Mandatory — Champion Heights Homeowners Association, Inc. Dues amount unverified; confirm with the association.","","","","","","","","","","","","draft"
"Cordillera Ranch","cordillera-ranch-boerne-tx","Cordillera Ranch, Boerne TX — Neighborhood Guide, HOA, Schools","Cordillera Ranch in Boerne: 1,519 platted lots, 5,443 acres, unincorporated Kendall County. HOA, the seven clubs, schools, and who it actually suits.","","Cordillera Ranch is the largest residential development in Kendall County by a wide margin, and it does not feel like a subdivision. You enter off Highway 46 east of Boerne, and then you keep driving. Roads like Cordillera Trace, Bella Collina, Apple Rock, and Bluff Vista roll across ridgelines and drop into draws. Some stretches have no houses in sight at all. That is deliberate — the development was laid out so that a large share of the acreage stays undeveloped, and the result is that a 3-acre lot here often lives like a 10-acre lot somewhere else.

## The numbers

Kendall County Appraisal District's parcel records show **1,519 platted parcels inside Cordillera Ranch covering about 5,444 acres**, of which **981 currently carry an improvement** — meaning roughly two-thirds are built on and the balance are still vacant homesites (Kendall CAD GIS parcel layer, retrieved September 2026). That vacancy rate matters: it tells you this is still an actively selling community, not a finished one. Kendall County Commissioners Court approved a further expansion of the development in June 2025.

Lot sizes run wide. The 10th percentile lot is about **1.05 acres**, the median is **2.95 acres**, and the 90th percentile is about **6.4 acres**. There are villa-scale lots in the Clubs Village sections and genuine ranch-estate tracts in the outer units.

On value: the current Kendall CAD appraisal roll shows a **median market value of roughly $1.52 million** for improved parcels, with the 10th percentile near $969,000 and the 90th near $2.72 million. Those are appraisal-district market values, not asking prices — a listing can sit well above or below its appraised figure. Use them as a sense of scale, not a price guide.

## Housing stock

Custom only. There is no production builder tract here. Homes are built to the POA's architectural guidelines, and the prevailing look is Hill Country — limestone and stucco, standing-seem metal or tile roofs, deep porches oriented at a view. Because build-out has run from the late 1990s to today, you will find 20-year-old homes on mature lots next to work that finished last year.

## HOA — and the club, which is a separate thing

This is the single most misunderstood fact about Cordillera Ranch, and getting it wrong will cost a buyer real money.

**The HOA is mandatory.** The association is **Cordillera Ranch Property Owners Association, Inc.**, and unusually for a community this size it is self-managed rather than run by an outside management company. Its filed management certificate lists the association at 28 Cordillera Trace, Suite 2, Boerne, with a general manager on site (TREC management certificate, recorded Kendall County Instrument #366482, filed January 27, 2022).

That same certificate discloses the **closing-table charges**: a $300 resale certificate fee, a $300 transfer fee, and a **$2,000 working capital contribution**. Budget for that last one — it is larger than most buyers expect and it is due at closing.

**Recurring POA dues are not disclosed on the management certificate.** Texas only requires transfer-related fees on that filing, so the annual assessment number has to come from the POA directly. Do not rely on a figure you read on a listing site. Call the association.

**The Clubs of Cordillera Ranch are a separate organization with separate money.** Golf, tennis and swim, spa and athletic, social, equestrian, rod and gun, and the river club operate as a private club with its own initiation fees and ongoing dues, in tiers. Owning a home here does not automatically make you a member, and club dues are in addition to POA dues. Buyers routinely conflate the two and then discover the real monthly carrying cost after they are under contract. Ask for both numbers in writing before you waive your option period.

## Schools

Cordillera Ranch is in **Boerne ISD**. A point inside the community returns **Dr. Ferdinand L. Herff Elementary, Capt. Mark Tyler Voss Middle School, and Boerne High School** through Boerne ISD's own InfoFinder address lookup (queried September 2026).

Two cautions. Cordillera Ranch is large enough that units at opposite ends sit miles apart, and Boerne ISD explicitly warns that addresses near boundary lines must be confirmed with its Administrative Services department. The district also opened Viola Wilson Elementary in August 2024 and redrew elementary boundaries at that time, so any school claim published before 2024 is suspect. Run your specific address through the district's lookup.

## Location and commute

The main gate is off Highway 46 east of town. Downtown Boerne is a manageable run for errands, but ""manageable"" depends heavily on which unit you are in — the 300-series units on the far side toward the Guadalupe add real minutes. To I-10 and then into San Antonio, you are looking at a genuine commute, not a hop. People who live here have generally decided that the drive is the price of the setting.

## Utilities — ask, because it varies by section

This is the second thing that surprises buyers. Utility service is **not uniform across Cordillera Ranch**. Some sections have central water and wastewater; much of the development relies on individual on-site septic systems, with central water available in some areas. That changes what you can build, where you can build it, and what your inspection needs to cover. Get the specific section's utility situation confirmed in writing rather than assuming what is true on one street is true on the next.

## Who it suits

It suits a buyer who wants acreage, privacy, and a view, who is genuinely going to use a private club, and who is at peace with driving. It suits someone building custom and willing to work inside architectural guidelines.

It does not suit a buyer who wants to walk to the Hill Country Mile, who needs a short commute into San Antonio, or who is stretching to make the purchase price work and has not yet counted POA dues, club dues, and a $2,000 working capital charge on top of the mortgage. It also does not suit someone who wants to close in 30 days on a turnkey house — the inventory skews custom and the good lots move through relationships.

## Talk to someone who works this market

Heath Shepard is a licensed Texas REALTOR with Keller Williams, working Boerne, Fair Oaks Ranch, and Kendall County. If you want current Cordillera Ranch listings, an honest read on which units fit what you are after, or help getting straight answers on POA versus club costs, reach out through theheathshepardrealestateteam.com.

Call or text **[830-446-3847](tel:+1-830-446-3847)** · Email **[heath.shepard@kw.com](mailto:heath.shepard@kw.com)**","Boerne","Kendall","","","78006","Boerne ISD","Dr. Ferdinand L. Herff Elementary","Capt. Mark Tyler Voss Middle School","Boerne High School","","Mandatory — Cordillera Ranch Property Owners Association, Inc. (self-managed). Club membership is separate and additional.","","","","","","","","","","","","draft"
"Coveney Ranch","coveney-ranch-boerne-tx","Coveney Ranch, Boerne TX — Neighborhood Guide, HOA, Schools","Coveney Ranch, Boerne: 91 lots on 379 acres off Hwy 46, gated, unincorporated Kendall County. HOA fees, wells and septic, schools, commute.","","Coveney Ranch is a gated acreage community off Highway 46 east of Boerne, with streets named Coveney, Canyon Bluffs, Horizon Crest, Scenic Bluffs, Outlook, Reserve and Morning. The naming is not accidental — this is bluff-and-canyon country, and the lots that sit on the edges have genuine long views.

## The numbers

Kendall County Appraisal District parcel records show **91 parcels covering roughly 379 acres**, with **81 already improved** (Kendall CAD GIS parcel layer, retrieved September 2026). At 89% built out, this is a settled community with only a handful of vacant lots left.

Lot sizes are unusually consistent: 10th percentile about **3.02 acres**, median **3.47 acres**, 90th percentile about **5.14 acres**. Nearly everyone here is on three to five acres — there is very little variation, which makes values predictable.

Current Kendall CAD market values on improved parcels: **median near $1,254,000**, 10th percentile around $923,000, 90th around $1,683,000. Appraisal-district values, not asking prices. Note that the 10th percentile is over $900,000; there is no inexpensive entry point at Coveney Ranch.

## Development timeline

The association's filed management certificate gives an unusually clear record: the **Declaration for Unit 1 was executed August 30, 1999**, **Unit 2A was annexed July 10, 2000**, and **Unit 2B was annexed September 17, 2001**. Secondary sources describe construction continuing to around 2011.

So the housing stock here spans roughly 2000 through 2011. Expect homes now 15 to 25 years old — a stage where roofs, HVAC systems, water heaters, and septic components are at or past their first replacement. On a house at this price point, that is a meaningful inspection and negotiation item, not a rounding error.

## HOA

**The HOA is mandatory.** The association is **Coveney Ranch Homeowners Association, Inc.**, managed by Diamond Association Management and Consulting of San Antonio (TREC management certificate, recorded Kendall County by the County Clerk, filed February 8, 2024).

The filed certificate discloses only a **$175 transfer fee** — one of the lowest closing-table charges of any community in this guide.

**The recurring assessment is not disclosed** on the certificate. Get it from Diamond Association Management directly. With a gated entrance and private roads across 379 acres, ask specifically whether the association has a funded road reserve; repaving is the expense that catches small acreage POAs.

One note for your title company: the certificate was notarized in Bexar County, which is simply where the management company's notary sits. The plats themselves — Units 1, 2A and 2B — are recorded in the **Deed and Plat Records of Kendall County**. The subdivision is unambiguously Kendall County.

## Utilities

Not verified from a primary source. On three-to-five-acre lots in unincorporated Kendall County, **individual wells and on-site septic systems are the expected arrangement**. Confirm it in writing for the specific property. Given the 2000-2011 build era, septic systems here are old enough that an inspection and pump-out should be non-negotiable, and aerobic systems require an ongoing maintenance contract — find out which type is installed.

## Jurisdiction and taxes

Kendall CAD shows **no city taxing unit**. **Unincorporated Kendall County** — no city property tax, no city services, county sheriff, rural fire response.

## Schools

**Boerne ISD.** A point inside the community returns **Dr. Ferdinand L. Herff Elementary, Capt. Mark Tyler Voss Middle School, and Boerne High School** through Boerne ISD's own InfoFinder lookup (queried September 2026).

Confirm your specific address with the district. Boerne ISD redrew elementary boundaries in August 2024 when Viola Wilson Elementary opened.

## Location and commute

Off Highway 46 east of Boerne, in the same general corridor as Cordillera Ranch but considerably closer in. That is Coveney Ranch's practical advantage over the bigger acreage communities further out — you get three to five acres and a gate without the 25-minute drive to a grocery store.

The run to I-10 and then San Antonio is still a commute. Highway 46 east is a good road but it is not a fast one at 7:30 a.m.

## Amenities

We found no confirmed community amenities. This is a gated acreage subdivision, not an amenity community — you are buying land, views, and privacy, and the low transfer fee reflects an association that does not run much. If you want a pool, a clubhouse, or courts, look at Diamond Ridge or Cordillera Ranch instead.

## Who it suits

It suits a buyer who wants three to five acres with a view and a gate, reasonably close to Boerne, and who would rather pay for land than for amenities. It suits someone comfortable with an established home that will need work.

It does not suit a buyer who wants new construction, an amenity package, or an entry-level price. It does not suit a daily commuter into central San Antonio. And it does not suit anyone who skips well and septic diligence on a 20-year-old acreage home.

## Talk to someone who works this market

Heath Shepard is a licensed Texas REALTOR with Keller Williams, working Boerne, Fair Oaks Ranch, and Kendall County. If you want current Coveney Ranch listings, or a realistic repair-and-replacement estimate on a home of this vintage, reach out through theheathshepardrealestateteam.com.

Call or text **[830-446-3847](tel:+1-830-446-3847)** · Email **[heath.shepard@kw.com](mailto:heath.shepard@kw.com)**","Boerne","Kendall","","","78006","Boerne ISD","Dr. Ferdinand L. Herff Elementary","Capt. Mark Tyler Voss Middle School","Boerne High School","","Mandatory — Coveney Ranch Homeowners Association, Inc., managed by Diamond Association Management and Consulting.","","","","","","","","","","","","draft"
"Diamond Ridge","diamond-ridge-boerne-tx","Diamond Ridge, Boerne TX — Neighborhood Guide, HOA, Schools","Diamond Ridge, Boerne: 120 acreage lots on 847 acres west of town, gated, unincorporated Kendall County. HOA, lake park, schools, commute.","","Diamond Ridge is an acreage community southwest of Boerne with a gem theme running through every street sign — Blue Diamond, Brilliance, Crown Jewel, Gemstone, Heartstone, Marquise, Radiance, Regent, and Diamond Ridge itself. It is one of the more amenity-equipped acreage subdivisions in the county, which sets it apart from the plainer well-and-septic developments nearby.

## The numbers

Kendall County Appraisal District parcel records show **120 parcels covering roughly 847 acres**, with **86 currently improved** (Kendall CAD GIS parcel layer, retrieved September 2026). About 72% built out — there is still vacant land trading here.

Lot sizes: 10th percentile about **3.05 acres**, median **4.09 acres**, 90th percentile about **10.58 acres**. Four acres is the normal Diamond Ridge lot, with some substantially larger tracts.

Current Kendall CAD market values on improved parcels: **median near $978,000**, 10th percentile around $750,000, 90th around $1,352,000. Appraisal-district values, not asking prices.

## Development era — sources disagree

The association's plat is recorded in Kendall County Map and Plat Records, Volume 4, Pages 264 through 271, and its management certificate was recorded May 24, 2022.

Secondary sources conflict on when the community was actually built out: one says it dates to 2004 with construction finishing around 2008, another says homes went up around 2011. **We could not resolve that from a primary source.** For a buyer it barely matters — what matters is the age of the specific house, which is on the appraisal record. Pull it.

## HOA

**The HOA is mandatory.** The association is **Diamond Ridge Property Owners Association**, managed by Professional Community Management, an Associa company (TREC management certificate, recorded Kendall County, filed May 24, 2022).

The filed certificate discloses a detailed fee schedule: a **$45 new account fee**, a **$375 resale certificate**, a **$75 resale certificate update**, a **$220 legacy account closure fee**, and a **$75 refinance statement**.

**The recurring assessment is not disclosed.** Get it from Professional Community Management directly, and ask specifically what portion funds the amenity park and the roads.

## Amenities — unusual for an acreage subdivision

Multiple sources describe a **private owners' park with a lake, a clubhouse, tennis courts, and a covered pavilion with a barbecue grill**. If accurate, that is a genuinely differentiated package — most acreage communities in Kendall County offer a gate and nothing else.

These descriptions come from real estate marketing pages rather than from the association, so verify what is actually built and open, and ask about the condition of the tennis courts and clubhouse specifically. Amenities at 120-lot communities can be under-funded simply because there are not many owners to spread costs across.

The community is consistently described as gated.

## Utilities

Not verified from a primary source. On four-acre lots in unincorporated Kendall County, **individual wells and on-site septic are the expected arrangement**. Confirm in writing for the specific property, and if it is a well, get the log, the depth, the pump age, and a water quality test. Get the septic permit history from Kendall County's on-site sewage program.

## Jurisdiction and taxes

Kendall CAD shows **no city taxing unit** on Diamond Ridge parcels. **Unincorporated Kendall County** — no city property tax, no city services, county sheriff, rural fire response. Get an insurance quote early; rural fire ratings affect premiums.

## Schools

**Boerne ISD.** A point inside the community returns **Fabra Elementary, Boerne Middle School North, and Boerne High School** through Boerne ISD's own InfoFinder lookup (queried September 2026). Confirm your specific address; boundaries were redrawn in August 2024.

## Location and commute

Southwest of Boerne off the Highway 46 corridor. Closer in than Champee Springs or River Mountain Ranch, further out than the in-town subdivisions. The drive to the H-E-B and to Boerne High School is real but not punishing. I-10 and the San Antonio commute are a genuine haul.

## Who it suits

It suits a buyer who wants three to ten acres with a gate and actual shared amenities — a lake, a clubhouse, courts — rather than just a fence and a road. It suits families who want land but also want somewhere for kids to go that is not the backyard.

It does not suit a daily San Antonio commuter. It does not suit someone who wants new construction; most of this stock is 15 to 20 years old. And it does not suit a buyer unwilling to do well and septic diligence, or unwilling to ask hard questions about how a 120-owner association funds a clubhouse and tennis courts over the long run.

## Talk to someone who works this market

Heath Shepard is a licensed Texas REALTOR with Keller Williams, working Boerne, Fair Oaks Ranch, and Kendall County. If you want current Diamond Ridge listings, or help confirming the amenity condition and the POA's reserve position before you commit, reach out through theheathshepardrealestateteam.com.

Call or text **[830-446-3847](tel:+1-830-446-3847)** · Email **[heath.shepard@kw.com](mailto:heath.shepard@kw.com)**","Boerne","Kendall","","","78006","Boerne ISD","Fabra Elementary","Boerne Middle School North","Boerne High School","","Mandatory — Diamond Ridge Property Owners Association, managed by Professional Community Management (Associa).","","","","","","","","","","","","draft"
"Esperanza","esperanza-boerne-tx","Esperanza, Boerne TX — Neighborhood Guide, HOA, MUD Tax, Schools","Esperanza in Boerne: 1,608 platted lots, unincorporated Kendall County, WCID #3 utilities. HOA, the MUD question, schools, and who it suits.","","Esperanza is where most of Boerne's new-construction demand has gone. Drive north off Highway 46 onto Esperanza Boulevard and you are in a master-planned community with landscaped entries, a big amenity center, and street names like Amarosa, Bandalero, Cantina Sky, and Buena Vista. It reads as a complete place rather than a phase of one, which is unusual for something still actively building.

## The numbers

Kendall County Appraisal District parcel records show **1,608 platted parcels in Esperanza covering roughly 571 acres**, with **1,182 of them already carrying an improvement** (Kendall CAD GIS parcel layer, retrieved September 2026). Phases on the appraisal roll run from Phase 1 through Phase 4A, plus 2A, 2F, 2G, 2H, 3A, 3C, 3D and 3E — a lot of phases, which is what you would expect from a community marketed at roughly 1,700 acres at full build-out. The platted-and-appraised acreage above reflects what has actually been recorded so far, not the eventual footprint.

Lots are conventional suburban sizes: 10th percentile about **0.146 acres**, median **0.206 acres**, 90th percentile about **0.348 acres**. Builders market these as 50-, 60- and 80-foot lot widths.

The current Kendall CAD appraisal roll shows a **median market value near $599,000** for improved parcels, with the 10th percentile around $492,000 and the 90th around $791,000. Those are appraisal-district values, not list prices.

## Housing stock

New construction from national and regional builders — Perry Homes, Lennar, Toll Brothers, Coventry, Chesmar, Highland, Scott Felder and Drees have all been active here at various points. That means floor plans, design centers, and incentives rather than custom architects. The tradeoff is predictability: you know what you are getting, and you can usually get it in under a year.

Because the community has built continuously for years, ""new"" in Esperanza can mean a 2018 resale on a matured lot or a 2026 spec with bare landscaping. Those are very different products at similar price points.

## HOA and the tax question you must ask

**The HOA is mandatory.** The association is **Esperanza Community Association, Inc.**, managed by Goodwin & Company (TREC management certificate, recorded Kendall County Instrument #354928, filed April 12, 2021). The association publishes CC&Rs by village at esperanzahoa.com, which is worth reading — the covenants vary between villages.

**Do not trust a dues number you find on a listing aggregator.** Published figures for Esperanza vary wildly across third-party sites, and Texas management certificates only disclose transfer-related fees, not the recurring assessment. Get the current assessment in writing from Goodwin & Company or the association before your option period expires.

**The bigger money question is the utility district.** Esperanza is served by **Water Control and Improvement District No. 3**, which the City of Boerne identifies by name in its own utility documentation as a customer of the City's wastewater collection system. A WCID is a taxing entity. That means an Esperanza tax bill can carry a district levy that a home inside Boerne's city limits with plain City utilities does not. Third-party sources put the combined effective rate meaningfully above 2.5%, but we have not verified the current district rate against the district's own filing, so treat that figure as unconfirmed and pull the actual rate before you underwrite a payment. This is the single most consequential line item on an Esperanza purchase and it is the one buyers most often miss.

## Jurisdiction — not inside Boerne city limits

Kendall CAD parcel records show **no city taxing unit** on Esperanza parcels. The community is in **unincorporated Kendall County**, not inside the City of Boerne. Practically: county sheriff rather than Boerne PD, county permitting rules, and no city property tax — offset, as above, by the utility district.

## Schools

**Boerne ISD.** A point inside the community returns **Dr. Ferdinand L. Herff Elementary, Boerne Middle School North, and Boerne High School** through Boerne ISD's own InfoFinder lookup (queried September 2026). Herff Elementary sits adjacent to the community, which is a genuine daily-life advantage.

One caution worth taking seriously: Boerne ISD opened Viola Wilson Elementary in August 2024 and redrew elementary boundaries at the same time, moving roughly 469 students. Any school-zone claim published before 2024 may be stale, and Esperanza is large enough that future phases could be zoned differently. Confirm your specific address through the district.

## Location and commute

Esperanza's entrances feed onto Highway 46, and from there it is a short run into Boerne or out to I-10. The commute into San Antonio is real but ordinary by Hill Country standards — this is one of the closer-in master-planned options. Downtown Boerne and the Hill Country Mile are a drive, not a walk.

## Amenities

The amenity package is the draw: resort-style pool, lazy river, splash pad, fitness center, dog park, pickleball, and a trail network. The community markets more than 20 miles of trails and 450-plus acres of open space at completion. Whether a given amenity is open yet depends on the phase — verify what is actually built versus rendered, particularly if you are buying in a newer phase.

## Who it suits

It suits a buyer who wants a new house with a warranty, a full amenity package, a short drive to a top-rated elementary, and a Boerne address without a ranch-road commute. It suits families who will actually use a pool and a trail system.

It does not suit someone who wants acreage, privacy, or a mature tree canopy — lots are close together and much of the landscaping is young. It does not suit a buyer who wants the historic-Boerne character; this is suburban, and comfortable being so. And it does not suit anyone who has budgeted a payment without first confirming the WCID levy and the current HOA assessment.

## Talk to someone who works this market

Heath Shepard is a licensed Texas REALTOR with Keller Williams, working Boerne, Fair Oaks Ranch, and Kendall County. If you want current Esperanza listings, help comparing a resale against a builder's spec, or a straight answer on what the total monthly carrying cost actually looks like here, reach out through theheathshepardrealestateteam.com.

Call or text **[830-446-3847](tel:+1-830-446-3847)** · Email **[heath.shepard@kw.com](mailto:heath.shepard@kw.com)**","Boerne","Kendall","","","78006","Boerne ISD","Dr. Ferdinand L. Herff Elementary","Boerne Middle School North","Boerne High School","","Mandatory — Esperanza Community Association, Inc., managed by Goodwin & Company. Dues amount unverified; confirm with the association.","","","","","","","","","","","","draft"
"Estancia at Thunder Valley","estancia-at-thunder-valley-boerne-tx","Estancia at Thunder Valley, Boerne TX — Guide, HOA, Schools","Estancia at Thunder Valley, Boerne: 87 tracts on 869 acres, gated, unincorporated Kendall County. HOA, amenities, wells and septic, schools.","","Estancia at Thunder Valley is a gated ranch community west of Boerne, off the highway and up into the hills. The street names are all variations on one theme — Thunder, Thunder Canyon, Thunder Creek, Thunder Hill, Thunder Valley, Thunder Verde, and Estancia itself. It is one of the least developed and most private communities in the county, and it is built around an amenity package that is genuinely unusual.

## The numbers

Kendall County Appraisal District parcel records show **87 parcels covering roughly 869 acres**, with only **36 currently improved** (Kendall CAD GIS parcel layer, retrieved September 2026). That is 41% built out — the lowest of any community in this guide. Most of Estancia is still land.

Tract sizes: 10th percentile about **3.0 acres**, median **7.06 acres**, 90th percentile about **17.3 acres**. Seven acres is the typical holding, and the largest tracts are substantial.

Current Kendall CAD market values on improved parcels: **median near $1,606,000**, 10th percentile around $722,000, 90th around $2,674,000. Appraisal-district values, not asking prices. The spread reflects genuinely different properties — this is not a place where houses look like one another.

## Development

The association's filed management certificate records a **Master Declaration effective December 9, 2005**, an Amended and Restated Declaration effective May 19, 2010, and a further amendment in December 2019. So the community dates to the mid-2000s and has been slowly filling ever since.

That 20-year, 41%-built trajectory tells you something honest about the market for it: tracts here move slowly. That is a buyer's advantage on price and a seller's problem on timeline. If you buy, plan to hold.

## Amenities — the unusual part

Estancia's own materials describe an amenity set you will not find elsewhere in the county: an **equestrian center**, athletic and gym facilities, sport courts, a **par-3 golf hole or short course**, a **skeet deck**, trails, water features, and a resident **longhorn herd**. The community describes a gated entrance with an eight-foot security fence around the ranch.

These claims come from the community's own website rather than from an independent source. They are specific and plausible, but they are self-published. **Verify which amenities are actually built and currently operating before you buy on the strength of them** — amenity plans at slow-building communities have a way of remaining plans. Ask the POA what is funded and what is open.

## HOA

**The HOA is mandatory.** The association is **Estancia at Thunder Valley Property Owners Association**, a Texas nonprofit corporation managed by Diamond Association Management and Consulting of San Antonio (TREC management certificate, recorded Kendall County Instrument, filed August 3, 2023).

The filed certificate discloses a **$175 property transfer fee** and a **$175 optional resale fee** — modest figures.

**The recurring assessment is not disclosed** and we could not verify it. This matters more here than in most communities: an equestrian center, a golf feature, a skeet range, private roads, and a livestock herd all cost money to run, and 36 improved lots is a small base to spread that across. **Ask for the current assessment, the budget, and the reserve position before you commit.** A community with expensive amenities and few paying owners is a setup for special assessments.

## Utilities

Not verified from a primary source. On three-to-seventeen-acre tracts in unincorporated Kendall County, wells and on-site septic are the expected arrangement, but confirm it in writing rather than assuming. Get the well log and water quality testing, and the septic permit history from Kendall County.

## Jurisdiction and taxes

Kendall CAD shows **no city taxing unit**. **Unincorporated Kendall County** — no city tax, no city services, county sheriff, rural fire response.

## Schools

**Boerne ISD.** A point inside the community returns **Fabra Elementary, Boerne Middle School North, and Boerne High School** through Boerne ISD's own InfoFinder lookup (queried September 2026). Confirm your specific tract with the district; boundaries were redrawn in August 2024.

## Location and commute

West of Boerne, roughly three miles from I-10 by the community's own account, though the last stretch is ranch road. The drive into town for groceries or school is real. The commute to San Antonio is a commute.

## Who it suits

It suits a buyer who wants a large private tract with horses, shooting, and trails at the doorstep and does not need to be anywhere in a hurry. It suits someone building a long-term place rather than trading up in five years. It suits a buyer who will do the diligence on the POA's finances.

It does not suit a commuter, a buyer who wants neighbors and a finished community, or anyone who needs liquidity — with 87 tracts and a slow absorption rate, resale here takes time. And it does not suit a buyer who takes the amenity list on faith without asking what is actually built and who pays for it.

## Talk to someone who works this market

Heath Shepard is a licensed Texas REALTOR with Keller Williams, working Boerne, Fair Oaks Ranch, and Kendall County. If you are considering Estancia and want help getting the POA budget, reserve position, and real amenity status in hand before you write an offer, reach out through theheathshepardrealestateteam.com.

Call or text **[830-446-3847](tel:+1-830-446-3847)** · Email **[heath.shepard@kw.com](mailto:heath.shepard@kw.com)**","Boerne","Kendall","","","78006","Boerne ISD","Fabra Elementary","Boerne Middle School North","Boerne High School","","Mandatory — Estancia at Thunder Valley Property Owners Association, managed by Diamond Association Management and Consulting.","","","","","","","","","","","","draft"
"Fair Oaks Ranch","fair-oaks-ranch-tx","Fair Oaks Ranch, TX — Guide to the Three-County City, HOA, Schools","Fair Oaks Ranch: an incorporated city spanning Bexar, Comal and Kendall counties. What county you buy in changes your tax bill and possibly your schools.","","Fair Oaks Ranch is not a subdivision. It is an **incorporated city**, and it is one of the few in Texas that sits in **three counties at once**. If you take away one thing from this page, take that.

## The three-county fact, and why it is the whole story

The Fair Oaks Ranch Homeowners' Association's own filed management certificate lists roughly 90 platted units, and it tags each one by county. The pattern:

- The large majority of units — the A, AA through AE, B-series, the C-related Fountains, Chartwell and Falls units, D, E, the FG series covering Front Gate, and H through T and V — are **Bexar County**.
- Units C-1 through C-15, the Enclave, and SF-1 through SF-4 are **Comal County**.
- Units K-1 through K-13 and the SCR units are **Kendall County**.

That is not a technicality. **The county your lot falls in determines your county tax rate, your county services, and potentially your school district.** Two houses on opposite sides of Fair Oaks Ranch can have materially different tax bills while sharing a mayor, a police department, and an HOA.

The city itself was **incorporated January 27, 1988**, with its charter recorded with the Secretary of State.

## The numbers

Because the city spans three appraisal districts, no single source gives a complete picture. What we verified:

**Kendall County portion** — Kendall CAD shows **622 parcels covering roughly 1,464 acres**, with **581 improved**, all carrying the **City of Fair Oaks Ranch** as a taxing unit and Boerne ISD as the school district. Lot sizes: 10th percentile about 0.56 acres, median **1.53 acres**, 90th percentile about 5.28 acres. Median market value on improved parcels: **roughly $795,000** (Kendall CAD GIS, retrieved September 2026).

**Bexar County portion** — Bexar County parcel records return **620 parcels** whose legal description includes ""Fair Oaks Ranch,"" with a median lot of about **0.48 acres** and a median total appraised value near **$651,000**, built across roughly 1985 to 2024 (Bexar County parcel GIS, retrieved September 2026). That figure captures parcels whose legal description carries the name and is therefore a **partial count, not the city's total** — many Fair Oaks Ranch properties are described by block-and-lot without the name.

The pattern is clear even so: **the Kendall County side has larger lots and higher values; the Bexar side is denser and somewhat less expensive.** That is useful to know before you start touring.

The 2020 Census put the city's population at 9,833 across roughly 12.3 square miles.

## Housing stock

Everything from 1980s ranch-style homes on generous lots to current new construction in the newer units. Because the city has been building since the mid-1980s, housing stock varies by forty years. Golf-course-adjacent sections, wooded acre-plus lots, and denser newer subdivisions all coexist.

## HOA — the master association plus sub-associations

**The master association is mandatory**: **Fair Oaks Ranch Homeowners' Association, Inc. (FORHA)**, incorporated September 5, 1975, with its Fifth Amended Bylaws recorded in 2019. FORHA maintains the wildlife preserve and the walking and nature trail system.

**But FORHA is frequently not the only association you will belong to.** Many sub-neighborhoods inside the city have their own separate, separately-filed associations, each with its own dues and rules. Verified examples with their own state filings include:

- SA Front Gate Homeowners Association, Inc.
- Arbors of Fair Oaks Residential Community, Inc.
- Fair Oaks Gardens Homeowners Association, Inc.
- The Homeowners Association of The Fountains of Fair Oaks Ranch
- The Homeowners' Association of The Falls at Fair Oaks Ranch
- Trailside at Fair Oaks Ranch HOA
- Cibolo Trails Homeowners Association, Inc.
- Raintree Woods Homeowners Association, Inc.
- The Woods at Fair Oaks Homeowner's Association, Inc.
- Fair Oaks River Valley
- Property Owners Association of Stone Creek Ranch, Inc.
- Deer Meadow Estates Homeowners Association

**So the correct question is never ""what are the Fair Oaks Ranch HOA dues.""** It is: which associations does this specific address belong to, and what does each one charge? Two is common. Get both fee schedules in writing.

We could not verify FORHA's current dues amount from a primary source — the association's own site would not resolve and third-party HOA directories defer to the management company. Call FORHA directly.

Note also: the **golf and country club in Fair Oaks Ranch is a private club, separate from the HOA.** Membership is its own decision and its own cost.

## Utilities

The **City of Fair Oaks Ranch operates its own water and wastewater utility**, sourcing wholesale water from the Guadalupe-Blanco River Authority's Western Canyon transmission main supplemented by roughly 30 active groundwater wells. That is a genuine municipal utility, not a well and septic arrangement — a meaningful advantage over unincorporated acreage nearby.

## Schools

**Boerne ISD** serves the Bexar and Kendall portions. The city's own website names **Fair Oaks Ranch Elementary** and **Van Raub Elementary** as the two Boerne ISD elementary campuses within city limits.

Our verification: points in both the Bexar and Kendall portions return **Fair Oaks Ranch Elementary, Capt. Mark Tyler Voss Middle School, and Champion High School** through Boerne ISD's own InfoFinder lookup (queried September 2026). Bexar County's school district GIS layer independently confirms **Boerne ISD** for the Bexar portion.

**The Comal County portion is the open question.** Secondary sources indicate the Comal-side units may be zoned to **Comal ISD** — Rahe Bulverde Elementary, Spring Branch Middle, Smithson Valley High. We were not able to verify that against a Comal ISD boundary source and we are not going to assert it. If you are buying in Units C-1 through C-15, the Enclave, or SF-1 through SF-4, **verify the school assignment with both districts in writing.** This is the highest-stakes unresolved fact in this guide.

## Location and commute

Fair Oaks Ranch sits along I-10 between San Antonio and Boerne, with access from Ralph Fair Road, Fair Oaks Parkway, Old Fredericksburg Road, and Boerne Stage Road. The commute into San Antonio is among the best of any community in this guide — this is the closest-in option with a Boerne-area character.

## Who it suits

It suits a buyer who wants a city government, a municipal water utility, mature trees and generous lots, a genuine golf community, and the shortest commute in the area. It suits people who want established rather than new.

It does not suit a buyer who wants a simple, single HOA and a single tax jurisdiction — Fair Oaks Ranch is administratively complex by design. It does not suit someone who wants the historic Boerne downtown experience; this is a separate city. And it absolutely does not suit a buyer who writes an offer without first establishing which county the lot is in.

## Talk to someone who works this market

Heath Shepard is a licensed Texas REALTOR with Keller Williams, working Boerne, Fair Oaks Ranch, and Kendall County. If you are looking in Fair Oaks Ranch and want the county, the full list of associations, both fee schedules, and a written school confirmation for a specific address, reach out through theheathshepardrealestateteam.com.

Call or text **[830-446-3847](tel:+1-830-446-3847)** · Email **[heath.shepard@kw.com](mailto:heath.shepard@kw.com)**","Fair Oaks Ranch","Bexar, Comal and Kendall (the city spans all three)","","","78015","","","","","","Mandatory master association — Fair Oaks Ranch Homeowners' Association, Inc. (FORHA), incorporated 1975. Many sub-neighborhoods also have their own separate associations.","","","","","","","","","","","","draft"
"Fallbrook","fallbrook-boerne-tx","Fallbrook, Boerne TX 78015 — Neighborhood Guide, HOA, Schools","Fallbrook, Boerne 78015: 415 gated homes in Bexar County off Ralph Fair Road. Boerne ISD, Van Raub Elementary. HOA dues, values, and commute.","","Fallbrook is a gated subdivision off I-10 near Ralph Fair Road, on the Old Fredericksburg Road side between Fair Oaks Parkway and Ralph Fair. Streets include Anemone Bend and Narcissus Path — the plant-name convention that marks a lot of 2010s development in this corridor.

## County and jurisdiction

**Fallbrook is in Bexar County.** The SA Fallbrook Property Owners Association's management certificate lists every subdivision plat — Units 1, 1A, 1B, 1C, 2, 3, 4, 5, 6 and 7A — as recorded in the **Official Deed and Plat Records of Bexar County, Texas**. Bexar County parcel records carry all 415 parcels.

The mailing address is **Boerne, TX 78015**, which is a postal designation. This is **not** the City of Boerne and **not** Kendall County. Bexar County tax rates apply.

We could not confirm from a primary source whether Fallbrook sits in unincorporated Bexar County or inside a city's extraterritorial jurisdiction. No source claims it is inside any incorporated city.

## The numbers

Bexar County parcel records show **415 parcels**, with a **median lot of about 0.186 acres** (10th percentile 0.15, 90th percentile roughly 0.30 acres) and a **median total appraised value near $583,000** (10th percentile around $455,000, 90th around $800,000). Construction runs from roughly 2014 through 2024 (Bexar County parcel GIS, retrieved September 2026).

Appraisal-district values, not asking prices.

## Housing stock

Production single-family homes. The original Declaration of Covenants for Fallbrook was executed **September 6, 2013**, with Unit 2 annexed in October 2014 — so this is a 2013-onward community, one of the newer ones in the corridor. **D.R. Horton** has been the primary builder in recent phases.

Reported square footages run roughly **2,006 to 3,795 square feet**. Individual resale lots run about 0.19 to 0.23 acres, consistent with the parcel data.

A 2014-2024 build window means most homes here are still in their first decade. Systems are young. That is a real advantage over the older 78015 inventory.

## HOA — the dues figures in circulation do not agree

**The HOA is mandatory.** The association is **SA Fallbrook Property Owners Association**, managed by FirstService Residential from its San Antonio office on Huebner Road — the same office that manages Balcones Creek and Napa Oaks.

**The recurring dues amount is not disclosed** on the management certificate, and here the secondary sources are genuinely contradictory. Individual listings have cited **$416 semi-annually**, **$69 monthly**, and **$600 annually** for different properties in the same community. Those cannot all be the current community-wide assessment.

**Do not use any of those numbers.** Get the actual current fee schedule from FirstService Residential in writing. This is a good example of why a dues figure copied from a listing site is worth nothing.

## Amenities and gating

**Neighborhood swimming pool, park, playground and clubhouse.** The community is described as gated across multiple sources; we could not confirm whether the gates are staffed or automated.

For a community of this size and price point, that is a solid, standard amenity package.

## Schools

**Boerne ISD.** Bexar County's own school district GIS layer returns Boerne ISD for this location, and Boerne ISD's InfoFinder address lookup returns **Van Raub Elementary, Boerne Middle School South, and Champion High School** (both queried September 2026).

Verify your specific address with the district. Boerne ISD opened Viola Wilson Elementary in August 2024 and redrew elementary boundaries then, with Van Raub among the campuses affected. Fallbrook sits close to the boundary between the Van Raub and Fair Oaks Ranch Elementary zones — nearby Lost Creek, a mile or so away, is not even in Boerne ISD. Boundaries in this corridor are tight and consequential.

## Utilities

Not independently confirmed. Confirm the water and wastewater provider in writing for the specific property before closing.

## Location and commute

Off I-10 near Ralph Fair Road, roughly at Exit 550. Interstate access is immediate. This is one of the strongest commuter positions in this guide for anyone working in northwest San Antonio or downtown.

Downtown Boerne is a genuine drive from here — fifteen minutes or so up I-10 — so if the draw for you is the Hill Country Mile and the historic town, understand that you will be driving to it, not living in it.

## Who it suits

It suits a commuter who wants a newer home, a gated neighborhood with a pool and a clubhouse, and Boerne ISD schools, with immediate I-10 access. It suits families who want a low-maintenance house with young systems.

It does not suit a buyer who wants acreage, privacy, or the Hill Country setting. It does not suit someone who wants to be in the town of Boerne. And it does not suit anyone who underwrites a payment using a dues figure pulled off a listing page — in this neighborhood especially, those numbers are all over the map.

## Talk to someone who works this market

Heath Shepard is a licensed Texas REALTOR with Keller Williams, working Boerne, Fair Oaks Ranch, and Kendall County. If you want current Fallbrook listings, or the actual HOA fee schedule and a written school-zone confirmation for a specific address, reach out through theheathshepardrealestateteam.com.

Call or text **[830-446-3847](tel:+1-830-446-3847)** · Email **[heath.shepard@kw.com](mailto:heath.shepard@kw.com)**","Boerne","Bexar","","","78015","Boerne ISD","Van Raub Elementary","Boerne Middle School South","Champion High School","","Mandatory — SA Fallbrook Property Owners Association, managed by FirstService Residential San Antonio. Dues figures in circulation conflict; confirm directly.","","","","","","","","","","","","draft"
"Front Gate","front-gate-fair-oaks-ranch-boerne-tx","Front Gate at Fair Oaks Ranch, Boerne TX 78015 — Guide, HOA, Schools","Front Gate at Fair Oaks Ranch: 478 homes in Bexar County with a Boerne 78015 address. Boerne ISD, Van Raub Elementary. HOA, builders, commute.","","Front Gate is a gated master-planned neighborhood inside the Fair Oaks Ranch area, a few miles off I-10 outside Loop 1604. It is one of the more active new-construction communities in the corridor, and the address on a Front Gate listing will usually read Boerne or Fair Oaks Ranch, 78015.

## County and jurisdiction

**Front Gate is in Bexar County.** The SA Front Gate Homeowners Association's amended management certificate lists every subdivision plat — Units 2B, 3, 4, 6, 8, 9 and 10 and their amendments — as recorded in the **Official Public Records of Bexar County, Texas** (Bexar County Document No. 20250138509, filed July 29, 2025). Bexar County parcel records carry all 478 parcels.

The Fair Oaks Ranch master association's own certificate separately lists a series of ""FG"" units among its **Bexar County** platted units, which ties Front Gate administratively to the larger Fair Oaks Ranch community.

**What we could not confirm:** whether Front Gate sits inside the **City of Fair Oaks Ranch** corporate limits or in its extraterritorial jurisdiction. That distinction affects city services, city taxes and permitting. Ask the City of Fair Oaks Ranch directly for the specific address — it is a five-minute phone call and it changes your tax bill.

What is certain: this is **not** the City of Boerne, and it is **not** Kendall County, regardless of the mailing address.

## The numbers

Bexar County parcel records show **478 parcels**, with a **median lot of about 0.21 acres** (10th percentile 0.16, 90th percentile roughly 0.35 acres) and a **median total appraised value near $595,000** (10th percentile around $450,000, 90th around $815,000). Construction runs from roughly 2014 through 2024 (Bexar County parcel GIS, retrieved September 2026).

The earliest plat on the association's certificate — Unit 3 — was recorded in 2013, with later units recorded through 2022. So this is a community that has been building steadily for a decade and is still going.

Appraisal-district values, not asking prices.

## Housing stock

Production new construction from several builders, including **Highland Homes, Ashton Woods and Gehan Homes**. Expect current-generation plans, design-center finishes, builder warranties, and the usual range from single-story three-bedroom plans up through larger two-story homes.

Lots were laid out to preserve mature oaks in places, and the community markets greenbelt frontage on some sections. Lot premiums for trees and greenbelt are real here — decide whether you are paying for something you will actually enjoy.

## HOA — check for two

**The HOA is mandatory.** The association is **SA Front Gate Homeowners Association, Inc.**

One secondary source reports dues around **$600 per year**. That figure is not confirmed against the association's own schedule and we would not rely on it.

More importantly: because Front Gate's plats appear within the Fair Oaks Ranch master association's unit list, **you may owe assessments to two associations** — the Front Gate sub-association and the Fair Oaks Ranch master association (FORHA). That is a common structure in this corridor and it is a common budgeting surprise.

**Ask explicitly: which associations will I be a member of, and what does each one charge?** Get both fee schedules in writing before your option period ends.

## Schools

**Boerne ISD.** Bexar County's own school district GIS layer returns Boerne ISD for this location, and Boerne ISD's InfoFinder address lookup returns **Van Raub Elementary, Boerne Middle School South, and Champion High School** (both queried September 2026).

Boerne ISD opened Viola Wilson Elementary in August 2024 and redrew elementary boundaries at that time — Van Raub was one of the campuses that received enrollment relief. Front Gate remains zoned to Van Raub per our lookup, but given the recency of the change, verify your specific address with the district.

Some builder marketing references an elementary school within the community. Confirm what that refers to and whether your address is actually zoned to it.

## Utilities

Not independently confirmed. Given the location within the Fair Oaks Ranch area, City of Fair Oaks Ranch water and wastewater service is plausible — that city operates its own utility, drawing wholesale water from the Guadalupe-Blanco River Authority plus groundwater wells. **But we did not verify it for Front Gate specifically,** and it depends on the city-limits question above. Confirm the actual water and wastewater provider in writing.

## Gating

Described consistently as gated. We could not confirm whether the gates are staffed or automated. If that matters — and for many buyers it does — look at it on a tour.

## Location and commute

A few miles off I-10 outside Loop 1604. This is one of the shortest commutes into San Antonio of any community in this guide. Downtown Boerne, by contrast, is a real drive — you are in the Boerne postal area, not the town.

## Who it suits

It suits a buyer who wants new construction with a builder warranty, Boerne ISD schools, a gated neighborhood, and the shortest practical drive into San Antonio. It suits commuters who want the Boerne school district without the Boerne drive.

It does not suit a buyer who wants acreage or the Hill Country experience — this is suburban and close-set. It does not suit someone who wants to walk to downtown Boerne. And it does not suit anyone who has budgeted for one HOA without checking whether there are two.

## Talk to someone who works this market

Heath Shepard is a licensed Texas REALTOR with Keller Williams, working Boerne, Fair Oaks Ranch, and Kendall County. If you want current Front Gate listings, or help pinning down the city-limits status, the utility provider, and every association that will bill you, reach out through theheathshepardrealestateteam.com.

Call or text **[830-446-3847](tel:+1-830-446-3847)** · Email **[heath.shepard@kw.com](mailto:heath.shepard@kw.com)**","Fair Oaks Ranch","Bexar","","","78015","Boerne ISD","Van Raub Elementary","Boerne Middle School South","Champion High School","","Mandatory — SA Front Gate Homeowners Association, Inc. Buyers here may also fall under the Fair Oaks Ranch master association; verify both.","","","","","","","","","","","","draft"
"Highlands Ranch","highlands-ranch-boerne-tx","Highlands Ranch, Boerne TX 78006 — Guide, HOA, Schools, County","Highlands Ranch, Boerne 78006: acreage estates off Boerne Stage Road that are legally in BEXAR County. Boerne ISD, Viola Wilson. HOA and diligence.","","Highlands Ranch is a gated acreage community off Boerne Stage Road, southeast of Boerne proper. It is small — 111 parcels — and the lots are large, which puts it in a different category from the tract subdivisions that dominate this part of the corridor.

## The county is in the HOA's legal name

This is the cleanest county confirmation in this entire guide, because the association put the answer in its own corporate name.

The association is legally called **""Bexar County Highlands Ranch Homeowners Association, Inc.""**

That is not a typo and it is not a clerical quirk. The subdivision plats — Units 1 through 6 — are recorded in the **Deed and Plat Records of Bexar County**, and the association's management certificate was recorded with the Bexar County Clerk (Document No. 20260036472, filed February 27, 2026). Bexar County's parcel records carry all 111 parcels.

The mailing address is **Boerne, TX 78006** — the same zip as downtown Boerne. **The land is in Bexar County.** Bexar County tax rates, Bexar County services, no City of Boerne anything.

A second naming caution: there is a large, well-known **Highlands Ranch in Douglas County, Colorado**, in the Denver metro. It dominates generic web searches for the name. Nothing you read about that place applies here.

## The numbers

Bexar County parcel records show **111 parcels**, with a **median lot of about 3.56 acres** (10th percentile roughly 1.5 acres, 90th percentile roughly 6 acres) and a **median total appraised value near $1,062,000** (10th percentile around $700,000, 90th around $1,600,000). Construction runs from roughly 1999 through 2022 (Bexar County parcel GIS, retrieved September 2026).

Appraisal-district values, not asking prices.

The build window is the thing to notice. **This community started around 1999 and filled in slowly over two decades.** That means the housing stock spans 25 years, and the oldest homes here are a full generation older than the newest. A 1999 house and a 2022 house on adjacent three-acre lots are completely different purchases. Pull the year built on the specific property.

## Housing stock

Custom homes on acreage, built to architectural guidelines. Descriptions of the community reference limestone exteriors and cedar shutters — the late-1990s and 2000s Hill Country idiom. Weston Dean Custom Homes has been active here.

## HOA

**The HOA is mandatory.** The association is **Bexar County Highlands Ranch Homeowners Association, Inc.**, managed by Diamond Association Management and Consulting of San Antonio.

The filed certificate discloses a **$175 transfer fee** and a **$175 optional resale fee** — among the lowest closing-table charges of any community in this guide.

**The recurring assessment is not disclosed** on the certificate. Get it from Diamond Association Management directly. On a gated community with private roads serving 111 large lots, ask specifically whether the association has a funded road reserve — with that few owners spreading pavement costs, it is a fair question.

## Utilities — ask, and plan for septic

We could not verify water and wastewater service from a primary source.

Look at the nearest comparable: **Anaqua Springs Ranch**, a few miles away in the same Bexar County corridor, has **SAWS municipal water but private homeowner-maintained septic** on every lot. That combination is common in this area — municipal water reaches out along the corridor, centralized sewer does not.

**Do not assume either way for Highlands Ranch.** Confirm the actual water provider and the wastewater arrangement in writing. If it is septic — likely on three-and-a-half-acre lots — get the permit, the system type, and the service history, and note that systems installed in 1999 through the mid-2000s are now at or past typical service life.

## Schools

**Boerne ISD.** Bexar County's own school district GIS layer returns Boerne ISD for this location, and Boerne ISD's InfoFinder address lookup returns **Viola Wilson Elementary, Boerne Middle School South, and Champion High School** (both queried September 2026).

That elementary assignment is recent. **Viola Wilson Elementary opened in August 2024** on Corley Road, and Boerne ISD redrew elementary boundaries when it did. Any description of this community's schools written before then is likely wrong.

There is also a sharper local caution. **Anaqua Springs Ranch and Sundance Ranch, both nearby off Toutant Beauregard and Scenic Loop, are in Northside ISD — not Boerne ISD.** The Boerne ISD boundary runs through this area unevenly. Being on the Boerne ISD side is a real feature of Highlands Ranch, and it is not something you should assume applies to a neighboring subdivision, or that a neighboring subdivision's status applies here. Verify the exact address.

## Location and commute

Off Boerne Stage Road, southeast of Boerne. You are between Boerne and northwest San Antonio, with reasonable access to I-10. The San Antonio commute is moderate and the drive into downtown Boerne is a genuine trip.

This is a quieter, more wooded corridor than the I-10 frontage subdivisions, and the acreage keeps neighbors at a distance.

## Who it suits

It suits a buyer who wants three to six acres, a gated entrance, a custom home, and **Boerne ISD schools while living in Bexar County**. That last combination is genuinely hard to find and it is the main reason to look here.

It does not suit a buyer who wants new construction — most of this stock is 15 to 25 years old. It does not suit someone who wants amenities; there are none confirmed. And it does not suit anyone who skips well, septic, and utility diligence on an acreage property of this vintage.

## Talk to someone who works this market

Heath Shepard is a licensed Texas REALTOR with Keller Williams, working Boerne, Fair Oaks Ranch, and Kendall County. If you want current Highlands Ranch listings, or help confirming the utility arrangement and school zoning for a specific address, reach out through theheathshepardrealestateteam.com.

Call or text **[830-446-3847](tel:+1-830-446-3847)** · Email **[heath.shepard@kw.com](mailto:heath.shepard@kw.com)**","Boerne","Bexar","","","78006","","Viola Wilson Elementary","Boerne Middle School South","Champion High School","","Mandatory — Bexar County Highlands Ranch Homeowners Association, Inc., managed by Diamond Association Management and Consulting.","","","","","","","","","","","","draft"
"Indian Springs (Kendall County)","indian-springs-kendall-county-boerne-tx","Indian Springs (Kendall County), Boerne TX — Guide, POA, Schools","Indian Springs in Kendall County, Boerne: 22 acreage tracts off Hwy 46, volunteer-run POA with zero transfer fees. Not the Bexar County Indian Springs.","","Indian Springs is a very small acreage community west of Boerne off Highway 46, reached from Indian Springs Trail and Chinkapin Pass. With 22 parcels it is the smallest community covered in this guide, and it has one genuinely remarkable feature that we will get to.

## First: there are several Indian Springs, and only one is this one

This is the most name-collided community in the Boerne area. There are **at least four separate ""Indian Springs"" homeowners associations registered in Bexar County**, clustered around the US-281 corridor in San Antonio 78258:

- Indian Springs Property Owners Association, Inc.
- Indian Springs Residential Community, Inc. (covering The Preserve at Indian Springs)
- Indian Springs (Bexar Co.) Property Owners Association, Inc.
- Indian Springs Estates Homeowners Association

The Kendall County community is a different place entirely, and its association knows it — the association's own legal name is literally **""Indian Springs Property Owners Association – Kendall County, Texas.""** They put the county in the corporate name specifically to avoid this confusion.

Practical consequence: **almost any general web search result about ""Indian Springs"" near San Antonio is about a Bexar County community, not this one.** Claims you may encounter about a founding date in 1988, a Hillwood development history, a location twenty miles up US 281, a community pool and cabana, or a gated entrance all appear to belong to one of the Bexar County associations. Do not carry them over. We could not verify any of them for the Kendall County community.

## The numbers

Kendall County Appraisal District parcel records show **22 parcels covering roughly 104 acres**, with **14 improved** (Kendall CAD GIS parcel layer, retrieved September 2026). Eight tracts remain unbuilt.

Lot sizes: 10th percentile about **3.15 acres**, median **3.96 acres**, 90th percentile about **5.16 acres**. Four acres is typical.

Current Kendall CAD market values on improved parcels: **median near $661,000**, 10th percentile around $545,000, 90th around $1,042,000. Appraisal-district values, not asking prices.

At roughly four acres for a median in the $600,000s, this is among the better land-per-dollar positions in Kendall County — a function of scale, of being an older and plainer community, and of having no amenities to fund.

## The POA — and the zero-dollar fee schedule

**There is a mandatory association**, and it is unlike any other in this guide.

The **Indian Springs Property Owners Association – Kendall County, Texas** is **self-managed by volunteers** — no management company, no professional agent. Its CC&Rs and bylaws are recorded in Kendall County records, and the filed management certificate was acknowledged before a notary in Kendall County.

The remarkable part: the certificate lists a **resale certificate fee of $0.00, a transfer fee of $0.00, and a working capital charge of $0.00.**

Every other association in this guide charges somewhere between $175 and $2,000 at closing. This one charges nothing. That is not an oversight in our research — it is what the filed certificate says.

**The recurring annual assessment is not disclosed** on the certificate, and with a volunteer board there is no management company to call. The certificate names a treasurer as the designated representative; contact the association directly through the information on that filing to learn what, if anything, owners pay annually.

A word of realism: a 22-lot volunteer association with no fees has very limited capacity. That means low cost and light-touch governance, and it also means limited ability to maintain shared infrastructure or enforce covenants. Ask specifically who maintains the roads and how that is paid for.

## Utilities

Not verified from a primary source. On four-acre lots in unincorporated Kendall County, **individual wells and on-site septic are the expected arrangement.** Confirm in writing for the specific property, and get the well log, depth, pump age, and water quality testing, plus the septic permit history from Kendall County's on-site sewage program.

## Jurisdiction and taxes

Kendall CAD shows **no city taxing unit** on Indian Springs parcels. **Unincorporated Kendall County** — no city property tax, no city services, county sheriff, rural fire response.

## Schools

**Boerne ISD.** A point inside the community returns **Fabra Elementary, Boerne Middle School North, and Boerne High School** through Boerne ISD's own InfoFinder lookup (queried September 2026). Confirm your specific address; boundaries were redrawn in August 2024.

## Location and commute

West of Boerne off Highway 46, near Miralomas and not far from Tapatio Springs. Downtown Boerne and the H-E-B are a moderate drive. I-10 access is further than from the south-side neighborhoods, so the San Antonio commute is real.

## Amenities

None that we could verify for the Kendall County community. Amenity claims you find online about ""Indian Springs"" near Boerne most likely describe a Bexar County association. Assume none here unless the POA tells you otherwise.

## Who it suits

It suits a buyer who wants four acres, minimal HOA involvement, and essentially no association fees, and who is comfortable with a very small community and self-reliant infrastructure. It suits people who want land without a covenant regime that polices paint colors.

It does not suit anyone who wants amenities, professional HOA management, or the assurance that shared roads and entrances will be maintained on a schedule. It does not suit a daily San Antonio commuter. And it does not suit a buyer who found information about ""Indian Springs"" online without first checking which county it referred to.

## Talk to someone who works this market

Heath Shepard is a licensed Texas REALTOR with Keller Williams, working Boerne, Fair Oaks Ranch, and Kendall County. If you want current Indian Springs listings in Kendall County — the right Indian Springs — or help reaching the volunteer board for restrictions and dues, reach out through theheathshepardrealestateteam.com.

Call or text **[830-446-3847](tel:+1-830-446-3847)** · Email **[heath.shepard@kw.com](mailto:heath.shepard@kw.com)**","Boerne","Kendall","","","78006","Boerne ISD","Fabra Elementary","Boerne Middle School North","Boerne High School","","Mandatory but volunteer self-managed — Indian Springs Property Owners Association – Kendall County, Texas. Its filed certificate lists $0 resale certificate, $0 transfer fee, and $0 working capital.","","","","","","","","","","","","draft"
"Kendall Creek Estates","kendall-creek-estates-boerne-tx","Kendall Creek Estates, Boerne TX — Guide, HOA, Schools","Kendall Creek Estates, Boerne: 102 homes inside City of Boerne limits near Scenic Loop. Now zoned to Viola Wilson Elementary. HOA, schools, commute.","","Kendall Creek Estates is a small neighborhood on the south side of Boerne near Scenic Loop Road, with streets named Deerwood Oaks, Katie, Sage Canyon, Shadow Knolls, Sutter Mills and Winding. At 102 homes it is the kind of place where the same cars are in the same driveways every evening.

## The school change you need to know about

Kendall Creek Estates is now zoned to **Viola Wilson Elementary**, the campus Boerne ISD opened on Corley Road in **August 2024**.

A point inside the neighborhood returns **Viola Wilson Elementary, Boerne Middle School South, and Champion High School** through Boerne ISD's own InfoFinder address lookup (queried September 2026).

This matters because the Wilson opening moved roughly 469 students out of Van Raub, Fabra, and Kendall elementary zones, and Kendall Creek Estates sits in the part of the district where the redraw was most active. **Any listing, blog post, or neighborhood page published before August 2024 that names this neighborhood's elementary school is probably wrong.** Verify your specific address through the district before you rely on it — that goes double here.

## The numbers

Kendall County Appraisal District parcel records show **102 parcels across roughly 27 acres**, with **101 already improved** (Kendall CAD GIS parcel layer, retrieved September 2026). That is 99% built out — completely finished. There is one unbuilt parcel.

Lots are consistent: 10th percentile about **0.21 acres**, median **0.22 acres**, 90th percentile about **0.31 acres**. Roughly a fifth of an acre across the board, which is slightly more generous than most Boerne subdivisions in this price band.

Current Kendall CAD market values on improved parcels: **median near $427,000**, 10th percentile around $359,000, 90th around $505,000. One of the more attainable established neighborhoods inside Boerne city limits. Appraisal-district values, not asking prices.

## Housing stock

Single-family homes on fifth-acre lots. The uniform lot sizes and the tight value band suggest a single-phase production build rather than a neighborhood assembled over many years.

We were not able to verify the original builder, the build era, or square footage ranges from a primary source. Pull the year built and living area from the appraisal record on any specific property.

## Jurisdiction — inside the City of Boerne

Kendall CAD parcel records show the **City of Boerne** as a taxing unit on all 102 parcels. Inside the city limits: City of Boerne water and sewer, city trash, Boerne PD, city tax line.

That is worth noting, because Kendall Creek Estates sits near the Scenic Loop corridor where a lot of nearby property is *not* in the city — and some of it is not even in Kendall County. Being inside the city here means municipal utilities rather than a well and a septic system.

## HOA

**The HOA is mandatory.** The association is **Kendall Creek Estates Homeowners Association, Inc.** (TREC management certificate, recorded Kendall County).

**The recurring dues amount is not disclosed** on the management certificate. Contact the association directly for the current assessment and the recorded restrictions before your option period ends.

At 102 homes with public city streets and no confirmed amenity center, expect modest dues covering common-area maintenance and covenant enforcement. Ask what is actually included rather than assuming.

## Amenities

We found no confirmed pool, clubhouse, or amenity center. This is a straightforward residential neighborhood. Buyers who want amenities at a similar price should compare against Southglen, which has a pool, or Regent Park, which has a pool and a fitness room.

## Location and commute

South Boerne near Scenic Loop Road. You are well positioned for I-10 access, which makes this one of the better commuter neighborhoods in Boerne for anyone driving into San Antonio. Downtown Boerne and the Highway 46 retail corridor are short drives.

The Scenic Loop area has seen considerable growth, so expect more traffic on the surrounding roads than the neighborhood's small size would suggest.

## Who it suits

It suits a buyer who wants a finished, quiet, in-city Boerne neighborhood at an accessible price, with a fifth-acre lot and a genuinely good commute to San Antonio. It suits families who want a new elementary campus — Wilson opened in 2024, which means new buildings and new systems.

It does not suit anyone who wants acreage or privacy. It does not suit a buyer who needs a community pool or trail system. And it does not suit someone relying on pre-2024 information about which schools this neighborhood attends.

## Talk to someone who works this market

Heath Shepard is a licensed Texas REALTOR with Keller Williams, working Boerne, Fair Oaks Ranch, and Kendall County. If you want current Kendall Creek Estates listings, or written confirmation of the current attendance zones for a specific address, reach out through theheathshepardrealestateteam.com.

Call or text **[830-446-3847](tel:+1-830-446-3847)** · Email **[heath.shepard@kw.com](mailto:heath.shepard@kw.com)**","Boerne","Kendall","","","78006","Boerne ISD","Viola Wilson Elementary","Boerne Middle School South","Champion High School","","Mandatory — Kendall Creek Estates Homeowners Association, Inc. Dues amount unverified; confirm with the association.","","","","","","","","","","","","draft"
"Kendall Pointe","kendall-pointe-boerne-tx","Kendall Pointe, Boerne TX — Neighborhood Guide, HOA, Schools","Kendall Pointe, Boerne: 112 homes on 1-acre lots, unincorporated Kendall County near I-10. HOA, wells and septic, schools, and the commute reality.","","Kendall Pointe is a one-acre-lot neighborhood on the south side of Boerne, with a short, simple street list: Kendall Pointe, Kendall Ridge, Kendall, and Canyon. It is close to I-10, which makes it one of the more commuter-friendly acreage-adjacent neighborhoods in Kendall County.

## The county question

Kendall Pointe carries a **Boerne, TX 78015** mailing address, and most 78015 properties around here are in **Bexar County**. Kendall Pointe is not.

Kendall County Appraisal District parcel records show **Kendall County** on all 112 Kendall Pointe parcels, with **no city taxing unit** (Kendall CAD GIS parcel layer, retrieved September 2026). So: Kendall County, unincorporated, outside the City of Boerne.

That combination — Kendall County but not in the city — means you get Kendall County tax rates and Boerne ISD schools without a city property tax line, and correspondingly without city police, city trash, or city utilities.

## The numbers

Kendall CAD records show **112 parcels covering roughly 111 acres**, with **109 already improved** (retrieved September 2026). At 97% built out this is a finished neighborhood.

Lot sizes are tightly clustered: 10th percentile about **0.65 acres**, median **1.0 acres**, 90th percentile about **1.19 acres**. Essentially everyone is on an acre.

Current Kendall CAD market values on improved parcels: **median near $727,000**, 10th percentile around $607,000, 90th around $932,000. Appraisal-district values, not asking prices.

For a buyer who wants a full acre with Boerne ISD schools and good interstate access, this is one of the more efficient ways to get it — you are paying less than Bent Tree or Coveney Ranch for comparable or slightly smaller land, with a better commute.

## Housing stock

Single-family homes on acre lots. The uniformity of lot size and the tight value band point to a coordinated development rather than a piecemeal one.

We were not able to verify the builder, build era, or square footage ranges from a primary source. Pull the year built and living area from the appraisal record for any specific property.

## HOA

**The HOA is mandatory.** The association is **Kendall Pointe Homeowners Association** (TREC management certificate, recorded Kendall County).

**The recurring assessment is not disclosed** on the management certificate. Contact the association directly for current dues and the recorded restrictions before your option period ends.

Ask specifically about road maintenance. In unincorporated Kendall County, neighborhood roads are either county-maintained or private — and if they are private, the HOA carries the repaving obligation for 112 homes. Find out which it is and whether a reserve exists.

## Utilities — likely well and septic

Not verified from a primary source. On one-acre lots in unincorporated Kendall County, **individual wells and on-site septic systems are the expected arrangement.** Confirm in writing for the specific property.

One acre is workable but not generous for a conventional septic drainfield, so look carefully at the septic permit, the system type — conventional or aerobic — and whether there is space to replace the field if it fails. Aerobic systems require an ongoing maintenance contract, which is a recurring cost most buyers do not price in. Get the permit history from Kendall County's on-site sewage program.

If it is a well: log, depth, pump age, pressure tank, and both bacteriological and mineral water testing.

## Schools

**Boerne ISD.** A point inside the neighborhood returns **Kendall Elementary, Boerne Middle School South, and Champion High School** through Boerne ISD's own InfoFinder lookup (queried September 2026).

Confirm your specific address with the district. Boerne ISD opened Viola Wilson Elementary in August 2024 and redrew elementary boundaries then, and neighborhoods in this part of the district were directly affected — nearby Kendall Creek Estates now feeds Wilson rather than Kendall Elementary.

## Location and commute

South Boerne, close to I-10. This is the practical argument for Kendall Pointe: an acre of land and a short drive to the interstate is a rare combination around here. The San Antonio commute from this position is about as good as acreage living gets in Kendall County.

Downtown Boerne and the Highway 46 corridor are short drives. The H-E-B is easy.

## Amenities

We found no confirmed community amenities. This is a residential acreage neighborhood — you are buying the lot size and the location.

## Who it suits

It suits a commuter who wants an acre, Boerne ISD schools, and no city tax, and who is comfortable with a well and a septic system. It suits someone who wants land but cannot afford the drive time that usually comes with it. It suits buyers who want a finished neighborhood with predictable values.

It does not suit a buyer who wants city water and sewer on their acre — for that, Menger Springs is the answer, at a considerably higher price. It does not suit anyone wanting amenities or a gated entry. And it does not suit a buyer who assumes a 78015 zip means Bexar County tax rates; here it does not.

## Talk to someone who works this market

Heath Shepard is a licensed Texas REALTOR with Keller Williams, working Boerne, Fair Oaks Ranch, and Kendall County. If you want current Kendall Pointe listings, or help confirming the septic type, road maintenance, and HOA dues on a specific property, reach out through theheathshepardrealestateteam.com.

Call or text **[830-446-3847](tel:+1-830-446-3847)** · Email **[heath.shepard@kw.com](mailto:heath.shepard@kw.com)**","Boerne","Kendall","","","78015","Boerne ISD","Kendall Elementary","Boerne Middle School South","Champion High School","","Mandatory — Kendall Pointe Homeowners Association. Dues amount unverified; confirm with the association.","","","","","","","","","","","","draft"
"Kendall Woods Estates","kendall-woods-estates-boerne-tx","Kendall Woods Estates, Boerne TX — Guide, HOA, Schools","Kendall Woods Estates, Boerne: 135 homes on ~3-acre wooded lots, unincorporated Kendall County, platted 1995. HOA, wells and septic, schools.","","Kendall Woods Estates is an established acreage subdivision east of Boerne off FM 3351, with streets named Kendall Woods, Kendall View, Forest Ridge, Country Meadow, Lost Oaks, Oak Meadow, Oak Valley, Hide Away and Plantation. It is one of the older acreage communities in the area, and unlike the newer gated developments it has grown in — the trees are mature, the driveways are established, and it reads as a place people have lived for a long time.

## The numbers

Kendall County Appraisal District parcel records show **135 parcels covering roughly 449 acres**, with **126 already improved** (Kendall CAD GIS parcel layer, retrieved September 2026). At 93% built out, this is essentially finished. You are buying into a settled neighborhood, not a construction site.

Lot sizes: 10th percentile about **2.09 acres**, median **3.0 acres**, 90th percentile about **4.53 acres**. Three acres is the standard lot — smaller than River Mountain Ranch or Sabinas Creek Ranch, which keeps the price down while still giving real separation.

Current Kendall CAD market values on improved parcels: **median near $687,000**, 10th percentile around $537,000, 90th around $938,000. Appraisal-district values, not asking prices.

That combination — three wooded acres, an established neighborhood, under $700,000 at the median — is the reason to look here. Very little else in Kendall County offers it.

## Development era

The association's filed management certificate records plats from **Unit 1 (Kendall County Document No. 1995-103575)** through **Unit 4 (Document No. 2005-199422)**. So the subdivision was platted starting in 1995 and expanded through 2005.

That matters for the housing stock: most homes here date from the late 1990s and 2000s. Expect the maintenance profile of a 20-to-30-year-old house — roofs, HVAC systems, water heaters, and septic systems that are at or past their first replacement cycle. Price that in.

We were not able to identify the original developer from a primary source.

## HOA

**The HOA is mandatory.** The association is **Kendall Woods Estates Owners Association, Inc.**, with a mailing address at 100 Kendall Wood Drive, Boerne, and a community website at kendallwoodsestates.com. It is run by volunteer officers rather than a professional management company (TREC management certificate, filed September 2025).

The filed certificate discloses a **$250 first-request resale certificate fee**. The recurring dues amount is not disclosed — Texas certificates only require transfer-related fees — and we could not verify it. Contact the association's officers directly using the information on the filed certificate.

A volunteer-run association at this scale usually means low dues and limited services. Ask specifically who maintains the roads and whether they are county-maintained or private.

## Utilities

We could not verify water and wastewater service from a primary source. On three-acre lots in unincorporated Kendall County, **individual wells and septic systems are the expected arrangement**, but that is an inference and you should confirm it in writing for the specific property.

If it is a well and septic — and it almost certainly is — get the well log, depth, pump age, and a water quality test, plus the septic permit history from Kendall County's on-site sewage program. On 1990s-era systems this is not a formality.

## Jurisdiction and taxes

Kendall CAD shows **no city taxing unit** on Kendall Woods Estates parcels. This is **unincorporated Kendall County** — no city property tax, no city services, county sheriff, rural fire response.

## Schools

**Boerne ISD.** A point inside the neighborhood returns **Cibolo Creek Elementary, Capt. Mark Tyler Voss Middle School, and Champion High School** through Boerne ISD's own InfoFinder lookup (queried September 2026).

Be careful with older information about this neighborhood. Some secondary descriptions place Kendall Woods Estates on Ralph Fair Road and assign different schools; our parcel data puts it off FM 3351 east of Boerne. Verify your specific address with Boerne ISD directly, especially given the August 2024 elementary boundary redraw.

## Location and commute

East of Boerne off FM 3351. This is a moderate drive — further out than the in-town subdivisions, considerably closer in than River Mountain Ranch or Champee Springs. You are a reasonable run from Highway 46 and from I-10, which makes the San Antonio commute workable if not short.

## Who it suits

It suits a buyer who wants two to four wooded acres and a real house at a price that newer gated acreage communities cannot match, and who is comfortable with a home that is old enough to need attention. It suits someone who wants an established neighborhood with grown trees rather than a construction zone.

It does not suit someone looking for new construction, a gated entry, or an amenity package. It does not suit a buyer who wants an HOA that does things — this one is volunteer-run and light-touch. And it does not suit anyone who has not budgeted for the deferred maintenance that comes with 1990s and 2000s houses on septic systems.

## Talk to someone who works this market

Heath Shepard is a licensed Texas REALTOR with Keller Williams, working Boerne, Fair Oaks Ranch, and Kendall County. If you want current Kendall Woods Estates listings, or a realistic read on what a 25-year-old acreage home here will need in the first three years, reach out through theheathshepardrealestateteam.com.

Call or text **[830-446-3847](tel:+1-830-446-3847)** · Email **[heath.shepard@kw.com](mailto:heath.shepard@kw.com)**","Boerne","Kendall","","","78006","Boerne ISD","Cibolo Creek Elementary","Capt. Mark Tyler Voss Middle School","Champion High School","","Mandatory — Kendall Woods Estates Owners Association, Inc. Self-administered by volunteer officers; dues amount unverified.","","","","","","","","","","","","draft"
"Lost Creek","lost-creek-boerne-tx","Lost Creek, Boerne TX 78015 — Guide, HOA, and the School District Trap","Lost Creek, Boerne 78015: 414 homes off Ralph Fair Road in Bexar County — and in NORTHSIDE ISD, not Boerne ISD. HOA, values, and the name collisions.","","Lost Creek is a large tract subdivision off Ralph Fair Road near I-10, built out in the second half of the 2000s. Its sections carry Spanish-mission names — Mission Bluff, Mission Haven, Mission Ledge, Mission Point, Mission Summit, Presidio Alley, Presidio Crest, Presidio Cliff, Presidio Sands — alongside Lost Creek Way and Lost Creek Gap.

It is one of the most affordable neighborhoods with a Boerne mailing address. It also carries the single most consequential misconception in this guide.

## The school district — this is NOT Boerne ISD

**Lost Creek is in Northside ISD.**

Multiple real estate sources describe Lost Creek as a Boerne ISD neighborhood. That is wrong, and we tested it carefully because the stakes are high.

1. **Bexar County's own school district GIS layer** returns **Northside ISD** for this location.
2. **Boerne ISD's own InfoFinder address lookup returns no assignment** for Lost Creek addresses. We probed **nine separate parcels** spread from the south end of the subdivision to the north — Lost Creek Way, Lost Creek Gap, Presidio Sands, Mission Haven, Mission Bluff, Mission Point, Presidio Crest, Presidio Cliff. **All nine came back outside Boerne ISD.**

If you are buying in the Boerne area specifically for Boerne ISD schools, **Lost Creek will not get you there.** A buyer who relies on a listing that says ""Boerne ISD"" and does not verify would find out at enrollment.

Northside ISD is a large, well-regarded district — this is not a knock on the schools. It is a factual correction about which district you are in. **Verify the specific campus assignment with Northside ISD directly.** We are not naming campuses we have not confirmed for this address.

Note how tight this boundary is: **Fallbrook and Sablechase, both roughly a mile away off Ralph Fair Road, are in Boerne ISD.** Lost Creek is not. A mile is the whole difference.

## Watch for two other Lost Creeks

The name collides badly:

- **Lost Creek Ranch Homeowners Association, Inc.** is a completely separate community in **Collin County** — Plano, in the Dallas metro, roughly 300 miles from here. It has its own filed management certificate. Nothing about it applies to Boerne.
- A third, unrelated **Lost Creek** subdivision exists near Loop 1604 and Judson Road in northeast Bexar County, zoned to North East ISD.

If you are reading HOA documents or reviews, confirm you are looking at the **Ralph Fair Road** community in Bexar County.

## County and jurisdiction

**Lost Creek is in Bexar County.** The association's management certificate states the subdivision location as Bexar County directly (Bexar County Document No. 20210309138). Bexar County parcel records carry the community under Bexar County Block 4711D, with situs zips predominantly **78015**.

Not the City of Boerne. Not Kendall County. Bexar County tax rates apply.

Whether the parcel sits in unincorporated Bexar County, the City of Boerne's extraterritorial jurisdiction, or Fair Oaks Ranch's ETJ we could not resolve. Ask Bexar County for the specific address.

## The numbers

Bexar County parcel records for the CB 4711 Lost Creek sections show **414 parcels**, with a **median lot of about 0.148 acres** and a **median total appraised value near $368,000**. Construction runs **2006 through 2017, with a median year built of 2008** (Bexar County parcel GIS, retrieved September 2026).

Appraisal-district values, not asking prices.

At a median around $368,000, **Lost Creek is one of the most affordable neighborhoods in this guide** with a Boerne mailing address — second only to Silver Hills and Spencer Ranch. If your budget is the binding constraint and Boerne ISD is not a requirement, this deserves a look.

## Housing stock

Production tract homes from **Centex and Pulte**, built across the 2006-2017 window in sections marketed as The Bluffs of Lost Creek, Presidio of Lost Creek, The Summit of Lost Creek and The Hills of Lost Creek.

With a 2008 median build year, these homes are now approaching twenty. Original roofs, water heaters, and first HVAC systems are at or past replacement age. Budget for it and inspect accordingly — at this price point, a $15,000 deferred-maintenance surprise is a much bigger proportion of the deal than it would be at $900,000.

## HOA

**The HOA is mandatory.** The association is **Lost Creek Homeowners Association, Inc.**, managed by **Spectrum Association Management** of San Antonio.

The filed certificate discloses closing costs: a **$200 administrative transfer fee**, a **$375 resale package fee**, and a **working capitalization fee equal to two months' assessments**.

**The recurring assessment is not disclosed** in dollar terms — which is worth noting, because the working capital fee is defined as two months of it. Get the current monthly or annual assessment from Spectrum Association Management directly; you need it to compute your closing costs as well as your carrying cost.

## Amenities and gating

We could not confirm an amenity package or gating from a primary source. Verify what exists before assuming.

## Utilities

Not confirmed from a primary source. Confirm the water and wastewater provider in writing for the specific property.

## Location and commute

Off Ralph Fair Road near I-10 West, roughly Exit 550. Interstate access is immediate and the San Antonio commute is short — genuinely one of the better commuter positions in this guide.

Downtown Boerne is fifteen minutes or so up the interstate.

## Who it suits

It suits a budget-conscious buyer who wants a short San Antonio commute, a Boerne mailing address, and the lowest entry price in the 78015 corridor, and who is comfortable with a 2006-2017 tract home that needs some attention. It suits investors looking at rental yield in a high-demand commute corridor.

It does not suit a family relocating for Boerne ISD — this is Northside ISD. It does not suit someone wanting acreage or Hill Country character. And it does not suit a buyer who skips a thorough inspection on a house at the twenty-year mark.

## Talk to someone who works this market

Heath Shepard is a licensed Texas REALTOR with Keller Williams, working Boerne, Fair Oaks Ranch, and Kendall County. If you want current Lost Creek listings, the confirmed Northside ISD campus assignment, or an honest repair estimate on a 2008-vintage home here, reach out through theheathshepardrealestateteam.com.

Call or text **[830-446-3847](tel:+1-830-446-3847)** · Email **[heath.shepard@kw.com](mailto:heath.shepard@kw.com)**","Boerne","Bexar","","","78015","","","","","","Mandatory — Lost Creek Homeowners Association, Inc., managed by Spectrum Association Management. Dues amount unverified.","","","","","","","","","","","","draft"
"Menger Springs","menger-springs-boerne-tx","Menger Springs, Boerne TX — Neighborhood Guide, HOA, Schools","Menger Springs, Boerne: 246 estate parcels inside city limits, Kendall County. HOA fees, lot sizes, schools, and the name confusion to avoid.","","Menger Springs is Boerne's inside-the-city-limits estate neighborhood, and that combination is rare enough to be its whole identity. Almost every community around here offering acre-plus lots under oak canopy is out in unincorporated Kendall County on a well and a septic field. Menger Springs is not.

The street names all end the same way — Bitter Springs, Cabin Springs, Creek Springs, Dobie Springs, Fair Springs, Fall Springs, Hollow Springs, Knoll Springs, Ledge Springs — which makes the neighborhood easy to recognize on a listing and slightly confusing to navigate the first time.

## First, the name problem

There are two entirely different things in Boerne called Menger Springs, and conflating them is the most common error published about this neighborhood.

1. **Menger Springs, the residential subdivision** — the gated estate community described here.
2. **Morningside at Menger Springs** — a Morningside Ministries continuing-care senior living campus along Menger Creek.

They are unrelated. A web search for ""Menger Springs Boerne"" surfaces the senior-living campus far more often than the subdivision. If someone tells you they are looking at Menger Springs, establish which one before you go any further.

## The numbers

Kendall County Appraisal District parcel records show **246 parcels across roughly 366 acres**, with **224 already improved** (Kendall CAD GIS parcel layer, retrieved September 2026). At 91% built out, this is a mature, nearly finished neighborhood.

The lot distribution is the interesting part: 10th percentile about **0.19 acres**, median **1.18 acres**, 90th percentile about **3.4 acres**. That is an enormous spread, and it tells you the community contains at least two distinct products — a garden-home or patio-home component on small lots, and an estate component on one to three-plus acres. Those are different neighborhoods with different buyers sharing one entrance.

Current Kendall CAD market values on improved parcels reflect the same split: **median near $1,098,000**, but with the 10th percentile down at roughly $481,000 and the 90th up at roughly $1,557,000. Appraisal-district values, not list prices. When you see a wide band like that, it is not noise — it is two products.

## Housing stock

Custom and semi-custom homes rather than production tract. Local builders active here over the years have included several Boerne-area custom shops. Prevailing style is Hill Country traditional: limestone, heavy timber accents, metal roofs, deep porches. Lots kept a lot of their original oak cover, which is the reason many buyers choose it over a newer development where the trees are ten years old.

## Jurisdiction — inside the City of Boerne

Kendall CAD parcel records show the **City of Boerne** as a taxing unit on all 246 parcels. That is the headline fact. You get an acre or more of oak-covered land with **city water and sewer**, city police, and city services — without the well, the septic system, the volunteer fire response times, or the county permitting process that come with comparable acreage out in the county.

You also get the city tax line, which the unincorporated acreage communities do not have. That is the trade. For a lot of buyers it is a trade worth making.

## HOA

**The HOA is mandatory.** The association is **Menger Springs Homeowners Association**, managed by FirstService Residential out of Dallas (TREC management certificate, recorded Kendall County Instrument #409303, filed June 12, 2026).

The filed certificate discloses a detailed and fairly aggressive fee schedule at closing: an **ownership transfer fee of $340**, a **resale certificate at $375 / $450 / $500 depending on turnaround speed**, a $75 resale certificate update, refinance certificates from $125 to $275, a $100 loan estimate questionnaire, a $150 HOA questionnaire, and a $150 reverse mortgage questionnaire. These stack up. If you are refinancing or selling, budget for them.

**The recurring dues amount is not disclosed** on the management certificate and we could not verify it from a primary source. Get it from FirstService Residential directly.

One oddity worth flagging for your title company: the certificate's own text lists the declaration recording data as being in the Official Public Records of **Bexar** County while the subdivision itself is unambiguously in Kendall County. That is most likely a clerical artifact on the filing, but have title confirm which instrument actually governs.

## Schools

**Boerne ISD.** A point inside the neighborhood returns **Fabra Elementary, Boerne Middle School South, and Champion High School** through Boerne ISD's own InfoFinder lookup (queried September 2026).

Confirm your specific address with the district. Boerne ISD opened Viola Wilson Elementary in August 2024 and redrew elementary boundaries then, and Menger Springs is large enough in extent that the ends of it could differ.

## Location and commute

Close in. You are near I-10 and a short run from downtown Boerne and the main retail corridor. For a neighborhood that feels this rural once you are inside the gate, the drive times are genuinely short — that is the unusual thing about it.

## Who it suits

It suits a buyer who wants an acre or more, oak trees, and a custom home, but does not want a well, a septic system, or a twenty-minute drive to a grocery store. It suits someone who wants the estate feel with city infrastructure underneath it.

It does not suit a buyer chasing the lowest tax rate — you are paying city taxes for city services. It does not suit someone who wants a resort amenity package; the amenity here is the land. And it does not suit a buyer who assumes every lot in the neighborhood is an acre. Check the actual lot size on the specific property, because a meaningful share of Menger Springs is well under half an acre.

## Talk to someone who works this market

Heath Shepard is a licensed Texas REALTOR with Keller Williams, working Boerne, Fair Oaks Ranch, and Kendall County. If you want current Menger Springs listings, or help telling the estate sections from the garden-home sections before you tour, reach out through theheathshepardrealestateteam.com.

Call or text **[830-446-3847](tel:+1-830-446-3847)** · Email **[heath.shepard@kw.com](mailto:heath.shepard@kw.com)**","Boerne","Kendall","","","78006","Boerne ISD","Fabra Elementary","Boerne Middle School South","Champion High School","","Mandatory — Menger Springs Homeowners Association, managed by FirstService Residential.","","","","","","","","","","","","draft"
"Miralomas","miralomas-boerne-tx","Miralomas, Boerne TX — Neighborhood Guide, HOA, MUD, Schools","Miralomas, Boerne: 268 parcels west of town, unincorporated Kendall County, served by its own MUD with reclaimed-water irrigation. HOA, schools.","","Miralomas is a newer development west of Boerne off the Highway 46 corridor, in the same general area as Tapatio Springs and Indian Springs. The street names run to birds and Spanish — Alba, Canario, Hibiscus, Ibis, Mancha, Mariposa, Mockingbird, Monarca. It is one of the more actively building communities on the west side of town.

## The county discrepancy — read this before you rely on anything

There is a genuine inconsistency in the public record for Miralomas, and you should know about it.

**Kendall County Appraisal District appraises all 268 Miralomas parcels as Kendall County property**, with Kendall County as the county taxing unit and Boerne ISD as the school district (Kendall CAD GIS parcel layer, retrieved September 2026). The parcels sit at roughly 29.76 N, 98.80 W — well northwest of the Bexar County line. Bexar County's own parcel records return no Miralomas properties.

**However**, the Miralomas Property Owners Association's management certificate was recorded in the Official Public Records of **Bexar** County.

The most likely explanation is that the association's governing documents were recorded in Bexar County for reasons tied to the developer's entity rather than to the land's location, or that the filing is simply misplaced. **The appraisal district's determination of county is the one that governs your tax bill**, and it says Kendall.

Practical instruction: have your title company confirm which recorded instruments actually govern the property and in which county's records they sit. Do not let a listing or an HOA document's recording county override what the appraisal district says about where the land is.

## The numbers

Kendall CAD parcel records show **268 parcels covering roughly 182 acres**, with only **104 currently improved** (retrieved September 2026). That is 39% built out — this is an actively developing community, and you will have construction around you.

The community's own marketing describes a footprint of nearly 900 acres with more than half preserved as undeveloped nature, so the 182 platted acres above represent what has been recorded so far, not the eventual size.

Lots: 10th percentile about **0.129 acres**, median **0.204 acres**, 90th percentile about **0.552 acres**. Builders have marketed 55-foot and 65-foot lot widths in the Mariposa ridgeline section.

Current Kendall CAD market values on improved parcels: **median near $604,000**, 10th percentile around $494,000, 90th around $870,000. Appraisal-district values, not asking prices.

## Housing stock

New construction from a mix of builders — Sitterle Homes, Prestige Homes and David Weekley Homes have all been active here, with David Weekley building a section marketed as The Summit at Miralomas. Expect current-generation plans, design center finishes, and builder warranties.

## The utility district — a real cost and a real feature

Miralomas is served by the **Miralomas Municipal Utility District**, which purchases potable water from the Guadalupe-Blanco River Authority and operates its own low-pressure wastewater collection system and treatment plant. The plant produces **reclaimed non-potable water piped to every lot for irrigation**.

That reclaimed-water irrigation system is genuinely unusual and genuinely valuable in a drought-prone county — outdoor watering restrictions that hit municipal customers work differently when your irrigation supply is reclaimed effluent.

But a MUD is a **taxing entity**. There is a district levy on the tax bill that a home inside Boerne city limits with plain city utilities does not carry. We were not able to verify the current district rate from the district's own filing, so **pull the actual MUD rate and model the full tax bill before you underwrite a payment.** This is the single largest variable in what Miralomas actually costs per month, and it is the one most often left out of a comparison against, say, Regent Park or Champion Heights.

## Jurisdiction

Kendall CAD shows **no city taxing unit** on Miralomas parcels. This is **unincorporated Kendall County** — outside the City of Boerne. County sheriff, county permitting, plus the MUD for water and wastewater.

## HOA

**The HOA is mandatory.** The association is **Miralomas Property Owners Association, Inc.**, managed by Goodwin & Company.

The filed certificate discloses closing-table charges: a **$300 working capital fee**, a **$375 resale certificate**, and a **$340 transfer fee**.

**The recurring assessment is not disclosed** on the certificate. Get it from Goodwin & Company directly — and get the MUD rate at the same time, because the two together are your real monthly number.

## Amenities

The community markets hiking trails, a 40-acre lake, a fitness center, a pool and a clubhouse. At 39% built out, verify which of these are actually open. Amenity delivery at partially built communities frequently lags the marketing.

We found no source describing Miralomas as gated.

## Schools

**Boerne ISD.** A point inside the community returns **Fabra Elementary, Boerne Middle School North, and Boerne High School** through Boerne ISD's own InfoFinder lookup (queried September 2026). Confirm your specific address; boundaries were redrawn in August 2024 and a still-growing community may see future changes.

## Location and commute

West Boerne off Highway 46. Further from I-10 than the south-side neighborhoods, which makes the San Antonio commute longer. Downtown Boerne and the H-E-B are reasonable drives.

## Who it suits

It suits a buyer who wants new construction with real open space and an unusual, drought-resilient irrigation setup, and who does the math on the MUD levy with eyes open. It suits people who want west-side Boerne and a natural setting.

It does not suit a commuter who needs quick interstate access. It does not suit a buyer who wants a finished neighborhood — 61% of lots are still unbuilt. And it does not suit anyone comparing list prices across Boerne without accounting for the utility district tax.

## Talk to someone who works this market

Heath Shepard is a licensed Texas REALTOR with Keller Williams, working Boerne, Fair Oaks Ranch, and Kendall County. If you want current Miralomas listings, or help modeling the full MUD-inclusive tax bill against other Boerne neighborhoods, reach out through theheathshepardrealestateteam.com.

Call or text **[830-446-3847](tel:+1-830-446-3847)** · Email **[heath.shepard@kw.com](mailto:heath.shepard@kw.com)**","Boerne","Kendall","","","78006","Boerne ISD","Fabra Elementary","Boerne Middle School North","Boerne High School","","Mandatory — Miralomas Property Owners Association, Inc., managed by Goodwin & Company. Note: the association's management certificate was recorded in Bexar County records while the land is appraised in Kendall County — see below.","","","","","","","","","","","","draft"
"Napa Oaks","napa-oaks-boerne-tx","Napa Oaks, Boerne TX 78015 — Neighborhood Guide, HOA, Schools","Napa Oaks, Boerne 78015: 368 homes in Bexar County near Fair Oaks Parkway. Gated, Boerne ISD, Van Raub Elementary. HOA, values, and the name mix-up.","","Napa Oaks is a gated subdivision off I-10 near Fair Oaks Parkway, on the ridge above the interstate. The hilltop position gives parts of the neighborhood long views south toward San Antonio, which is the main thing people remember about it.

## One quick disambiguation

There is a **Napa Oaks apartment complex** on Napa Landing in the Boerne area, and there is **Napa Oaks the single-family gated subdivision**. They share a name and they are not the same property. If you are searching listings or reading reviews, check which one you are looking at.

## County and jurisdiction

**Napa Oaks is in Bexar County.** The Napa Oaks Owners' Association's management certificate lists all subdivision plats — Units 1 through 7 plus 2A, 3.1, 6A and 6B — as recorded in the **Official Deed and Plat Records of Bexar County, Texas** (Bexar County Document No. 20220180234, filed July 22, 2022). Bexar County parcel records carry all 368 parcels.

The mailing address is **Boerne, TX 78015**. That is postal geography, not political geography. This is **not** the City of Boerne and **not** Kendall County. Your county tax rate is Bexar County's.

We could not confirm whether the neighborhood sits in unincorporated Bexar County or within a city's extraterritorial jurisdiction. Ask Bexar County for the specific address if permitting matters to you.

## The numbers

Bexar County parcel records show **368 parcels**, with a **median lot of about 0.198 acres** (10th percentile 0.15, 90th percentile roughly 0.33 acres) and a **median total appraised value near $530,000** (10th percentile around $415,000, 90th around $720,000). Construction runs from roughly 2010 through 2024 (Bexar County parcel GIS, retrieved September 2026).

Appraisal-district values, not asking prices.

At a median around $530,000, Napa Oaks sits below Front Gate and Fallbrook and well below Balcones Creek in appraised value — which makes it one of the more accessible gated options in the 78015 corridor.

## Housing stock

Production single-family homes. The earliest declaration of covenants, for Unit 1, was executed **November 23, 2009**, with later phases platted through the mid-2010s. Brightland Homes has been active here more recently.

Reported square footages span roughly **1,610 to 3,963 square feet**, which is a wide range — this neighborhood contains genuinely different house sizes, from modest to substantial. Know which section you are in.

Because the build window spans 2010 to 2024, the older sections are now in the range where roofs, water heaters and first HVAC systems come due. The newer sections are not. That difference should show up in your offer.

## HOA

**The HOA is mandatory.** The association is **Napa Oaks Owners' Association, Inc.**, managed by FirstService Residential from its San Antonio office on Huebner Road — the same office that manages Balcones Creek and Fallbrook.

**The recurring dues amount is not disclosed** on the management certificate, and secondary sources vary widely, citing figures from $186 per quarter to $450 per year for individual properties. Those are inconsistent enough that none of them should be relied on. **Get the current assessment in writing from FirstService Residential.**

## Amenities and gating

The community is described as gated — one description calls it ""double gated,"" which likely refers to separate gated sections within the neighborhood. We could not confirm whether gates are staffed or automated.

There is a **community pool** off Napa Landing, positioned to take advantage of the long views toward San Antonio.

## Schools

**Boerne ISD.** Bexar County's own school district GIS layer returns Boerne ISD for this location, and Boerne ISD's InfoFinder address lookup returns **Van Raub Elementary, Boerne Middle School South, and Champion High School** (both queried September 2026).

Note that Boerne ISD redrew elementary boundaries in August 2024 when Viola Wilson Elementary opened, and Van Raub was one of the campuses that received relief from that change. Verify your specific address with the district.

## Utilities

Not independently confirmed. Confirm the water and wastewater provider in writing for the specific property. On fifth-acre lots in this corridor, a central system is likely, but ""likely"" is not a basis for a purchase decision.

## Location and commute

Off I-10 near Fair Oaks Parkway. Interstate access is immediate, which makes this among the best commuter positions in this guide. Northwest San Antonio retail and medical are close. Downtown Boerne is a drive — you are in the 78015 corridor, not in the town.

The ridge position that gives the views also means some lots are close to I-10. Highway noise carries uphill. Stand in the backyard on a weekday before you commit.

## Who it suits

It suits a commuter who wants a gated neighborhood, a pool, Boerne ISD schools, and a view, at a price below most of the surrounding gated communities. It suits buyers who want proximity to San Antonio more than proximity to Boerne.

It does not suit someone who wants acreage or the Hill Country setting. It does not suit a buyer sensitive to traffic noise without checking the specific lot. And it does not suit anyone assuming a Boerne mailing address means Kendall County taxes — it does not.

## Talk to someone who works this market

Heath Shepard is a licensed Texas REALTOR with Keller Williams, working Boerne, Fair Oaks Ranch, and Kendall County. If you want current Napa Oaks listings, or a confirmed HOA dues figure and an honest read on which lots get the road noise, reach out through theheathshepardrealestateteam.com.

Call or text **[830-446-3847](tel:+1-830-446-3847)** · Email **[heath.shepard@kw.com](mailto:heath.shepard@kw.com)**","Boerne","Bexar","","","78015","Boerne ISD","Van Raub Elementary","Boerne Middle School South","Champion High School","","Mandatory — Napa Oaks Owners' Association, Inc., managed by FirstService Residential San Antonio. Dues amount unverified.","","","","","","","","","","","","draft"
"Ranger Creek","ranger-creek-boerne-tx","Ranger Creek, Boerne TX — Neighborhood Guide, HOA, Schools","Ranger Creek, Boerne: 395 parcels west of town off I-10, unincorporated Kendall County, no mandatory HOA on file. Lot sizes, schools, commute.","","Ranger Creek is an older, loosely platted community west of Boerne along the I-10 corridor, with streets named for birds and Hill Country features — Arrowhead, Blue Heron, Blue Jay, Deer, Doeskin, Dove, Eagle, Flintrock, North View. It does not look like a modern subdivision and it was not built like one. Houses vary widely in age, size and condition, lots vary in size, and the overall feel is closer to a rural community that grew than a development that was planned.

## The numbers

Kendall County Appraisal District parcel records show **395 parcels covering roughly 400 acres**, with **373 already improved** (Kendall CAD GIS parcel layer, retrieved September 2026). At 94% built out, this is a long-established community.

Lot sizes: 10th percentile about **0.345 acres**, median **0.525 acres**, 90th percentile about **1.78 acres**. Half an acre is typical, with a meaningful tail of larger lots.

Current Kendall CAD market values on improved parcels: **median near $383,000**, 10th percentile around $277,000, 90th around $577,000.

That 10th percentile figure is the story. **At roughly $277,000, Ranger Creek has the lowest entry point of any community in this guide.** If your budget is genuinely constrained and you want a Kendall County address with Boerne ISD schools, this is where to look. Appraisal-district values, not asking prices.

## HOA status — unverified, and that cuts both ways

We searched the Texas Real Estate Commission's statewide HOA management certificate database and **found no filed management certificate for a Ranger Creek property owners association.**

Be careful how you read that. It is evidence, not proof:

- It may mean there is **no mandatory HOA** — plausible for a community of this vintage and character, and consistent with the variation you see driving through it.
- It may mean an association exists but has not complied with the Texas Property Code § 209.004 filing requirement.
- It may mean an association is indexed under a name we did not match.

What it does **not** mean is that the land is unrestricted. **Recorded deed restrictions run with the property whether or not an HOA exists to enforce them,** and neighbors have standing to enforce them in many cases. If you are buying here because you want to park an RV, run a business, or put up a metal building, get the actual recorded restrictions from your title company and read them. Do not rely on ""no HOA.""

Also ask about road maintenance. Where there is no association, private road upkeep is either a county responsibility or an informal arrangement among owners, and the latter is a recurring source of disputes.

## Housing stock

Highly variable. Because this community developed over decades rather than in phases, you will find small older homes, manufactured housing, substantial custom builds, and everything between, sometimes on the same street. Condition varies as much as style.

This is a neighborhood where the individual property matters far more than the neighborhood average, and where a thorough inspection is essential. Do not assume a value from a comp two streets over.

## Utilities

Not verified. Expect **wells and septic** on the larger lots; some parts of the community may be on a shared or community water system given the half-acre typical lot size. Confirm in writing for the specific property, and get the septic permit history from Kendall County's on-site sewage program. On older properties, unpermitted or long-expired septic systems are a real possibility — check.

## Jurisdiction and taxes

Kendall CAD shows **no city taxing unit** on Ranger Creek parcels. **Unincorporated Kendall County** — no city property tax, no city services, county sheriff, rural fire response.

The low tax rate is part of why the numbers work here.

## Schools

**Boerne ISD.** A point inside the community returns **Fabra Elementary, Boerne Middle School North, and Boerne High School** through Boerne ISD's own InfoFinder lookup (queried September 2026).

Confirm your specific address with the district. Ranger Creek is spread out along the I-10 corridor and boundaries were redrawn in August 2024.

## Location and commute

West of Boerne along I-10. Interstate access is good, which makes the San Antonio commute workable. Downtown Boerne and the H-E-B are short drives. This is not a remote location, despite the rural feel.

The tradeoff is the interstate itself — some parts of the community are close enough to hear it. Stand in the yard.

## Who it suits

It suits a buyer on a real budget who wants a Kendall County address, Boerne ISD schools, half an acre, and a workable commute, and who is prepared to buy an older property and evaluate it on its own merits. It suits people who want fewer rules and are willing to accept fewer guarantees about what the neighbors do.

It does not suit a buyer who wants uniformity, covenant enforcement, or a predictable comp set. It does not suit someone who wants a new house. And it does not suit anyone who hears ""no HOA on file"" and assumes the land is unrestricted — get the title work and read it.

## Talk to someone who works this market

Heath Shepard is a licensed Texas REALTOR with Keller Williams, working Boerne, Fair Oaks Ranch, and Kendall County. If you want current Ranger Creek listings, or help pulling the recorded restrictions and septic history on a specific property, reach out through theheathshepardrealestateteam.com.

Call or text **[830-446-3847](tel:+1-830-446-3847)** · Email **[heath.shepard@kw.com](mailto:heath.shepard@kw.com)**","Boerne","Kendall","","","78006","Boerne ISD","Fabra Elementary","Boerne Middle School North","Boerne High School","","UNVERIFIED — no management certificate for a Ranger Creek property owners association appears in the state HOA database. Deed restrictions may still apply. Confirm with title before relying on this.","","","","","","","","","","","","draft"
"Regent Park","regent-park-boerne-tx","Regent Park, Boerne TX — Neighborhood Guide, HOA, Schools","Regent Park, Boerne: 484 homes inside City of Boerne limits off I-10. HOA fees, amenities, schools, and the San Antonio name confusion to avoid.","","Regent Park sits just off Interstate 10 on the south side of Boerne, close enough that the commute argument makes itself. The streets carry English and French names — Balmoral, Bretford, Cheslyn, Fanwick, Giverny, Haverton, Alcantara — on a conventional curvilinear plan with sidewalks and a community amenity center.

## Clearing up a name collision first

There is a **Regent Park in Shavano Park / San Antonio 78231** with its own homeowners association, and searching for ""Regent Park HOA"" will surface it. It is a different place.

The Boerne Regent Park has its own separate association whose plats — Units 1 through 4 and their phases — are recorded in the **Deed and Plat Records of Kendall County, Texas** (TREC management certificate for Regent Park Homeowners Association, Inc.). If you are reading HOA documents, make sure the recording county says Kendall.

## The numbers

Kendall County Appraisal District parcel records show **484 parcels across roughly 171 acres**, with **454 already improved** (Kendall CAD GIS parcel layer, retrieved September 2026). Roughly 94% built out, though new construction has continued in the later units.

Lots: 10th percentile about **0.152 acres**, median **0.197 acres**, 90th percentile about **0.287 acres**. Builders market these as 50-foot and 60-foot lot widths.

Current Kendall CAD market values on improved parcels: **median near $559,000**, 10th percentile around $449,000, 90th around $715,000. Appraisal-district values, not list prices.

## Housing stock

Production new construction from several national and regional builders — Highland Homes, Brightland Homes, M/I Homes, Kindred Homes and Journey Homes have all been active here. Plans run from modest single-story homes up through larger two-story plans with game rooms and studies. Elevations are stone-and-stucco in the current regional idiom.

Because the neighborhood has built out in units over several years, the earlier sections have grown-in landscaping and the newer sections do not. That is a visible difference on a tour and a real one in July.

## Jurisdiction — inside the City of Boerne

Kendall CAD parcel records show the **City of Boerne** as a taxing unit on all 484 parcels. This is inside the city limits — city water and sewer, city trash, Boerne PD, and a city tax line on the bill. No well, no septic, no utility district levy. Compared with Esperanza, which is unincorporated and served by a water control and improvement district, Regent Park's tax structure is the more conventional of the two. Run the actual numbers on both before assuming which is cheaper.

## HOA

**The HOA is mandatory.** The association is **Regent Park Homeowners Association, Inc.**, managed by Great America Companies of San Antonio (TREC management certificate, plats recorded Kendall County).

The filed certificate discloses the closing-table charges specifically: a **$250 transfer fee**, a **$500 capitalization fee**, a **$100 resale certificate fee**, a **$50 refinance fee**, and a **$25 statement of account fee**. Those are clear and reasonable.

**The recurring annual assessment is not disclosed** on the certificate. A secondary source puts it in the range of $900 to $977 per year, but that is unverified and we would not publish it as fact. Confirm the current assessment with Great America Companies before your option period ends.

## Amenities

This is one of Regent Park's stronger cards. The community has a **pool, a recreation building with an exercise room, a party pavilion, a playground, walking trails, and community parks**. For a neighborhood in this price band inside Boerne city limits, that is a fuller amenity package than most — Saddlehorn, the Woods of Boerne, and the Woods of Frederick Creek have nothing comparable.

We found no source describing Regent Park as gated, and its location inside city limits suggests public streets. Verify if it matters to you.

## Schools

**Boerne ISD.** A point inside the neighborhood returns **Kendall Elementary, Boerne Middle School South, and Champion High School** through Boerne ISD's own InfoFinder lookup (queried September 2026).

Confirm your specific address. Boerne ISD redrew elementary boundaries when Viola Wilson Elementary opened in August 2024, and nearby Kendall Creek Estates — barely two miles away — now feeds Viola Wilson rather than Kendall Elementary. Boundaries in this part of the district are genuinely in motion.

## Location and commute

Directly off I-10, roughly three miles from downtown Boerne. This is one of the best commuter positions in Kendall County: you are on the interstate almost immediately, and you are still close enough to town that the H-E-B and the Hill Country Mile are short trips.

The tradeoff is interstate proximity. Some lots are closer to I-10 than others and there is road noise. Stand in the backyard before you decide.

## Who it suits

It suits a commuter who wants new construction, a pool and a gym, a Boerne address with city utilities, and the shortest practical drive to San Antonio. It suits families who want amenities without Esperanza's scale or utility district.

It does not suit a buyer who wants acreage, trees, or quiet — this is suburban and close-set. It does not suit someone sensitive to highway noise without checking the specific lot. And it does not suit anyone who wants the historic Boerne character.

## Talk to someone who works this market

Heath Shepard is a licensed Texas REALTOR with Keller Williams, working Boerne, Fair Oaks Ranch, and Kendall County. If you want current Regent Park listings, or help comparing it honestly against Esperanza and Southglen on total monthly cost, reach out through theheathshepardrealestateteam.com.

Call or text **[830-446-3847](tel:+1-830-446-3847)** · Email **[heath.shepard@kw.com](mailto:heath.shepard@kw.com)**","Boerne","Kendall","","","78006","Boerne ISD","Kendall Elementary","Boerne Middle School South","Champion High School","","Mandatory — Regent Park Homeowners Association, Inc., managed by Great America Companies. This is a separate association from the similarly named one in Shavano Park.","","","","","","","","","","","","draft"
"River Mountain Ranch","river-mountain-ranch-boerne-tx","River Mountain Ranch, Boerne TX — Guide, HOA, Schools, Well & Septic","River Mountain Ranch, Boerne: 563 acreage tracts on 3,100 acres, voluntary POA, private Guadalupe river parks. Wells, septic, schools, real commute.","","River Mountain Ranch is out FM 474 — Blanco Road — east of Boerne, past Cave Without a Name, off Kreutzberg Road. It is one of the largest acreage subdivisions in Kendall County and it does not feel like a neighborhood at all. Streets like Kreutzberg, Hoskins Trail, Clear Creek, Clear Springs, Red Oak, North Star and Brookview run through cedar and oak with long gaps between mailboxes.

Horses are normal here. So are tractors, hay, and gates you open yourself.

## The numbers

Kendall County Appraisal District parcel records show **563 parcels covering roughly 3,104 acres**, with **467 already improved** (Kendall CAD GIS parcel layer, retrieved September 2026). That is a big community by land area — more than half the footprint of Cordillera Ranch — with far fewer amenities and far lower prices.

Lot sizes: 10th percentile about **3.07 acres**, median **5.0 acres**, 90th percentile about **7.9 acres**. Five acres is the standard tract.

Current Kendall CAD market values on improved parcels: **median near $780,000**, 10th percentile around $563,000, 90th around $1,166,000. Appraisal-district values, not list prices. For five acres with private Guadalupe access, that is among the better value-per-acre propositions in the county — and the reason for it is the drive, which we will get to.

## The HOA is voluntary — and that is a genuinely important distinction

Almost every community in this guide has a mandatory HOA. River Mountain Ranch does not.

The **River Mountain Ranch Property Owners Association** is a **voluntary** association, run by a volunteer elected board rather than a management company. Its filed management certificate lists a residential mailing address in Boerne and an individual board president as the designated representative, with a $200 transfer fee (TREC management certificate, recorded Kendall County Instrument #371843, filed July 7, 2022). The association's site is rmrpoa.com.

What voluntary means in practice:

- **You are not automatically obligated to pay dues** the way you would be in a mandatory-membership subdivision.
- **The river parks are a members' amenity.** If you do not join, you should not assume you get access. This is the practical consequence most buyers miss — people buy here *for* the river and then discover access is tied to membership in an association they thought was optional.
- **Deed restrictions still apply regardless.** Voluntary POA membership does not mean no rules. The recorded restrictions govern the land whether you join or not.

Before you write an offer, get in writing: what membership costs, what it includes, whether the seller is current, and exactly what river park access requires.

## The river parks

The community's amenity is **three private river parks on the Guadalupe**, with grills and picnic areas, used for tubing, kayaking, and fishing. The parks are gated.

Note the distinction carefully: **the river parks are gated. Whether the subdivision entrance itself is gated is a separate question** and we could not confirm it from a primary source. ""Gated river parks"" and ""gated community"" are different claims, and they get conflated constantly in listings. Verify on the ground.

Individual lots generally do not front the river.

## Utilities — wells and septic, plan accordingly

River Mountain Ranch is on **individual water wells and on-site septic systems**. There is no central water or sewer out here.

That is not a dealbreaker — thousands of Kendall County households live this way — but it changes your inspection list and your budget. Get the well log, well depth, pump age, pressure tank condition, and a bacteriological and mineral water test. Get the septic system's permit history from Kendall County's on-site sewage program and have the tank pumped and inspected. On a five-acre property, a failing septic field or a marginal well is a five-figure problem, and it will not show up on a standard home inspection.

## Jurisdiction and taxes

Kendall CAD shows **no city taxing unit**. This is **unincorporated Kendall County**, well outside any City of Boerne boundary. No city tax, no city services, county sheriff, rural fire response. Confirm your homeowner's insurance carrier is comfortable with the ISO fire rating out here — it affects premiums.

## Schools

**Boerne ISD.** A point inside the community returns **Curington Elementary, Boerne Middle School North, and Boerne High School** through Boerne ISD's own InfoFinder lookup (queried September 2026).

Confirm your specific address with the district. Across 3,100 acres, zoning can differ at the extremes, and Boerne ISD redrew elementary boundaries in August 2024.

The school bus ride from out here is long. Factor it honestly into the decision if you have young children.

## Location and commute

From downtown Boerne: east on FM 474 roughly six miles, then Kreutzberg Road. It is a beautiful drive and a slow one. There is no quick way to make it faster.

To I-10 and then San Antonio, this is a substantial daily commute. To the H-E-B, it is a planned trip, not an errand. Cell coverage is uneven in the low spots.

## Who it suits

It suits someone who wants five acres, a horse or two, real quiet, and a piece of the Guadalupe, at a price that acreage closer to town does not reach. It suits people who work remotely or on a flexible schedule. It suits buyers comfortable maintaining their own water and waste systems.

It does not suit a daily San Antonio commuter, a family that wants sidewalks and a short bus ride, or a buyer who wants an HOA to handle things — here, largely, nobody does. And it does not suit someone who assumed river access came automatically with the deed.

## Talk to someone who works this market

Heath Shepard is a licensed Texas REALTOR with Keller Williams, working Boerne, Fair Oaks Ranch, and Kendall County. If you want current River Mountain Ranch listings, or help understanding exactly what POA membership costs and what it gets you on the river, reach out through theheathshepardrealestateteam.com.

Call or text **[830-446-3847](tel:+1-830-446-3847)** · Email **[heath.shepard@kw.com](mailto:heath.shepard@kw.com)**","Boerne","Kendall","","","78006","Boerne ISD","Curington Elementary","Boerne Middle School North","Boerne High School","","Voluntary — River Mountain Ranch Property Owners Association. Membership is not mandatory, which is unusual. Deed restrictions still apply.","","","","","","","","","","","","draft"
"Sabinas Creek Ranch","sabinas-creek-ranch-boerne-tx","Sabinas Creek Ranch, Boerne TX — Guide, HOA, Well & Septic, Schools","Sabinas Creek Ranch, Boerne: 130 acreage lots on 774 acres, gated, unincorporated Kendall County, wells and septic. HOA fees, schools, commute.","","Sabinas Creek Ranch is a gated acreage community north of Boerne, up FM 474 past where the town thins out. Streets include Sabinas Ridge, Sabinas Springs, Megan Ridge, Phillip Ranch, Spalten Ridge, Taylor Ridge and Wainright Springs. It is newer than most acreage subdivisions in the county, and it shows — paved roads, engineered entries, and a lot of very recent custom construction.

## The numbers

Kendall County Appraisal District parcel records show **130 parcels covering roughly 774 acres**, with only **79 currently improved** (Kendall CAD GIS parcel layer, retrieved September 2026). At 61% built out, this is the least-finished acreage community in this guide — meaning a meaningful share of what trades here is still raw lots, and you will have construction as a neighbor for years.

Lot sizes: 10th percentile about **3.23 acres**, median **5.01 acres**, 90th percentile about **10.19 acres**. Five acres is the standard.

Current Kendall CAD market values on improved parcels: **median near $1,335,000**, 10th percentile around $1,045,000, 90th around $1,978,000. Appraisal-district values, not asking prices. Note how high the 10th percentile sits — there is essentially no entry-level product here. The architectural standards and the lot cost put a floor under it.

## Housing stock

Custom and semi-custom homes on acreage, most built within the last decade. Journey Homes has marketed ""Hill Country Series"" and ""Estate Series"" product lines here. Prevailing style is contemporary Hill Country — limestone, metal roofs, large windows, the current regional vocabulary rather than the heavier 1990s look you see in older acreage subdivisions.

## HOA

**The HOA is mandatory.** The association is **Sabinas Creek Ranch Property Owners Association**, managed by FirstService Residential San Antonio (TREC management certificate, plats recorded Kendall County).

The filed certificate discloses closing costs: a **$375 resale certificate fee**, a **$340 transfer fee**, and a **$150 refinance fee**.

**The recurring assessment is not disclosed** on the certificate and we could not verify it from a primary source. Get it from FirstService Residential directly. On a gated community with private paved roads, the assessment typically has to fund road maintenance, and road reserves are worth asking about specifically — ask whether the association has a funded reserve study for repaving.

## Utilities — wells and septic

Sabinas Creek Ranch is on **individual water wells and on-site septic systems**. Listing utility data for properties here identifies well water and septic sewer, with Bandera Electric Cooperative for power.

Treat that as a core part of your diligence, not a footnote. Get the well log and depth, the pump and pressure tank age, and both a bacteriological and a mineral water test. Get the septic permit history from Kendall County's on-site sewage program and have the system inspected and pumped. Aerobic systems require ongoing maintenance contracts — find out which type is installed.

## Jurisdiction and taxes

Kendall CAD shows **no city taxing unit** on Sabinas Creek Ranch parcels. This is **unincorporated Kendall County** — no city property tax, no city services. County sheriff, county permitting, rural fire response. The absence of a city tax line is a genuine and recurring savings; the absence of city fire protection is a genuine and recurring insurance consideration. Get a quote before you are under contract.

## Schools

**Boerne ISD.** A point inside the community returns **Curington Elementary, Boerne Middle School North, and Boerne High School** through Boerne ISD's own InfoFinder lookup (queried September 2026).

Confirm your specific address with the district. Boerne ISD redrew elementary boundaries in August 2024, and Sabinas Creek Ranch sits far enough north that boundary questions are reasonable.

## Location and commute

From Boerne, Highway 46 to Esser Road north, which becomes FM 474. The community is roughly eight and a half miles from downtown Boerne. That is a real drive for groceries and a real drive for school, and the run to I-10 and then San Antonio is longer still.

The upside is what that distance buys: quiet, dark skies, and five acres of Hill Country without a neighbor's roofline in your view.

## Who it suits

It suits a buyer building or buying a custom home on acreage who wants a gated entrance, paved roads, and architectural standards protecting the value of what they build. It suits people who want newer construction rather than a 1990s acreage home.

It does not suit a commuter with a fixed early start in San Antonio. It does not suit a buyer who wants a finished neighborhood — nearly 40% of the lots are still vacant and construction traffic is part of the deal. It does not suit anyone uncomfortable owning a well and a septic system. And it does not suit a buyer at the lower end of the Boerne market; there is no inexpensive way into this one.

## Talk to someone who works this market

Heath Shepard is a licensed Texas REALTOR with Keller Williams, working Boerne, Fair Oaks Ranch, and Kendall County. If you want current Sabinas Creek Ranch listings, or help evaluating a well, a septic system, and an HOA road reserve before you commit, reach out through theheathshepardrealestateteam.com.

Call or text **[830-446-3847](tel:+1-830-446-3847)** · Email **[heath.shepard@kw.com](mailto:heath.shepard@kw.com)**","Boerne","Kendall","","","78006","Boerne ISD","Curington Elementary","Boerne Middle School North","Boerne High School","","Mandatory — Sabinas Creek Ranch Property Owners Association, managed by FirstService Residential San Antonio.","","","","","","","","","","","","draft"
"Sablechase","sablechase-boerne-tx","Sablechase, Boerne TX 78015 — Neighborhood Guide, HOA, Schools","Sablechase, Boerne 78015: 508 gated homes in Bexar County off Old Fredericksburg Road. Boerne ISD, Van Raub Elementary. HOA dues, values, commute.","","Sablechase is a gated subdivision off Old Fredericksburg Road near Ralph Fair Road, reached from I-10 West. It is one of the larger and slightly older communities in the 78015 corridor, and at a median appraised value just above $500,000 it is among the more accessible gated options in the area.

## County and jurisdiction

**Sablechase is in Bexar County.** The SA Sablechase Homeowners Association's amended management certificate records the Declaration of Covenants under Bexar County Document No. 20080050593, with amendments and supplemental declarations for Units 1, 2, 3A and 3C all likewise in the **Official Public Records of Bexar County, Texas** (Bexar County Document No. 20230230820, filed December 20, 2023). Bexar County parcel records carry all 508 parcels.

The mailing address is **Boerne, TX 78015** — postal geography. This is **not** the City of Boerne and **not** Kendall County. Bexar County tax rates apply, and there is no City of Boerne tax or service.

We could not confirm whether the neighborhood is in unincorporated Bexar County or inside a city's extraterritorial jurisdiction; no source places it inside an incorporated city.

## The numbers

Bexar County parcel records show **508 parcels**, with a **median lot of about 0.212 acres** (10th percentile 0.17, 90th percentile roughly 0.32 acres) and a **median total appraised value near $514,000** (10th percentile around $415,000, 90th around $655,000). Construction runs from roughly 2010 through 2018 (Bexar County parcel GIS, retrieved September 2026).

Appraisal-district values, not asking prices.

The build window is worth noting: Sablechase finished around **2018**, earlier than Fallbrook or Front Gate, which are still adding homes. That makes this a **finished neighborhood** — no construction traffic, mature-enough landscaping, and a settled community. It also means the oldest homes here are now approaching sixteen years, and first-replacement items are coming due.

## Development timeline

The original Declaration was recorded in **2008** (Document No. 20080050593), with a first amendment the same year and supplemental declarations for Unit 2 in 2011, Unit 3A in 2012, and Unit 3C in 2013.

Some marketing copy dates the community to 2010. The recorded declaration says 2008. Trust the filing.

We could not identify the original developer from a primary source.

## HOA

**The HOA is mandatory.** The association is **SA Sablechase Homeowners Association, Inc.**, managed by **Lifetime HOA Management** — notably not the FirstService Residential office that handles Balcones Creek, Napa Oaks and Fallbrook.

One secondary source reports dues of **$284 per quarter**, roughly $1,136 per year. **That figure is unverified** against the association's own schedule and should not be relied on. If accurate it would be on the higher end for this corridor, which makes confirming it worth the call. **Get the current fee schedule in writing from Lifetime HOA Management** before your option period ends.

## Amenities and gating

**Pool, sports courts, playground, barbecue areas and a clubhouse.** The community is consistently described as gated; we could not confirm whether the gates are staffed or automated.

That is a fuller amenity list than several higher-priced neighborhoods nearby, which may explain a higher assessment if the $284 quarterly figure turns out to be correct. Amenities cost money; the question is whether you will use them.

## Schools

**Boerne ISD.** Bexar County's own school district GIS layer returns Boerne ISD for this location, and Boerne ISD's InfoFinder address lookup returns **Van Raub Elementary, Boerne Middle School South, and Champion High School** (both queried September 2026).

Verify your specific address. Boerne ISD opened Viola Wilson Elementary in August 2024 and redrew elementary boundaries then, with Van Raub among the affected campuses.

And a warning specific to this corridor: **Lost Creek, roughly a mile away off Ralph Fair Road, is not in Boerne ISD at all — it is Northside ISD.** District boundaries here do not follow the roads or the zip code in any intuitive way. Do not assume a neighboring subdivision's schools apply to yours.

## Utilities

Not independently confirmed. Confirm the water and wastewater provider in writing for the specific property.

## Location and commute

Off Old Fredericksburg Road near Ralph Fair Road, about two miles from the I-10 West Ralph Fair exit. Interstate access is quick and the San Antonio commute is short.

Downtown Boerne is a drive up I-10, not a neighborhood amenity.

## Who it suits

It suits a buyer who wants a gated neighborhood with a real amenity package, Boerne ISD schools, and a short commute, at one of the lower price points available for gated inventory in the corridor. It suits people who want a finished neighborhood rather than a construction site.

It does not suit a buyer who wants land, privacy, or the Hill Country setting. It does not suit someone who wants to be in the town of Boerne. And it does not suit a buyer who will not verify the dues — at a possible $1,100-plus per year, the assessment here is a real line item.

## Talk to someone who works this market

Heath Shepard is a licensed Texas REALTOR with Keller Williams, working Boerne, Fair Oaks Ranch, and Kendall County. If you want current Sablechase listings, or the verified HOA fee schedule and a written school confirmation, reach out through theheathshepardrealestateteam.com.

Call or text **[830-446-3847](tel:+1-830-446-3847)** · Email **[heath.shepard@kw.com](mailto:heath.shepard@kw.com)**","Boerne","Bexar","","","78015","","Van Raub Elementary","Boerne Middle School South","Champion High School","","Mandatory — SA Sablechase Homeowners Association, Inc., managed by Lifetime HOA Management. Dues figure in circulation is unverified.","","","","","","","","","","","","draft"
"Saddlehorn","saddlehorn-boerne-tx","Saddlehorn, Boerne TX — Neighborhood Guide, HOA, Schools","Saddlehorn, Boerne: 140 homes on small lots inside City of Boerne limits, Kendall County. HOA, schools, prices, and who it actually fits.","","Saddlehorn is small, tight, and one of the more attainable places to buy a house with a Boerne address inside the city limits. Every street is named for a racetrack — Belmont, Churchill, Del Mar, Derby, Dover Downs, Pocono, Santa Anita, Retama — which is the kind of detail you only notice once and then never forget.

## The numbers

Kendall County Appraisal District parcel records show **140 parcels across roughly 32 acres**, with **132 already improved** (Kendall CAD GIS parcel layer, retrieved September 2026). That is 94% built out on a very small footprint. Thirty-two acres for 140 homes tells you most of what you need to know about density.

Lots: 10th percentile about **0.111 acres**, median **0.129 acres**, 90th percentile about **0.217 acres**. These are small lots — roughly an eighth of an acre is typical.

Current Kendall CAD market values on improved parcels: **median near $401,000**, 10th percentile around $349,000, 90th around $467,000. That is the narrowest value band of any neighborhood in this guide, and among the lowest. Appraisal-district values, not asking prices.

A tight band like that is actually useful information for a buyer: it means homes here are similar to one another, appraisals are predictable, and you are unlikely to overpay by accident or find a hidden bargain. It is an efficient little market.

## Housing stock

Conventional single-family production homes. The plat record includes both Saddlehorn Subdivision and a later phase called The Reserve at Saddlehorn (recorded in Kendall County plat records at Volume 7, Pages 53-55 and Volume 8, Pages 74-75 respectively, per the association's filed management certificate). Expect one- and two-story plans, attached front garages, modest front yards.

We were not able to verify square footage ranges or the original builder from a primary source. Saddlehorn has one of the thinnest public data trails of any established neighborhood in Boerne — there is no community website, no developer marketing page still standing, and very little written about it. Judge it by walking it rather than by reading about it.

## Jurisdiction — inside the City of Boerne

Kendall CAD parcel records show the **City of Boerne** as a taxing unit on all 140 parcels. Inside the city limits: city water and sewer, city trash, Boerne PD, and a city tax line. On eighth-acre lots, city utilities are exactly what you want.

## HOA

**The HOA is mandatory.** The association is **Boerne Saddlehorn Homeowners Association, Inc.**, a Texas nonprofit corporation operating from a P.O. box in Boerne (TREC management certificate, Kendall County). Unlike most neighborhoods in this guide it is not run by an outside management company, which typically means lower overhead and slower response times.

The filed certificate discloses a **$250 resale certificate processing fee**. The recurring dues amount is not disclosed — Texas management certificates only require transfer-related fees — and we could not verify it from any primary source. **Contact the association directly** using the email on the filed certificate before your option period ends. Do not rely on a dues figure from a listing aggregator.

## Schools

**Boerne ISD.** A point inside the neighborhood returns **Curington Elementary, Boerne Middle School North, and Boerne High School** through Boerne ISD's own InfoFinder lookup (queried September 2026).

Confirm your address with the district. Boerne ISD opened Viola Wilson Elementary in August 2024 and redrew elementary boundaries at that time, so any school claim on an older listing or blog post may be out of date.

## Location and commute

Central. Saddlehorn sits well inside Boerne, which is the entire argument for it. You are close to schools, close to the H-E-B, close to downtown and the Hill Country Mile, and a straightforward run to I-10 for a San Antonio commute. For a price band this low, that location is unusual — most comparably priced inventory in the area is either further out or in Bexar County.

## Who it suits

It suits a first-time buyer, a downsizer, or an investor who wants a Boerne address and Boerne ISD schools at the bottom of the local price range, with city utilities and a short drive to everything. It suits someone who wants low maintenance — an eighth of an acre is a yard you mow in twenty minutes.

It does not suit anyone who wants land, privacy, or distance from neighbors. It does not suit a buyer expecting an amenity package; we found no pool or clubhouse. And it does not suit someone who needs a lot of publicly available information before committing — you will have to go look, and you will have to call the HOA yourself.

## Talk to someone who works this market

Heath Shepard is a licensed Texas REALTOR with Keller Williams, working Boerne, Fair Oaks Ranch, and Kendall County. If you want current Saddlehorn listings, or help getting the HOA dues and restrictions in writing before you commit, reach out through theheathshepardrealestateteam.com.

Call or text **[830-446-3847](tel:+1-830-446-3847)** · Email **[heath.shepard@kw.com](mailto:heath.shepard@kw.com)**","Boerne","Kendall","","","78006","Boerne ISD","Curington Elementary","Boerne Middle School North","Boerne High School","","Mandatory — Boerne Saddlehorn Homeowners Association, Inc. Self-administered from a Boerne P.O. box; dues amount unverified.","","","","","","","","","","","","draft"
"Silver Hills","silver-hills-boerne-tx","Silver Hills, Boerne TX — Guide, Two-County Split, POA, Schools","Silver Hills near Bergheim: a subdivision genuinely split between Kendall and Comal counties, platted 1966-67. POA, wells and septic, school zones.","","Silver Hills is a rural community southeast of Boerne along FM 3351 near Bergheim, on Silver Hills Drive and Desert Gold. It is one of the oldest platted subdivisions in the area, and it has a structural quirk that makes it worth a page of its own: **it straddles a county line.**

## The two-county split — confirmed, not a rumor

Silver Hills is genuinely divided between **Kendall County and Comal County**. This is not a mapping error or a mailing-address artifact. The evidence is two separate, currently-filed management certificates for the **same** association:

- A certificate recorded in **Kendall County**, referencing a plat filed **January 9, 1967** (Document 1967-6), with a covenant extension recorded May 27, 2025.
- A certificate recorded in **Comal County**, referencing a plat filed **December 23, 1966** (Document 84351), with a covenant extension recorded the same day, May 27, 2025, and filed with the Comal County Clerk.

Both list the same association president, the same P.O. box in Bergheim, and the same association website. The plats were filed within weeks of each other in late 1966 and early 1967 — one on each side of the line.

**What this means for a buyer:** which county a specific Silver Hills lot sits in determines your county tax rate, your county services, your permitting authority, and potentially your school district. You cannot answer any of those questions for ""Silver Hills"" as a whole. You have to answer them for the specific parcel. Start with the appraisal district record for that parcel ID.

## The numbers (Kendall County portion only)

Kendall County Appraisal District records show **19 Silver Hills parcels covering roughly 27 acres** on the Kendall side, with **15 improved** (Kendall CAD GIS parcel layer, retrieved September 2026). The Comal County portion is appraised by Comal CAD and is not included in those figures — so the community as a whole is larger than these numbers suggest.

On the Kendall side: lot sizes run a 10th percentile of about **0.26 acres**, a median of **1.13 acres**, and a 90th percentile of about **3.02 acres**.

Current Kendall CAD market values on improved Kendall-side parcels: **median near $250,000**, 10th percentile around $169,000, 90th around $351,000.

Those are the **lowest values in this entire guide by a wide margin.** If your budget genuinely tops out well under $350,000 and you want land in the Boerne area, Silver Hills is one of the very few places that math works. Appraisal-district values, not asking prices, and the low figures reflect older and smaller housing stock.

## History and character

The Texas State Historical Association's Handbook of Texas describes Silver Hills as a rural community and notes that visible development probably began by the 1980s — roughly fifteen to twenty years after the plats were filed in 1966-67. That gap between platting and building is typical of speculative mid-century Hill Country subdivisions, and it explains the character: lots laid out on a 1960s plan, built out slowly and individually over decades.

Expect wide variation in housing age, size and condition. This is not a uniform neighborhood, and comps here need care.

## POA

**There is a mandatory association**: **Silver Hills Property Owners Association**, volunteer-run from a P.O. box in Bergheim, with CC&Rs described in its own filings as active and enforceable and extended by recorded instrument in May 2025.

The filed certificates disclose a **$150 resale certificate fee**, a **$75 updated resale certificate**, and a **$150 transfer certificate fee**.

**The recurring assessment is not disclosed.** Contact the association directly.

## Utilities

**Private wells and septic systems.** Individual listings in the community reference well water and septic service. Confirm for the specific property, and given the age of the housing stock, treat well and septic inspection as essential rather than optional. Systems here may date to the 1980s.

## Schools — genuinely unresolved on the Comal side

For the **Kendall County portion**, a point inside the community returns **Cibolo Creek Elementary, Capt. Mark Tyler Voss Middle School, and Champion High School** through Boerne ISD's own InfoFinder lookup (queried September 2026).

For the **Comal County portion**, we could not resolve the assignment. Boerne ISD's boundary reaches into this area and Comal ISD also has presence nearby, and we are not going to guess which campus a Comal-side Silver Hills address attends.

**If schools matter to your decision, this is not a question to answer from a website — including this one.** Take the specific address to both districts and get it in writing.

## Jurisdiction and taxes

Kendall CAD shows **no city taxing unit** on the Kendall-side parcels. Unincorporated, on both sides of the line. County sheriff, rural fire response, county permitting.

## Location and commute

FM 3351 southeast of Boerne near Bergheim. This is rural. The drive to Boerne for groceries or school is substantial, and the run to I-10 and San Antonio is longer still. Cell coverage is uneven.

## Who it suits

It suits a buyer whose budget genuinely does not reach the rest of the Boerne market, who wants an acre of land, and who is prepared to buy an older home with old systems and fix things themselves. It suits people who want to be left alone.

It does not suit anyone who needs a short commute, a predictable comp set, new construction, or certainty about school assignment without doing the legwork. And it does not suit a buyer who will not verify which county their specific lot is in before making an offer — because that one fact changes the tax bill, the permitting, and possibly the schools.

## Talk to someone who works this market

Heath Shepard is a licensed Texas REALTOR with Keller Williams, working Boerne, Fair Oaks Ranch, and Kendall County. If you are looking at a Silver Hills property and need the county line, tax rate, and school assignment nailed down for that specific parcel, reach out through theheathshepardrealestateteam.com.

Call or text **[830-446-3847](tel:+1-830-446-3847)** · Email **[heath.shepard@kw.com](mailto:heath.shepard@kw.com)**","Boerne","Kendall and Comal (the subdivision straddles the county line)","","","78006 / 78004","Boerne ISD","","","","","Mandatory — Silver Hills Property Owners Association, volunteer-run. Two separate management certificates are on file, one recorded in Kendall County and one in Comal County, for the same association.","","","","","","","","","","","","draft"
"Southglen","southglen-boerne-tx","Southglen, Boerne TX — Neighborhood Guide, HOA, Schools","Southglen, Boerne: 432 homes inside City of Boerne limits, Kendall County — not Bexar, despite the 78015 zip. HOA, pool, schools, commute.","","Southglen sits on the south side of Boerne near Cascade Caverns Road, and its streets are relentlessly Scottish — Abbeydell, Aberdeen, Ayshire, Bellgrove, Braeburn, Breamoor, Clarendon, Edinburgh, Esslemont, Kilmarnock, Wickersham. It is a substantial, established subdivision that has recently seen new construction added to older phases, which makes it two neighborhoods in one.

## The county question — and why Southglen is the exception

Most homes with a **Boerne, TX 78015** mailing address are in **Bexar County**. Balcones Creek, Front Gate, Napa Oaks, Fallbrook, Sablechase, Anaqua Springs Ranch and Lost Creek are all Bexar County properties with Boerne mail.

**Southglen is not.** It is in **Kendall County**, and it is inside the **City of Boerne** city limits.

Kendall County Appraisal District parcel records show the County of Kendall and the **City of Boerne** as taxing units on all 432 Southglen parcels (Kendall CAD GIS parcel layer, retrieved September 2026). Independently, the association's amended management certificate recorded in March 2026 cites every foundational document — the original declaration, multiple declarations of annexation, deeds without warranty, and even the swimming pool policies manual — as recorded in the **Official Public Records of Kendall County, Texas**.

Two independent sources, same answer. If you see Southglen described as a Bexar County neighborhood, that is wrong, and the difference shows up on the tax bill.

## The numbers

Kendall CAD parcel records show **432 parcels across roughly 117 acres**, with **391 already improved** (retrieved September 2026). Roughly 90% built out.

Lots: 10th percentile about **0.122 acres**, median **0.153 acres**, 90th percentile about **0.279 acres**. Small suburban lots.

Current Kendall CAD market values on improved parcels: **median near $432,000**, 10th percentile around $362,000, 90th around $523,000. That is one of the more affordable established neighborhoods inside Boerne city limits. Appraisal-district values, not asking prices.

## Housing stock

Two distinct vintages. The original phases date back to an earlier era of the subdivision — the declaration carries an older-style Kendall County document number consistent with a 1990s filing — while a current phase is being built new by **Ashton Woods**, with plans running roughly 1,637 to 3,104 square feet in three to five bedroom configurations.

That split matters. A resale in an original phase and a new Ashton Woods home in the current phase are different products at different price points inside the same HOA. Know which one you are touring.

## Jurisdiction and utilities

Inside the **City of Boerne**, per Kendall CAD. That means City of Boerne water and sewer service and city trash, with Bandera Electric Cooperative serving power in this area. City police. A city tax line on the bill.

For a neighborhood on eighth-to-sixth-acre lots, city utilities are the right answer, and it is a meaningful advantage over comparably priced inventory further out.

## HOA

**The HOA is mandatory.** The association is **Southglen Residential Community, Inc.**, a Texas nonprofit corporation. Note that the association's registered mailing address is in San Antonio 78258 — that is the management company's office, not the neighborhood's location. Do not read the management address as evidence of where the subdivision is; that mistake is exactly how Southglen gets mislabeled as a Bexar County community.

**The recurring dues amount is not disclosed** on the management certificate. A single resale listing cited $113 per quarter covering pool access, but that is one data point, not a confirmed fee schedule. Confirm the current assessment with the association before your option period ends.

## Amenities

Southglen has a **community pool** — the association's own filed certificate references a recorded Swimming Pool Policies and Procedures Manual, which is about as solid a confirmation as you get. Ashton Woods also markets a cabana, playscape, and hiking trails with the current phase.

Verify which amenities are available to which phases. In subdivisions that add new sections under a shared association, amenity access is occasionally phased too.

We found no source confirming the neighborhood is gated.

## Schools

**Boerne ISD.** A point inside the neighborhood returns **Kendall Elementary, Boerne Middle School South, and Champion High School** through Boerne ISD's own InfoFinder lookup (queried September 2026).

Confirm your specific address. Boerne ISD opened Viola Wilson Elementary in August 2024 and redrew elementary boundaries then — and Southglen sits in the part of the district where that redraw was most active. Nearby Balcones Creek and Kendall Creek Estates both now feed Viola Wilson. A Southglen listing that names an elementary school without a date on the claim should not be trusted.

## Location and commute

South Boerne off Old Fredericksburg Road and Cascade Caverns Road, east of I-10. The interstate access is good, which makes the San Antonio commute among the more manageable ones from a Boerne address. Downtown Boerne and the Highway 46 retail corridor are short drives.

## Who it suits

It suits a buyer who wants an established Boerne address inside the city limits, a community pool, city utilities, and a price point below most of the newer Kendall County inventory. It suits commuters. It suits people who want to choose between a resale and a brand-new build without leaving the neighborhood.

It does not suit a buyer who wants land, trees, or privacy. It does not suit someone who wants uniformity — the old and new phases do not look alike. And it does not suit anyone underwriting a payment on the assumption that a 78015 address means Bexar County tax rates.

## Talk to someone who works this market

Heath Shepard is a licensed Texas REALTOR with Keller Williams, working Boerne, Fair Oaks Ranch, and Kendall County. If you want current Southglen listings, or a clear comparison between an original-phase resale and a new Ashton Woods build here, reach out through theheathshepardrealestateteam.com.

Call or text **[830-446-3847](tel:+1-830-446-3847)** · Email **[heath.shepard@kw.com](mailto:heath.shepard@kw.com)**","Boerne","Kendall","","","78015","Boerne ISD","Kendall Elementary","Boerne Middle School South","Champion High School","","Mandatory — Southglen Residential Community, Inc. Dues amount unverified; confirm with the association.","","","","","","","","","","","","draft"
"Spencer Ranch / The Birch at Spencer Ranch","spencer-ranch-boerne-tx","Spencer Ranch / The Birch at Spencer Ranch, Boerne TX — Guide","Spencer Ranch and The Birch, Boerne: new D.R. Horton construction annexed into the City of Boerne. Road maintenance assessment, schools, what is coming.","","Spencer Ranch is the newest community in this guide, and it is still being built. The residential section under construction is marketed as **The Birch at Spencer Ranch** by D.R. Horton, on streets named Spencer Ranch, Hazel Peak, Mahogany Rapids and Sycamore Pond, off State Highway 46 on the west side of Boerne.

If you are reading this expecting an established neighborhood assessment, there is not one to give yet. What follows is what the public record actually shows.

## The numbers — early days

Kendall County Appraisal District parcel records show **65 parcels covering roughly 29 acres**, with only **14 carrying an improvement** (Kendall CAD GIS parcel layer, retrieved September 2026). That is 22% built — the least-developed community in this guide.

Lots are small and uniform: 10th percentile about **0.12 acres**, median **0.13 acres**, 90th percentile about **0.23 acres**. Roughly an eighth of an acre, which is a dense, entry-level suburban product.

Current Kendall CAD market values on improved parcels: **median near $325,000**, 10th percentile around $298,000, 90th around $459,000.

**That median is the second-lowest in this guide**, behind only Silver Hills. For new construction inside the City of Boerne with Boerne ISD schools, that is a genuinely notable entry point — and it is why this community is worth watching even though it is barely started.

Treat these figures with appropriate caution: with only 14 improved parcels on the roll, the statistics are drawn from a very small sample and will move as the community builds out.

## What is actually planned here

Local reporting and builder materials describe a larger project than the 29 platted acres currently on the appraisal roll:

- The Birch at Spencer Ranch is described as a **71-acre single-family phase** within a broader **183-acre residential project**.
- A separate **112-acre mixed-use component** has been discussed, with 560-plus low-rise multifamily units plus retail and office.
- The residential portion has been reported at **200-plus homes**.
- **Forestar Real Estate Group** is developing the land; **D.R. Horton** is building the homes.

**Take the multifamily and mixed-use component seriously as a buying consideration.** If you purchase a single-family home here, you should understand what is entitled to be built next to you. Ask the builder for the approved development plan and the zoning, and ask the City of Boerne planning department directly rather than relying on a sales office. A 560-unit apartment component adjacent to your house is the kind of thing that ought to be a known quantity before you sign, not a surprise in year three.

## Jurisdiction — annexed into the City of Boerne

Kendall CAD parcel records show the **City of Boerne** as a taxing unit on 64 of the 65 parcels. Local reporting has described the City annexing the Spencer Ranch land, which is consistent with the appraisal record.

So: inside the city limits, with City of Boerne utilities, city trash, Boerne PD, and a city property tax line. On eighth-acre lots, city water and sewer is the right arrangement.

## HOA — and an unusual line item

**The HOA is mandatory.** The association is **Spencer Ranch Residential Community, Inc.**, managed by Vision Communities Management (TREC management certificate; Master Covenant recorded as Kendall County Instrument No. 2021-365072, Community Manual as Instrument No. 2022-365742).

The filed fee schedule, effective July 1, 2022, is unusually detailed and includes one item worth flagging:

- **Road Maintenance Assessment: $525.00**
- **Working Capital Assessment: $250.00**
- Resale Certificate: $340.00
- Transfer Fee: $250.00
- Statement of Account: $50.00
- Refinance Certificate: $50.00

A **Road Maintenance Assessment** on a community inside city limits is notable. It suggests some or all of the streets are **privately maintained by the association rather than by the City**, which means the HOA carries the long-term repaving obligation. Ask directly: which streets are public and which are private, and does the association hold a funded reserve for pavement?

**The recurring general assessment is not disclosed** on the certificate. Get it from Vision Communities Management along with the road maintenance answer.

## Schools

**Boerne ISD.** A point inside the community returns **Fabra Elementary, Boerne Middle School North, and Boerne High School** through Boerne ISD's own InfoFinder lookup (queried September 2026).

Confirm your specific address. Boerne ISD redrew elementary boundaries in August 2024, and a community that is only 22% built is exactly the kind of place where zoning may be revisited as enrollment arrives.

## Location and commute

State Highway 46 on the west side of Boerne. You are close to town — the H-E-B, downtown, and Boerne High School are all short drives. I-10 access is a bit further than from the south-side neighborhoods, so the San Antonio commute is moderate.

## Amenities

None confirmed. At this stage of development, ask the builder what is committed in writing and what the HOA budget funds.

## Who it suits

It suits a buyer who wants a brand-new house with a builder warranty, inside Boerne city limits, with Boerne ISD schools, at the lowest new-construction price point available in town. It suits first-time buyers priced out of Regent Park and Esperanza.

It does not suit anyone who wants a quiet, finished neighborhood — you will be living in a construction zone for years. It does not suit a buyer who wants land or privacy on an eighth of an acre. And it does not suit someone who has not asked what the adjacent 112 mixed-use acres are approved to become.

## Talk to someone who works this market

Heath Shepard is a licensed Texas REALTOR with Keller Williams, working Boerne, Fair Oaks Ranch, and Kendall County. If you are considering The Birch at Spencer Ranch and want the approved development plan, the road maintenance answer, and the real HOA numbers before you sign a builder contract, reach out through theheathshepardrealestateteam.com.

Call or text **[830-446-3847](tel:+1-830-446-3847)** · Email **[heath.shepard@kw.com](mailto:heath.shepard@kw.com)**","Boerne","Kendall","","","78006","Boerne ISD","Fabra Elementary","Boerne Middle School North","Boerne High School","","Mandatory — Spencer Ranch Residential Community, Inc., managed by Vision Communities Management. Note the separate Road Maintenance Assessment on the filed fee schedule.","","","","","","","","","","","","draft"
"Sundance Ranch","sundance-ranch-boerne-tx","Sundance Ranch, Boerne TX 78006 — Guide, HOA, School District","Sundance Ranch, Boerne 78006: 162 homes off Toutant Beauregard in BEXAR County and NORTHSIDE ISD, not Boerne ISD. HOA fees, values, and honest fit.","","Sundance Ranch is a half-acre-lot community off Toutant Beauregard Road near Scenic Loop, west of I-10 and southwest of Boerne. The street names are a geologist's and a botanist's list combined — Buffalo Clover, Campo Viejo, Clyde Rock, Colts Foot, Desert Rainbow, Eufaula, Hutton Stone, Purple Hackett, Pyrite, Spider Rock, Star Mica, Wild Sage.

It sits immediately next to Anaqua Springs Ranch, and it shares that community's two most important facts.

## The school district — NOT Boerne ISD

**Sundance Ranch is in Northside ISD.**

We verified this two independent ways:

1. **Bexar County's own school district GIS layer** returns **Northside ISD** for this location.
2. **Boerne ISD's own InfoFinder address lookup returns no assignment.** We probed **nine parcels** spread across the community — Purple Hackett, Buffalo Clover, Star Mica, Wild Sage, Desert Rainbow, Clyde Rock. **All nine came back outside Boerne ISD.**

The address says Boerne, Texas 78006 — the same zip code as downtown Boerne. **The schools are Northside ISD.**

If you are moving to the area for Boerne ISD, Sundance Ranch does not deliver it. Verify the specific campus assignment with Northside ISD directly; we are not naming campuses we have not confirmed for this address.

## The county

**Sundance Ranch is in Bexar County.** The association's filed management certificate records the subdivision plats in the **Official Deed and Plat Records of Bexar County, Texas** (Bexar County Document No. 20220034746, filed February 10, 2022), and Bexar County's parcel records carry all 162 parcels.

Not the City of Boerne. Not Kendall County. Bexar County tax rates, Bexar County services.

We could not confirm whether the community is in unincorporated Bexar County or inside a city's extraterritorial jurisdiction.

## The numbers

Bexar County parcel records show **162 parcels**, with a **median lot of about 0.54 acres** and a **median total appraised value near $770,000**. Construction runs **2007 through 2024, with a median year built of 2011** (Bexar County parcel GIS, retrieved September 2026).

Appraisal-district values, not asking prices.

The half-acre median lot is the distinguishing feature. That is roughly two and a half times the typical lot in Balcones Creek, Front Gate, Fallbrook or Sablechase, without moving into full acreage territory. For a buyer who wants meaningful separation from the neighbors but does not want to manage several acres, this is a useful middle ground — and there is not much else like it in the corridor.

## Development timeline

The association's certificate records the **Unit 1 Master Declaration executed October 19, 2007**, with **Unit 2 added in 2012** and **Unit 2A in 2021**. So the community platted in three stages over fourteen years, and construction has continued into 2024.

That means genuinely mixed vintages: some homes are approaching twenty years old, some are brand new. Pull the year built on the specific property; at this price point the difference between a 2008 house and a 2022 house is substantial.

## HOA — including a fee most communities do not have

**The HOA is mandatory.** The association is the **Lot Owners' Association for Sundance Ranch, Inc.**, a Texas nonprofit corporation managed by **Diamond Association Management and Consulting** of San Antonio.

The filed certificate discloses an unusual and useful level of detail:

- **Transfer fee: $175**
- **Trash service: $73.20 per quarter**, billed together with assessments
- **Builder origination fee: $285**

That quarterly trash charge is worth noting. In unincorporated county areas there is no municipal trash service, so the association contracts it and bills owners — roughly **$293 per year on top of whatever the base assessment is.** Buyers coming from a city, where trash is bundled into the utility bill, routinely miss this.

**The base recurring assessment is not disclosed** on the certificate. Get it from Diamond Association Management, and make sure you understand whether the trash charge is included in or additional to it.

## Utilities

Not confirmed from a primary source. Look at the immediate neighbor for a clue: **Anaqua Springs Ranch, directly adjacent, has SAWS municipal water and private homeowner-maintained septic.** A similar arrangement at Sundance Ranch would be unsurprising, but **that is an inference, not a verified fact.**

Confirm the water provider and the wastewater arrangement in writing. If it is septic on a half-acre lot, pay close attention to the drainfield size, the system type, the permit, and whether there is room for a replacement field. Half an acre is workable for septic but it is not generous.

## Amenities and gating

We could not confirm an amenity package or gating status from a primary source. Verify on the ground.

## Location and commute

Off Toutant Beauregard Road near Scenic Loop, west of I-10. You are in the far northwest Bexar County corridor — closer to the I-10 and Loop 1604 retail and medical than to downtown Boerne, which is a real drive from here.

The Scenic Loop and Toutant Beauregard corridor is winding two-lane road in places. It is a pleasant drive and not a fast one.

## Who it suits

It suits a buyer who wants a half-acre lot, a quiet wooded corridor, and reasonable access to northwest San Antonio, and for whom Northside ISD is fine or preferred. It suits people who want more land than a tract subdivision without taking on acreage.

It does not suit a family relocating for Boerne ISD schools — this is Northside ISD. It does not suit someone who wants to live in the town of Boerne. And it does not suit a buyer who budgets HOA dues without adding the quarterly trash charge and, most likely, septic maintenance.

## Talk to someone who works this market

Heath Shepard is a licensed Texas REALTOR with Keller Williams, working Boerne, Fair Oaks Ranch, and Kendall County. If you want current Sundance Ranch listings, the confirmed Northside ISD campus assignment, or the real all-in annual cost including trash and septic, reach out through theheathshepardrealestateteam.com.

Call or text **[830-446-3847](tel:+1-830-446-3847)** · Email **[heath.shepard@kw.com](mailto:heath.shepard@kw.com)**","Boerne","Bexar","","","78006","","","","","","Mandatory — Lot Owners' Association for Sundance Ranch, Inc., managed by Diamond Association Management and Consulting.","","","","","","","","","","","","draft"
"Tapatio Springs","tapatio-springs-boerne-tx","Tapatio Springs, Boerne TX — Neighborhood Guide, HOA, Golf, Schools","Tapatio Springs in Boerne: 415 parcels, unincorporated Kendall County. Resort vs. HOA, golf membership costs, condos vs. single-family, schools.","","Tapatio Springs sits west of town off Johns Road, far enough out that the hills close in around it. It is a golf resort with houses attached, not a subdivision with a golf course bolted on, and that ordering matters for everything from what you pay monthly to what your neighbor's house is doing when you are not there.

## The numbers

Kendall County Appraisal District parcel records show **415 parcels in Tapatio Springs across roughly 435 acres**, with **284 carrying an improvement** (Kendall CAD GIS parcel layer, retrieved September 2026). That leaves a meaningful share still unbuilt.

Lot sizes are unusually spread out for a single community: 10th percentile about **0.19 acres**, median **0.43 acres**, 90th percentile about **1.17 acres**. That spread is the tell — Tapatio Springs is really several products in one place. There are condominium and townhome sections, garden-home sections, and full single-family lots on an acre or more.

Current Kendall CAD market values on improved parcels run a **median near $722,000**, with the 10th percentile around $443,000 and the 90th around $998,000. Appraisal-district values, not asking prices.

## Housing stock

Streets like Blue Heron, Cliffdwellers, Antelope Hill, Arboleda, Axis and Cottontail carry a mix of eras. Some of the condominium stock dates to the resort's earlier decades and reads that way — vaulted ceilings, lots of glass aimed at the course. Newer single-family sections are Hill Country traditional. A number of units here have historically been used as second homes and short-stay rentals because of the resort, so occupancy patterns on some streets are different from a typical neighborhood. If full-time-neighbors matters to you, ask about it specifically for the section you are considering.

## HOA — and the fact that there is more than one

This is where Tapatio Springs gets genuinely complicated, and where most published information about it is wrong by oversimplification.

There is no single Tapatio Springs association. Texas HOA management certificate filings show **at least six distinct associations** tied to the community, all separately registered:

- Tapatio Springs Homeowners Association, Inc.
- The Ridge at Tapatio Springs Owners Association, Inc.
- The Gardens Over Tapatio Springs Owners Association
- Highlands at Tapatio Springs Homeowners Association, Inc.
- Heartland at Tapatio Springs Property Owners Association
- The Ridgeview Condominiums at Tapatio Springs Owners Association (a condominium association, not a POA)

Which one governs your property depends entirely on which section you buy in, and the dues differ enormously between them. Condominium and townhome sections carry exterior maintenance and therefore much higher monthly assessments than a single-family lot does. Any blanket statement about ""the Tapatio Springs HOA fee"" is meaningless — the correct question is always *which association, and what does it cover*.

The main Tapatio Springs Homeowners Association, Inc. is managed by Alamo Association Management Group out of San Antonio, and its filed certificate discloses a **$250 transfer fee** (recorded Kendall County Instrument #390661, filed July 19, 2024). Note that the management company's San Antonio address is where the manager sits — it says nothing about where the property is.

## The resort and golf club are separate money

The golf course, clubhouse, and resort operate commercially. They are not the residential HOA, and owning here does not make you a member. Golf memberships have their own initiation fees and monthly dues in tiers. Some home purchases have historically been marketed with an introductory membership attached; that is a deal term to get in writing, not a standing feature.

The practical upshot: you can own a home at Tapatio Springs and pay nothing to the golf club, or you can be a club member without living here. Two separate decisions, two separate budgets.

## Schools

**Boerne ISD.** A point inside the community returns **Fabra Elementary, Boerne Middle School North, and Boerne High School** through Boerne ISD's InfoFinder lookup (queried September 2026). Confirm your specific address with the district — Boerne ISD redrew elementary boundaries in 2024 and warns that addresses near boundary lines need verification.

## Jurisdiction and location

Kendall CAD shows **no city taxing unit** on Tapatio Springs parcels — this is **unincorporated Kendall County**, not inside the City of Boerne.

The drive matters here. Tapatio Springs is genuinely west of Boerne, out Johns Road. Getting to the H-E-B, to I-10, or to the high school is a real drive on two-lane road, and in the dark it is a deer-heavy one. People who love it here consider that a feature. People who need to be somewhere at 7:40 a.m. every morning should drive the route at that hour before they commit.

## Utilities

Utility service has not been independently verified for each section and is not disclosed on the management certificates. Given the resort infrastructure, some sections are on central systems — but do not assume it, and do not assume the condominium sections and the outlying single-family lots are on the same arrangement. Confirm water and wastewater in writing for the specific property.

## Who it suits

It suits a golfer who will actually play the course, a lock-and-leave buyer who wants a low-maintenance condominium in a scenic setting, or a second-home buyer who wants Hill Country without building. It suits someone who values the setting over proximity.

It does not suit a buyer who wants to be close in to Boerne, who needs a consistent HOA structure they can understand in one phone call, or who assumes a golf-course address includes golf. It also does not suit someone who wants a uniform, fully owner-occupied street — the mix here is genuinely mixed.

## Talk to someone who works this market

Heath Shepard is a licensed Texas REALTOR with Keller Williams, working Boerne, Fair Oaks Ranch, and Kendall County. If you want current Tapatio Springs listings, help figuring out which association and which dues apply to a specific unit, or an honest read on the club economics, reach out through theheathshepardrealestateteam.com.

Call or text **[830-446-3847](tel:+1-830-446-3847)** · Email **[heath.shepard@kw.com](mailto:heath.shepard@kw.com)**","Boerne","Kendall","","","78006","Boerne ISD","Fabra Elementary","Boerne Middle School North","Boerne High School","","Mandatory, but fragmented — several separate associations (Tapatio Springs HOA, The Ridge, The Gardens, Highlands, Heartland, Ridgeview Condominiums). The resort and golf club are NOT the HOA.","","","","","","","","","","","","draft"
"The Ranches at Creekside","the-ranches-at-creekside-boerne-tx","The Ranches at Creekside, Boerne TX — Guide, HOA, Schools","The Ranches at Creekside, Boerne: 532 homes on 306 platted acres inside City of Boerne limits. HOA fees, builders, schools, and honest fit.","","Despite the name, The Ranches at Creekside is not a ranch community. It is a conventional suburban subdivision on the east side of Boerne off Ammann Road, and it is one of the larger active new-construction neighborhoods in the city limits. Every street is named for a creek — Barton Creek, Beech Creek, Boulder Creek, Capano Creek, Carrizo Creek, Cimarron Creek, Cinnamon Creek, Coldwater Creek — which makes navigating it by address a small exercise in concentration.

## The numbers

Kendall County Appraisal District parcel records show **532 parcels across roughly 169 platted acres**, with **428 already improved** (Kendall CAD GIS parcel layer, retrieved September 2026). About 80% built out, so there is still active construction.

The association's own filed management certificate describes the underlying land as a tract of **approximately 306.76 acres** conveyed by special warranty deed and recorded in Kendall County. The difference between that figure and the 169 platted acres on the appraisal roll is the part not yet platted into lots — so more phases are coming.

Lots: 10th percentile about **0.164 acres**, median **0.209 acres**, 90th percentile about **0.335 acres**. Builders market these around 65-foot widths.

Current Kendall CAD market values on improved parcels: **median near $599,000**, 10th percentile around $513,000, 90th around $716,000. Appraisal-district values, not list prices.

## Housing stock

Production new construction. Highland Homes and Perry Homes have both been active here with their standard Texas plan libraries — one and two-story, three to five bedrooms, studies and game rooms, stone-and-stucco elevations. This is a predictable, warrantied product with design center options, not custom work.

Sections built at different times look different. Walk the older streets and the newest ones before you choose.

## Jurisdiction — inside the City of Boerne

Kendall CAD parcel records show the **City of Boerne** as a taxing unit on all 532 parcels. Inside the city limits: city water and sewer, city trash, Boerne PD, city tax line. No well, no septic, and — importantly — **no utility district levy**, which distinguishes it from Esperanza across town.

If you are comparing The Ranches at Creekside against Esperanza on payment, that difference in tax structure is the thing to model. Do not compare list prices alone.

## HOA

**The HOA is mandatory.** The association is **Ranches at Creekside Property Owners Association**, managed by FirstService Residential San Antonio (TREC management certificate, plats recorded Kendall County; Unit 4B plat Document No. 2020-349856).

The filed certificate discloses closing costs clearly: a **$375 resale certificate fee**, a **$340 transfer fee**, a **$150 refinance fee**, and a **$500 working capital fee**.

**The recurring annual assessment is not disclosed** on the certificate. Get it from FirstService Residential before your option period ends.

## Amenities

Walking and biking trails and green space are in place. Secondary sources describe a **developer-planned amenity center that was not yet built** as of their publication.

If an amenity center factors into your decision, get it in writing from the developer: what is planned, what is funded, and what the delivery date is. Planned amenities at partially built subdivisions slip regularly, and a rendering in a sales office is not a commitment. Ask whether the HOA budget currently includes operating costs for it — that tells you whether it is real.

We found no source confirming the community is gated, and its location inside city limits suggests public streets.

## Schools

**Boerne ISD.** A point inside the neighborhood returns **Cibolo Creek Elementary, Capt. Mark Tyler Voss Middle School, and Champion High School** through Boerne ISD's own InfoFinder lookup (queried September 2026).

Confirm your specific address. Boerne ISD redrew elementary boundaries when Viola Wilson Elementary opened in August 2024, and a subdivision still adding phases is exactly the kind of place where future boundaries may shift.

## Location and commute

East Boerne off Ammann Road, reached from Highway 46 East. You are close to the Highway 46 retail corridor, a short run to downtown Boerne, and a reasonable drive to I-10. Champion High School is nearby, which matters if you have teenagers driving themselves.

## Who it suits

It suits a buyer who wants new construction with a builder warranty, city utilities without a utility district tax, and a straightforward Boerne address at a mid-market price. It suits families who want to be on the Champion side of town.

It does not suit anyone who wants acreage, trees, or privacy — the name notwithstanding, lots are about a fifth of an acre. It does not suit a buyer who wants a finished neighborhood; construction will continue. And it does not suit someone buying on the promise of an amenity center without verifying that it is funded.

## Talk to someone who works this market

Heath Shepard is a licensed Texas REALTOR with Keller Williams, working Boerne, Fair Oaks Ranch, and Kendall County. If you want current Ranches at Creekside listings, or a clear side-by-side of what this neighborhood costs monthly versus Esperanza or Regent Park, reach out through theheathshepardrealestateteam.com.

Call or text **[830-446-3847](tel:+1-830-446-3847)** · Email **[heath.shepard@kw.com](mailto:heath.shepard@kw.com)**","Boerne","Kendall","","","78006","Boerne ISD","Cibolo Creek Elementary","Capt. Mark Tyler Voss Middle School","Champion High School","","Mandatory — Ranches at Creekside Property Owners Association, managed by FirstService Residential San Antonio.","","","","","","","","","","","","draft"
"The Woods of Boerne","the-woods-of-boerne-tx","The Woods of Boerne, TX — Neighborhood Guide, HOA, Schools","The Woods of Boerne: 202 homes on wooded lots inside city limits, across Hwy 46 from Champion High. HOA fees, schools, and an honest fit assessment.","","The Woods of Boerne is a small, tucked-in neighborhood on Highway 46 East, essentially across the road from Champion High School. The name is accurate — this is one of the better-canopied newer subdivisions in town, and the street names lean into it: Alder Woods, Arbor Woods, Enchanted Woods, Massey Woods, Noble Woods, Woods Crossing.

It is easy to drive past. Entrances off a state highway rarely announce themselves, and this one does not.

## The numbers

Kendall County Appraisal District parcel records show **202 parcels across roughly 68 acres**, with **188 already improved** (Kendall CAD GIS parcel layer, retrieved September 2026). At 93% built out with only 68 total acres, this is a compact, essentially finished neighborhood. There is no future phase coming.

Lots: 10th percentile about **0.165 acres**, median **0.193 acres**, 90th percentile about **0.377 acres**. Call it a fifth of an acre typical, with a handful of larger lots at the edges.

Current Kendall CAD market values on improved parcels: **median near $536,000**, 10th percentile around $435,000, 90th around $685,000. Appraisal-district values, not asking prices.

## Housing stock

Single-family homes, mostly two-story, in the 2,300 to 4,100 square foot range depending on plan. Three-car garages are common. Elevations run stone-and-stucco with some board-and-batten accents. This was production-built to a move-up buyer, not a starter buyer — floor plans tend to include a study, a game room, and a formal dining room.

The lots being wooded is a real differentiator in this price band. Most subdivisions in Boerne at this price were scraped flat and replanted. Several streets here kept mature oaks, and it changes how the neighborhood feels in August.

## Jurisdiction — inside the City of Boerne

Kendall CAD parcel records show the **City of Boerne** as a taxing unit on all 202 parcels. This is inside the city limits: city utilities, city police, city trash, and a city tax line. On a fifth-acre lot that is what you want — you are not dealing with a septic system or a well.

## HOA

**The HOA is mandatory.** The association is **Woods of Boerne Homeowners Association, Inc.**, managed by Alamo Management Company out of San Antonio (amended and restated TREC management certificate, recorded Kendall County Instrument #403047, filed October 22, 2025).

The filed certificate discloses the closing-table charges clearly: a **$500 working capital assessment**, a **$250 resale transfer fee**, and a **$250 resale certificate fee**, with rush tiers up to $450 and a $75 update fee. Those are reasonable and in line with peers.

**The recurring dues amount is not disclosed** on the management certificate, and we could not verify it from a primary source. Texas only requires transfer-related fees on that filing. Get the current annual or quarterly assessment from Alamo Management directly before your option period ends.

The community is commonly described as gated. We were not able to confirm that from a primary source, and the fact that it sits inside city limits raises the question of whether the streets are public or private. Verify it on a drive-through — it takes thirty seconds and it affects both access and who maintains the pavement.

## Schools

**Boerne ISD.** A point inside the neighborhood returns **Dr. Ferdinand L. Herff Elementary, Boerne Middle School North, and Boerne High School** through Boerne ISD's own InfoFinder lookup (queried September 2026).

This is a genuinely counterintuitive result and worth pausing on: **The Woods of Boerne is directly across Highway 46 from Champion High School, but it is zoned to Boerne High School.** Proximity is not zoning. If you are buying here specifically because of a school, run your exact address through the district's lookup and confirm it in writing. Boerne ISD also redrew elementary boundaries when Viola Wilson Elementary opened in August 2024, so anything published before then is unreliable.

## Location and commute

Highway 46 East puts you a few minutes from the H-E-B and the main retail corridor, and a reasonable run to I-10 for the San Antonio commute. Downtown Boerne and the Hill Country Mile are close — a short drive, not walkable, but close enough to be routine.

Being on a state highway has the usual tradeoff. Access is excellent. Turning left out of the neighborhood at 5:15 p.m. is less excellent. Drive it at rush hour.

## Amenities

Modest. There is no pool or clubhouse that we could confirm. The selling points here are the trees, the lot sizes, the location, and the small scale — 202 homes is a neighborhood you can actually learn.

If a pool or an amenity center is a requirement for you, this is not the one; Regent Park, Esperanza, and Southglen all have more.

## Who it suits

It suits a move-up buyer who wants a larger house on a wooded lot inside Boerne city limits, with a short drive to shopping and a manageable commute. It suits someone who values mature trees and a finished, quiet neighborhood over an amenity package.

It does not suit a buyer who wants acreage or a view. It does not suit someone who wants a community pool, a gym, or an active social calendar. And it does not suit anyone assuming the high school across the street is the assigned high school — it is not.

## Talk to someone who works this market

Heath Shepard is a licensed Texas REALTOR with Keller Williams, working Boerne, Fair Oaks Ranch, and Kendall County. If you want current Woods of Boerne listings, or a straight answer on dues, gating, and which schools a specific address actually feeds, reach out through theheathshepardrealestateteam.com.

Call or text **[830-446-3847](tel:+1-830-446-3847)** · Email **[heath.shepard@kw.com](mailto:heath.shepard@kw.com)**","Boerne","Kendall","","","78006","Boerne ISD","Dr. Ferdinand L. Herff Elementary","Boerne Middle School North","Boerne High School","","Mandatory — Woods of Boerne Homeowners Association, Inc., managed by Alamo Management Company.","","","","","","","","","","","","draft"
"The Woods of Frederick Creek","the-woods-of-frederick-creek-boerne-tx","The Woods of Frederick Creek, Boerne TX — Guide, HOA, Schools","The Woods of Frederick Creek, Boerne: 214 homes near downtown inside city limits. HOA fees, German street names, schools, and who it fits.","","The Woods of Frederick Creek is a compact neighborhood on the west side of Boerne near Johns Road, close enough to downtown that it is one of the few modern subdivisions where walking to the Hill Country Mile is at least arguable. The street names lean hard into Boerne's German heritage — Bonn, Brunswick, Hagen, Kassel, Krieg, Kasper, Fischer, Benton, Chisholm — which is a nice touch in a part of town that earns it.

## The numbers

Kendall County Appraisal District parcel records show **214 parcels across roughly 67 acres**, with **207 already improved** (Kendall CAD GIS parcel layer, retrieved September 2026). At 97% built out on 67 acres, this is a small, finished neighborhood. Nothing more is coming.

Lots: 10th percentile about **0.14 acres**, median **0.17 acres**, 90th percentile about **0.28 acres**. Small, conventional suburban lots.

Current Kendall CAD market values on improved parcels: **median near $458,000**, 10th percentile around $391,000, 90th around $540,000. That is a tight, accessible band — one of the more attainable neighborhoods in Boerne proper. Appraisal-district values, not asking prices.

## Housing stock

Production single-family homes, with Armadillo Homes identified as the builder in secondary sources. Development dates to roughly 2010. Expect one and two-story plans, conventional elevations, attached garages, and small yards.

Because the neighborhood built out over a relatively short window, the homes are consistent in age and condition — most are now in the 12-to-16-year range, which is the window where original roofs, water heaters, and first HVAC systems come due. Factor that into an offer.

## Jurisdiction — inside the City of Boerne

Kendall CAD parcel records show the **City of Boerne** as a taxing unit on all 214 parcels. Inside the city limits: City of Boerne water, sewer, and electric service, city trash, Boerne PD. This is a real advantage on a sixth-acre lot and it is one of the main reasons this neighborhood makes sense at its price.

## HOA

**The HOA is mandatory.** The association is **WFC Community Association, Inc.**, managed by RealManage (TREC management certificate, recorded Kendall County, filed May 9, 2022). Note the legal name — searching for ""Woods of Frederick Creek HOA"" may not find it.

The filed certificate discloses a **$375 transfer fee** and a **$325 resale certificate assembly fee**.

**The recurring dues amount is not disclosed** on the certificate. One secondary source states $150 per quarter, but that is unverified and we are not going to present it as fact. Confirm with RealManage directly before your option period ends.

We found no source confirming the neighborhood is gated, and its location inside city limits suggests public streets.

## Schools

**Boerne ISD.** A point inside the neighborhood returns **Fabra Elementary, Boerne Middle School North, and Boerne High School** through Boerne ISD's own InfoFinder lookup (queried September 2026).

Confirm your specific address with the district. Boerne ISD redrew elementary boundaries in August 2024 when Viola Wilson Elementary opened, and this neighborhood sits close enough to the Fabra and Curington boundary that verification is worth the phone call.

## Location and commute

This is the neighborhood's best feature. You are on the west side of town near Johns Road, minutes from downtown Boerne, minutes from Boerne High School, and a straightforward run to I-10. For a buyer who wants to be genuinely *in* Boerne rather than on the edge of it, this is one of the better-positioned modern subdivisions in the city.

Downtown is close. Whether it is walkable depends on which street you are on and how you feel about walking a mile each way — call it bikeable and honest.

## Amenities

Minimal. We found no confirmed pool, clubhouse, or amenity center. The dues here are correspondingly modest, and the value proposition is location and price rather than facilities.

If you want a pool and a gym in the HOA, look at Regent Park or Esperanza instead — both cost more per month for the privilege.

## Who it suits

It suits a buyer who wants to live close to downtown Boerne, inside the city limits, on full city utilities, at one of the lower price points available in town. It suits a first-time buyer, a downsizer, or someone who works in Boerne itself. It suits people who would rather spend their money on location than on amenities.

It does not suit anyone who wants acreage, privacy, or a view. It does not suit a buyer who wants a community pool. And it does not suit someone expecting a brand-new house — this stock is now a decade-plus old and priced accordingly.

## Talk to someone who works this market

Heath Shepard is a licensed Texas REALTOR with Keller Williams, working Boerne, Fair Oaks Ranch, and Kendall County. If you want current Woods of Frederick Creek listings, or help judging what a 2010-era house here will need, reach out through theheathshepardrealestateteam.com.

Call or text **[830-446-3847](tel:+1-830-446-3847)** · Email **[heath.shepard@kw.com](mailto:heath.shepard@kw.com)**","Boerne","Kendall","","","78006","Boerne ISD","Fabra Elementary","Boerne Middle School North","Boerne High School","","Mandatory — WFC Community Association, Inc., managed by RealManage.","","","","","","","","","","","","draft"
"Trails of Herff Ranch","trails-of-herff-ranch-boerne-tx","Trails of Herff Ranch, Boerne TX — Neighborhood Guide, HOA, Schools","Trails of Herff Ranch, Boerne: 583 homes inside City of Boerne limits, Kendall County. HOA fees, the working capital charge, schools, commute.","","Trails of Herff Ranch is one of the most practical buys in Boerne, and that is the whole point of it. It is inside the city limits, it is close to everything, the lots are small, the houses are conventional, and the prices are among the most approachable of any established neighborhood with a genuine Boerne address.

You get in off Herff Road near Highway 46, and the street names tell you the era: Cactus Flower, Cactus Pear, Brown Hawk, Cold River, Dusty Corral, Coyote Circle, Clear Water. Curving streets, sidewalks, front-loaded garages, young-to-middling trees.

## The numbers

Kendall County Appraisal District parcel records show **583 parcels across roughly 270 acres**, with **569 already improved** (Kendall CAD GIS parcel layer, retrieved September 2026). At 98% built out, this is a finished neighborhood — what you see is what it will be. That is worth something. You are not buying next to a future phase.

Lots are small and consistent: 10th percentile about **0.114 acres**, median **0.138 acres**, 90th percentile about **0.22 acres**. Roughly a sixth of an acre is the norm.

Current Kendall CAD market values on improved parcels: **median near $388,000**, 10th percentile around $320,000, 90th around $480,000. That is the tightest and most affordable band of any established Kendall County neighborhood covered in this guide. These are appraisal-district values, not list prices.

## Housing stock

Production-built single-family homes, predominantly from the 2007-2017 window, in one- and two-story plans. Three to five bedrooms is the normal range. Elevations are stone-and-stucco or stone-and-siding, standard suburban massing. You will not find custom architecture here, and you will not pay for it either.

Because the community filled in over roughly a decade in eight platted units, the older sections have mature landscaping and the later ones do not. Walk both before you decide which part you want.

## Jurisdiction — inside the City of Boerne

Kendall CAD parcel records show the **City of Boerne** as a taxing unit on every parcel in Trails of Herff Ranch. This is genuinely **inside the city limits** — which means Boerne PD, City of Boerne utilities, city trash, and a city property tax line on your bill. That distinguishes it from the acreage communities out in unincorporated Kendall County, where you get a lower tax rate and no city services.

For most buyers looking in this price band, being inside the city is a feature, not a cost. City water and sewer beats a well and a septic field when you are on a sixth of an acre.

## HOA — and the transfer charge that catches people

**The HOA is mandatory.** The association is the **Homeowners Association of Herff Ranch in Boerne, Inc.**, managed by RealManage (TREC management certificate, recorded Kendall County, filed November 30, 2021). Note the legal name differs from the marketing name — you will see the neighborhood called ""Trails of Herff Ranch,"" ""Trails at Herff Ranch,"" and just ""Herff Ranch."" They are the same place.

The filed certificate discloses the closing costs, and one of them is unusual enough to flag: a **$375 resale certificate fee**, a **$325 transfer fee**, and a **working capital charge of the greater of $100 or 15% of the sale price, due from the purchaser at closing.**

Read that again. Fifteen percent of the sale price as a working capital contribution would be an extraordinary figure — far outside the norm, where working capital charges are typically a few hundred dollars or a couple months' assessments. Either this provision is being applied differently in practice than it reads, or it is a drafting artifact in the filing. **Do not close on a home here without getting the actual working capital figure confirmed in writing by RealManage before your option period ends.** This is the most financially significant unverified item in this guide.

The recurring dues amount is not disclosed on the management certificate — Texas only requires transfer-related fees there. Get the current assessment from RealManage directly.

## Schools

**Boerne ISD.** A point inside the community returns **Cibolo Creek Elementary, Capt. Mark Tyler Voss Middle School, and Champion High School** through Boerne ISD's own InfoFinder lookup (queried September 2026).

Worth noting: this is a Champion High School neighborhood, not a Boerne High School one, despite being closer to the center of town than several Boerne High neighborhoods. Boerne ISD's boundaries do not follow intuition. Confirm your specific address with the district, especially given the 2024 elementary boundary redraw.

## Location and commute

This is the strongest argument for Trails of Herff Ranch. You are minutes from Highway 46, minutes from the H-E-B, and a short run to I-10. Downtown Boerne and the Hill Country Mile are close enough to be a normal Saturday rather than an expedition. Commuting into San Antonio is about as good as it gets from a Boerne address.

## Amenities

Community pool, playground, sport court, and green space with a connected trail network. Modest, maintained, and appropriate to the dues level.

One item to verify: sources disagree on whether the community is gated. Kendall CAD shows the neighborhood inside the City of Boerne, which usually implies city-maintained public streets rather than private gated ones. Confirm before relying on it either way.

## Who it suits

It suits a first-time or move-up buyer who wants a Boerne address, Boerne ISD schools, and city utilities without an acreage price tag. It suits someone who wants a finished neighborhood with no construction traffic. It suits a commuter.

It does not suit a buyer who wants land, privacy, or a view. On a sixth of an acre you will know your neighbors well. It does not suit someone looking for custom character or mature oaks. And it does not suit anyone who signs without first nailing down that working capital number.

## Talk to someone who works this market

Heath Shepard is a licensed Texas REALTOR with Keller Williams, working Boerne, Fair Oaks Ranch, and Kendall County. If you want current Trails of Herff Ranch listings, or help getting the HOA's real closing figures confirmed before you are committed, reach out through theheathshepardrealestateteam.com.

Call or text **[830-446-3847](tel:+1-830-446-3847)** · Email **[heath.shepard@kw.com](mailto:heath.shepard@kw.com)**","Boerne","Kendall","","","78006","Boerne ISD","Cibolo Creek Elementary","Capt. Mark Tyler Voss Middle School","Champion High School","","Mandatory — Homeowners Association of Herff Ranch in Boerne, Inc., managed by RealManage.","","","","","","","","","","","","draft"
"Waterstone on the Guadalupe","waterstone-on-the-guadalupe-boerne-tx","Waterstone on the Guadalupe, Boerne TX — Guide, HOA, Schools","Waterstone on the Guadalupe, Boerne: 222 acreage parcels, private river parks, unincorporated Kendall County. HOA, schools, and the real commute.","","Waterstone is an acreage community northeast of Boerne with private river parks on the Guadalupe. The roads are named for Texas rivers — Concho, Llano, Nueces, Pecos, San Saba, Rio Brazos, Rio Colorado, Rio Frio — plus Guadalupe Bend, which is the one that tells you what people buy here for.

It sits off FM 3351, out past where the subdivisions stop and the ranch gates start.

## The numbers

Kendall County Appraisal District parcel records show **222 parcels covering roughly 1,266 acres**, with **181 already improved** (Kendall CAD GIS parcel layer, retrieved September 2026). About 82% built out, so there is still some vacant land trading.

These are real acreage lots: 10th percentile about **3.17 acres**, median **4.84 acres**, 90th percentile about **8.75 acres**. Five acres is the normal Waterstone lot.

Current Kendall CAD market values on improved parcels: **median near $961,000**, 10th percentile around $739,000, 90th around $1,294,000. Appraisal-district values, not asking prices. Compared to Cordillera Ranch or Sabinas Creek Ranch, Waterstone is the more affordable way into gated acreage with river access — that is its market position and it is a fair one.

## Housing stock

Custom homes on acreage, built across roughly the last two decades. There is no single architectural signature; you will see Hill Country limestone, some Texas farmhouse, and some fairly conventional stucco. Square footages vary widely because each was built for its owner.

Because lots are five acres, homes are far apart and largely invisible from the road. Expect long driveways, propane tanks, and detached shops. Horses are common in this part of the county.

## The river — what you are actually buying

The community's amenity is **two private riverfront parks on the Guadalupe**, with a pavilion, picnic tables, and grills, for swimming, fishing, and kayaking. Individual lots are generally not on the river; the river access is a shared, gated amenity.

That distinction is the one to get right. ""Waterstone on the Guadalupe"" does not mean your lot fronts the Guadalupe. A very small number of parcels may; most do not. If river frontage on your own deed matters to you, verify it on the survey — do not infer it from the subdivision name.

## HOA

**The HOA is mandatory.** The association is **Waterstone on the Guadalupe Property Owners Association**, a Texas nonprofit corporation, managed by Diamond Association Management and Consulting out of San Antonio (TREC management certificate, recorded Kendall County Instrument #361120, filed September 7, 2021).

The filed certificate discloses a **$175 property transfer fee** — notably modest compared to peers like Cordillera Ranch ($2,000 working capital) or Sabinas Creek Ranch ($340 transfer plus a $375 resale certificate).

**The recurring dues amount is not disclosed** on the certificate. One secondary source puts annual dues around $715, but we could not confirm that from the association, and secondary dues figures for Boerne neighborhoods are wrong often enough that you should not rely on it. Get the current assessment from Diamond Association Management directly.

## Jurisdiction and taxes

Kendall CAD shows **no city taxing unit** on Waterstone parcels. This is **unincorporated Kendall County** — no city property tax, no city services. Sheriff, not city police. County permitting. Rural fire response.

## Utilities — assume well and septic until told otherwise

We were not able to verify water and wastewater service for Waterstone from a primary source. Given five-acre lots this far out on FM 3351, individual wells and on-site septic systems are the overwhelmingly likely arrangement, but **that is an inference, not a confirmed fact.** Confirm it in writing for the specific property, and if it is a well, get the well log, the depth, the pump age, and a water quality test. On acreage in Kendall County that inspection line item is not optional.

## Schools

**Boerne ISD.** A point inside the community returns **Dr. Ferdinand L. Herff Elementary, Capt. Mark Tyler Voss Middle School, and Boerne High School** through Boerne ISD's own InfoFinder lookup (queried September 2026).

Confirm your specific address. Waterstone is spread over 1,266 acres, Boerne ISD redrew elementary boundaries in August 2024, and the district explicitly asks that addresses near boundary lines be verified with Administrative Services.

Be realistic about the bus. On five-acre lots this far from town, the school run is a real part of your day.

## Location and commute

This is the honest part. Waterstone is northeast of Boerne on FM 3351, and it is not close to anything. Getting to the H-E-B is a drive. Getting to Boerne High School is a drive. Getting to I-10 and then into San Antonio is a commute you will feel every single day.

People who live here have made peace with that, and in exchange they get five acres, oak trees, quiet, and a private stretch of the Guadalupe. It is a genuinely good trade for the right household. It is a miserable one for the wrong household, and the wrong household usually figures that out about eight months in.

Drive the route to your actual workplace, at your actual departure time, before you write an offer.

## Who it suits

It suits a buyer who wants acreage and real river access without Cordillera Ranch pricing, who works from home or has a tolerant commute, and who is comfortable with a well, a septic system, and county services. It suits people with horses, boats, and kayaks.

It does not suit a commuter with a hard 8:00 a.m. start in San Antonio, a family that wants to walk to things, or a buyer who has never owned on a well and does not want to learn. It also does not suit anyone expecting their own river frontage — check the survey.

## Talk to someone who works this market

Heath Shepard is a licensed Texas REALTOR with Keller Williams, working Boerne, Fair Oaks Ranch, and Kendall County. If you want current Waterstone listings, or help sorting out which lots actually touch the river and what the well and septic situation is, reach out through theheathshepardrealestateteam.com.

Call or text **[830-446-3847](tel:+1-830-446-3847)** · Email **[heath.shepard@kw.com](mailto:heath.shepard@kw.com)**","Boerne","Kendall","","","78006","Boerne ISD","Dr. Ferdinand L. Herff Elementary","Capt. Mark Tyler Voss Middle School","Boerne High School","","Mandatory — Waterstone on the Guadalupe Property Owners Association, managed by Diamond Association Management and Consulting.","","","","","","","","","","","","draft"
